{"version":10,"hash":{"type":"Buffer","data":"Z8FzzSxnD8p3cfm6LNG/isc4vMLbm5Cc9MFYwfA4vjzrQS/7TXvjMbWLo56z4BT3H38fM3xUlNiO68+x/hB1vJVAv3s6wtLsJXSkWQynp61ykyt/YOwV3X82/m3VEB3CNBNqsSIqgvN0k/u6hKos5LdoO2qOC+hq6V9gZuXWAZ0="},"indexValueMap":{"GGhULxaFg+sDwMKUuPaEfltkJel/gCl1WsnhUZn4wro=":{"valueMac":{"type":"Buffer","data":"hCTv0jIwb76w+vnkhttuz2k9w3ndeK8Vm1oTOfMLwZ0="}},"AAm7DJDeJvVmcJTQtqkDTyIfW9ZiHYNDsqo9/m3DU2Q=":{"valueMac":{"type":"Buffer","data":"4F/Jyv/OO32MoA51AYJjTfaRhjavZZ6rPREywItdijs="}}}}