{"version":18,"hash":{"type":"Buffer","data":"G0wje2TxxFD3J2LPjUcgACbPv5R7TbDO+fgM6afM7x5fldvxzaEB2bBqvPj2OX17qWy1MzSlbiHE/PzVI7pKqyEq1BYw0E7kkqwJNV+RQSHz2dl8n/kSLuXyfg+1iReMYm2pdcyvEMoVqZzK+cGgRGiHkCVyw5lV29EYo9//I5c="},"indexValueMap":{"ABMcjvbgHbtYwBW7dR3pDpz1buX1Pue5T6mrbGfxfso=":{"valueMac":{"type":"Buffer","data":"O5vKj75VnXKsjtBpMwq+5ZrHYialod++H60Xa3Ml+T4="}},"AoX+3tsx0y5/lGqWGCFhUgUQALc/ilx1rPrDK1ot7UY=":{"valueMac":{"type":"Buffer","data":"aGOApXbaCR25I4HwMbcZezZv/4CJSPWT/44XivsqAyc="}},"BkGmkjWOP9OJN3p4hjVJ1uTbeD9Xgh5W/v+aDGECJW4=":{"valueMac":{"type":"Buffer","data":"OwyR4h6xQoKkLaDChWIA5h7d1ncTRGJvcHnf8ScIIik="}},"COovK3oJDiePQ//B479DzYFtKgZPYRsGYds8Kpboz4E=":{"valueMac":{"type":"Buffer","data":"a7oODG3atiT76I+VRvGyQRBBxK8DTz9iyQimRWU1hAI="}},"CewdBSeJ0i18PaDAMpj+A7T0nsjw8KhFg3MUZTsZc2c=":{"valueMac":{"type":"Buffer","data":"tfKRgcdb5TdU02KI//kRbWMIEBiSrPD/NFHQDz6rTY4="}},"ECPz0c3N7uBZI5a0Xug64foqWYXcWeSc8o5+UTfDFig=":{"valueMac":{"type":"Buffer","data":"k1iknK2+aY2N6pyyH/IGYX1OGvReOXIzLpYj17hESTo="}},"EDvHICKC39u5bVj1vt17svTE5xwEA0kOLTWleuch2qY=":{"valueMac":{"type":"Buffer","data":"epJUCeYrNDk0cxQcdN6qOftI9DgtEuA+tm15G1fP6rQ="}},"GA88qaIuPCjojG35pI5EWEYSyBcHuUNZGmb29xeEEcc=":{"valueMac":{"type":"Buffer","data":"iVETc50SYgcF41FLbccYlbD/XgvNQUyUZjI5iWaOp3o="}},"Hn131eP9Gm/EZ4xx+VJmytjLGL/JEj2P2HT0AuQmKgU=":{"valueMac":{"type":"Buffer","data":"K1oYZSDEhTflWUrdp/oeo8hnuP0LUY4F5zqZko6CtK8="}},"H5v25i8kqDxETszDcM7t9346Mx0lDiL5QgI29Np3lfA=":{"valueMac":{"type":"Buffer","data":"5fCebEz9J6l6H47jT3HV8Jw6vIlcmh+zQk5+JTYN0ms="}},"IK2xHZEuFmr/zxsRHytCSOMNE8ZiDZUAwshx3qAi4+w=":{"valueMac":{"type":"Buffer","data":"32g7i0o+aHgNW7w9IWYhyuCNS/f+uVGhUIZikBulnFw="}},"Iq3FceEreUmQVuJPN3ImdysOMNyd43OPInPZ82YxlQQ=":{"valueMac":{"type":"Buffer","data":"ajVs1cES6FUX4gX2UGQ3XH6NToeB524943vNZ94tICs="}},"Is9hWSi8MzBluIv7RqKhe2Da9tY/Yrt7AMeiJQMdb/I=":{"valueMac":{"type":"Buffer","data":"JfC6HVAXUeKxmKUngZyEBsC5PG3IGPr5lkGZm64yC3c="}},"KpTEt2is/JDcAZctf4FYpQb4TfUDmQo0UA+DO649Ak0=":{"valueMac":{"type":"Buffer","data":"N9apTsjdkS3phBoyXPAb1YyK5y9BoF1BW/N9G+PWbd8="}},"Kv725qzekQmwCy5Mfv+n2i5EA0gtSPRhjuD+djib8T0=":{"valueMac":{"type":"Buffer","data":"Kd0ftjmZvl2aaMeaz9vkHP+BSuhNvIDZXLBWNRwrAf4="}},"NtGn0q61whRhIsryJjyI0OTvLEYayRkZUTQiE8z6OYM=":{"valueMac":{"type":"Buffer","data":"T/uUEpFxhMZcxMuz4d8miC817Ezx2nYzQ9J+VJ6o2ow="}},"OJBWq6dQ0F4p2OSKLR+iM4V0+ePFq/YPZUrXb1YvsZY=":{"valueMac":{"type":"Buffer","data":"1FcoBYSiRPAIdZOmixjlSMvyqwCb1s/BfockuQpJNYc="}},"Ofq6rh3OfGjMrqjNFhfS5qdC25anjETLUWAiIHIYpiw=":{"valueMac":{"type":"Buffer","data":"o5EXFJeObSrCXqVPWjAOblowtFCBqRMvo21mJEjQFSI="}},"Ows3IMjj1XDPQPImC+ybFRaICSj5F9Vh5TLxeVmc9cs=":{"valueMac":{"type":"Buffer","data":"hn4mOExGy5POcleYkMs+ChuOLLj1qiPtQHyPwqvmdMI="}},"Qq4jMo/NbGEAYXLFTA6TlPUC5+6PuKSFsdZWCnpUaIY=":{"valueMac":{"type":"Buffer","data":"+uHvbIPoO1LyclLhK5M8pAFIc5qweZoGLeSFjQb6Xdw="}},"RFEkESVfCUoFCSXmCCgDTHVIccURxyQiOk5BnXCQpnA=":{"valueMac":{"type":"Buffer","data":"ZqlSiauwJakeByA9biEOTlHzF4MullT+6/OF1irW2iM="}},"Ty3bb2dLSjO+kjpZ73PLHnWucIxdkyP3K6fhY6MQ3/U=":{"valueMac":{"type":"Buffer","data":"z0et+Dqpr0AQQe7zDA4rTsQRC6EN/x76+H01QdGHPws="}},"T4C7ub9+plJkhYMCiGbJCxEJiPDf5RsYtwNdNRYNVhg=":{"valueMac":{"type":"Buffer","data":"ND0zEbdZrLmVLUnTkyekUBWQyM9n9Zl3ZZLyM40mFNY="}},"WrBNYeIvIHcfR1jrdv9mSvB8fQc+QwCxzZ8UJkLvTOM=":{"valueMac":{"type":"Buffer","data":"IPeIqUrfHNFaQCUJn/5/6I1nBljV+GQq/vbTq6Atx6k="}},"X+z4LuR13o3vIpSa+TaMcTNdP9Ha0jlJ/0awK0zQgY0=":{"valueMac":{"type":"Buffer","data":"D922T7hmT3Cs4RwgLAs0+BRXl2gjA/dW7KFHLEn4aSk="}},"Ych/A4IdhmgSgf8K2+tvNx8+pg06ikrqrLuNgU9vcS8=":{"valueMac":{"type":"Buffer","data":"/abjYXEXQVjzAjS4tQPHh+QATbJweqvcJ2NgW2KFr+k="}},"bqj1BU53uFnBqX7NauXhsuQyVvgbNvfsRl5WrzY3oT0=":{"valueMac":{"type":"Buffer","data":"pzY8P0Ctgf6Xc+J4t2BO34GdZTISFTa8GVxIbNL0fZ4="}},"cPfEMzORvgmYSRf8sEztQ0IjYTwj+52MQ0516qWca30=":{"valueMac":{"type":"Buffer","data":"jUEkjY65zr3urcuW3bff1XFxqpAxwhhydvrSiMtHVos="}},"czc20o8TUB/Dby09nRczjpb0yJtCUuUXlfRwrP3n8xY=":{"valueMac":{"type":"Buffer","data":"DtIoMSj6+G3FOTX3Qq/9hPCXaR//qwqg2ReosScagQw="}},"dm0j2s+Fq17SWC8YU1YnDP4PzN/FD6yFOH5GdQa9kjo=":{"valueMac":{"type":"Buffer","data":"jChEOPgdEgwABckD62oYHZuB5y13iSsQCkmAp4B3HFY="}},"fLDGy5HDyVYUqNIpQMQw4kw7dodzT3vNKz+qGlrSJl4=":{"valueMac":{"type":"Buffer","data":"zJ0hpE+zXfDk8P8JCsEmOPvA1Y1V3dw5CqN2CTyLPDM="}},"feSOYkOODaDfKkPUxKlMbHpYbBXUJXub+d8oBc0eh9o=":{"valueMac":{"type":"Buffer","data":"N+CRslbNUDZH3GMHnwKAOQYDMx4QeTIEKYMWmbBbYmQ="}},"haV4jTuHkfhb0qNesE4QMO5A12EDgbg3VaL64vcZBnY=":{"valueMac":{"type":"Buffer","data":"y1wAR1Li+DhP46UcijAhT5Ina/qugJ7uCHRRwoXills="}},"hb4qJQqQG+4bKi1aoqIRFl7xxyCMoTybal3y9HuyCkM=":{"valueMac":{"type":"Buffer","data":"oIGsHilFTmqA/rjQ7nCpb+4jwSUIhTMXo6T1bo6lMWw="}},"iI8TrQlx/2KcSnrAl/D310NYlriL7TOc1rDvp6E1xxw=":{"valueMac":{"type":"Buffer","data":"BWdqdUIET7bVYvlzG/qkF2iOb5NSxbTn7jnAphs9VD8="}},"jr3C8hqKjPbLfOgHclpps1xPBRgnzmPPDWebxbwPSTA=":{"valueMac":{"type":"Buffer","data":"OBeDg30rPmahFe2zWPgKGfVkRuePafb4OpAqMNeFyIM="}},"kQP2es+kHNWrQxPgc/JcveQocl7p5a3QKOGS7HHqRm4=":{"valueMac":{"type":"Buffer","data":"F7zwwy42Nm0NDSu7fdxbfrfg6z94x38t1bG6EDe2oW0="}},"k/2YDA9kM/EtrjGuCIeh8EMGW/70RNt5ayMh1UEZ7q4=":{"valueMac":{"type":"Buffer","data":"RqF12Kh+eoyhvkiavsGkYZ+h5KPY5QL4LiSxLcdgddM="}},"oMHi96XdPrY02HGn/HMpmFOiIB/i7Vg0XQlLY4W0A+M=":{"valueMac":{"type":"Buffer","data":"TjjMZ3zuJkiSEVC98HsGamHkWqBwzwtY6Z6O0HRuhVI="}},"pCeLGfyfHMIC0lHfyBvA4M0Qpjn6lgc8Z6GsfLB3HQ4=":{"valueMac":{"type":"Buffer","data":"HkSeysvY+qvF5OrpUyttMM9E7lklPvHxYso658y3il8="}},"pqxAYvMk33nnEGpYglOuMYuF1TtnjbnJf95XgFP+q7I=":{"valueMac":{"type":"Buffer","data":"xudwSiPcx9K9QUoUm0JF6GNifwjdEsZ6BSwaa1uQrns="}},"sVEapqYHNkejtITgP8/6MiTRnMelCM3seYLaQuORwmA=":{"valueMac":{"type":"Buffer","data":"gj4isqsYJiLgtQCUFnnO+g3qv1l5Rl406amShZVFQ90="}},"tTFxQwthxU7U1qpsxTEtU1oVxl6WqmfdNKMnWrVgieY=":{"valueMac":{"type":"Buffer","data":"FnXrKt01KL3aTgYTLG+eZ6KjFZ503y8vOvlwg9okYkc="}},"t7kjT4OoiT3MhdjRniQOKubV1TvQNRtS0HjmXkf/X7g=":{"valueMac":{"type":"Buffer","data":"dciwMc5TCurnZsQtj5RII7kPR9hdAlTJ734ZGSzMruU="}},"uOn+zBgnIuR9M27YMBsViaNCGJyABH3vvPquJr9RdvE=":{"valueMac":{"type":"Buffer","data":"Pu4pzAcFgj/dhoh0BxGjGt8u2TofZE+ldLeEpW8z/r4="}},"wGSEMBI21bQBK/phdZdCpVpJ9VUmGjRcGe09oBUQSuQ=":{"valueMac":{"type":"Buffer","data":"o20MQLuY/YocYoY7gl+muz57jnVpzodaRhhzj2+GaY0="}},"wZmtLBHnTJ1d31SbzsLB9oaGLc6ERzcuFOb6EFtZllg=":{"valueMac":{"type":"Buffer","data":"UjW+n45Li0K5z5o5HbK5cTfOxresTeO8PB6nzzu0pW4="}},"xRfXkD2qcLrUdwD1c0RSh6YXZnohkOsquLYRkl7XNBQ=":{"valueMac":{"type":"Buffer","data":"lYeRYcMUavNuR5n8nMlvgzDLJdSAUAZmiMP76LLFUA8="}},"xmQzjrfwKVheROSXC7yfz3c85ZEMSwHGHPGBfbEsMyU=":{"valueMac":{"type":"Buffer","data":"JqOtJ36urruGOdy7FI799iNl0zK5ArdnRs6zZFUNV9A="}},"y6jRut9GUbTyCDZ+/ceMfkDW0JhKGartyvvaTStCruc=":{"valueMac":{"type":"Buffer","data":"YfuSwdK7CAbOwHYRX8ytmJS0sE7Hyhe2MRNiaJB8yAA="}},"y9mf2RnlsacD2CalAcYFItP44jTNWP+N6/O85VKkktw=":{"valueMac":{"type":"Buffer","data":"GOHmb4goyFER9EuvPdzvBs76sRlNQHCtx5+9n5HEp5U="}},"0tjNReZL1TamnSc8Xt4MULx+M9R22WfqZamqPA2itsw=":{"valueMac":{"type":"Buffer","data":"sLJDEjCmgX7mbAhNIg5E5p9BQwF/CWjIIb1QH4aOFVo="}},"1ON8LYd+5t/reaXiOflnIF65FvIQk8RDaW3dLNOMGQE=":{"valueMac":{"type":"Buffer","data":"KIAAwVE2RBYV8vNnaBJasSPJUmVW4GRZzm5B1RO8po0="}},"1hg8vdfmILGABrWpXy3ERdqow3ToWcBGyC1M9KiZdg8=":{"valueMac":{"type":"Buffer","data":"dWG3cj1dqJRRrGld9lDj4YrRnCDYm1ITyTN38Fr6fN8="}},"2VY+1GJwJCx1bqABbm8qHgTRz2flCdl+TDlTbB9JV7I=":{"valueMac":{"type":"Buffer","data":"WMyZbvPHlb0E3/Gm83YHNxx9pSrZJsOwqscRRC/zr+Q="}},"29+daPnE+oUjDyVAQq5+J+i9Oy4XOThYP+b08so8pQg=":{"valueMac":{"type":"Buffer","data":"qvGVWf8auC9wg4ZINyNJgxdb8IyEI2QI9Socb5LcaVA="}},"3aEm8UQSu6/krwtO6JG2t2aHL4TK75PsjvbgDUknT8g=":{"valueMac":{"type":"Buffer","data":"YpJod3TBCr+a02M8cArYRNkmtSXH0l4V4PEDY0tDMDc="}},"4YbvOsz5wx+xITw2of8zyQSaKPMHVdIBLbMsV59Vxx4=":{"valueMac":{"type":"Buffer","data":"GALBl0j7VivIesYUnmPA5njbdVxt2NgWdknXACs7y5g="}},"4zXwF5GYRAu9UCxtqJtSNrtuA9Ssfja+DaiV+ubIkQk=":{"valueMac":{"type":"Buffer","data":"zf3naHjQRCl4lv89lD8iZzztjNePao8P7ISzOCbK7gU="}},"5MviBW+eD2Ew+7VqVVwmp2CItKiqxxiILk8npr3JPa4=":{"valueMac":{"type":"Buffer","data":"QEqK12sReW4LsRRTaUf5yueWxt8vK5BO9hKGiuOxvL0="}},"+zW3mtAO9JqHmkeIj6wIcgwrMQL5ckjceYHrvXFObLM=":{"valueMac":{"type":"Buffer","data":"iidhbEcOAVJV/BL+l/u+Hs9kTAFZG2z1Z3DSSUkV6Ls="}},"A1w8tXMag8AsuBf8xr3PU+/4aU++n1qW8KVdOHiQVt0=":{"valueMac":{"type":"Buffer","data":"LR0hdVGVKhU6yYh//JR5J+l5BKryNaCjjJiqVuv3u/M="}},"HXCabJUgjD0bcurWYMbzlQpd+A6naICoCAqdxPo5qJk=":{"valueMac":{"type":"Buffer","data":"EqFfXKhONo4sLuLCC5qUqqugJwgFDpoDp9yv/uOly/o="}},"TyTP07iULORoFijdP1QhEd8ap5Lsm+1nP/Hj2NqdE/I=":{"valueMac":{"type":"Buffer","data":"j+FVF2i2qlUV/sWqGjkLnXHS76d3Wq1so46UUy2mT+8="}},"pfb5BN7XbIpzzGHSwKT2pNhz8QlvFh3QQht/EnmjxIE=":{"valueMac":{"type":"Buffer","data":"pqRhMvMm18oLNHWsFIdw8IfM8dWVimNczgkaYdhHa30="}},"U5vDN04+2Yb2L2N1ulNjCrWPUqxPZ0ZYU2+fpPJ//QY=":{"valueMac":{"type":"Buffer","data":"AoiA3dJ2Wb+g8A2Oz9Z+BQNRcYh2CZJcxHpzgNGuQZo="}},"JArx6309Z4/KQKTxoPipOdBUwSiRJKkGZGrAeABIQ4Y=":{"valueMac":{"type":"Buffer","data":"Ici6HxupKJe56UXKTf+7Z+G45jpiem/8BhGuJ6PIVuk="}},"aTPziOx4bXVo3M/a1800TDHUqn9sMhH6ArWLaGJUlwQ=":{"valueMac":{"type":"Buffer","data":"Zx+MZhieQNpggdSCyI/irAwscU724lFraocY2jycJGQ="}},"pyFzJDOYba66tSzB8XMzeBGSycbADdH0wIPwfaYDbOQ=":{"valueMac":{"type":"Buffer","data":"axyDTFRJXHA6jcUZ6gV0TVbZ4rcorB7Ys+W7n6yVLFM="}},"VFWyfjnGJSAfIyv0pkBsar/mnhRJvACKs3YFxgHkHmo=":{"valueMac":{"type":"Buffer","data":"aTNn2K84CwZDG9Vcc4mninome+6C66poUoXzAjJ+UPw="}},"Wvh/MK/ExjUO9zwVNHPuGvicBxGXZhRfdU7sNmLgwrc=":{"valueMac":{"type":"Buffer","data":"2UAxSMupXHsqqRJg1RJCA75+/0vzBgSPknMV+5MaRLQ="}},"Sl8a+7TKLYy1gNZQej/cTPJ/5KSLpti7PyxuwhzBctE=":{"valueMac":{"type":"Buffer","data":"zBbHFZMtt/LQ91suX9IvK4uTxxOgShGplwg5TZq8I48="}}}}