{"version":10,"hash":{"type":"Buffer","data":"R6oGL2VQWbt3/OIMzAjnDDRUWjNleTFvayMbh5KciIwWGBegLdOe9BMH8Y/WcUdpzBEKy8nfrs6YhZy8E9YwCk7pLrsO/TtnQkwhC3XbWJX+RbOiddUYKW5S6kutJivhaj1a5Da9VNRy2fKs1IjsMr+G/bcHrnfC7B1Sn57NxMw="},"indexValueMap":{"rq+GnTegyBucL0KHYG+PMq/nAQQxZdyZ9atGMiG/Gu8=":{"valueMac":{"type":"Buffer","data":"oFXaf2Hpr67tYD/xruk+CkY0nYGFFWU/6EGOm5zC9Rg="}},"1vTRExsWxAFp2TfiYdKXry/Ft1/mIQJ/R1WAZ7yX940=":{"valueMac":{"type":"Buffer","data":"SHd2Upjnh5UHI7H6fc/N0lU1E2i68EoQoCvW1PZDi8E="}},"/i9HU1tn3L3Gt4v+GItoChs5VIarNjHMflMUie5PdMQ=":{"valueMac":{"type":"Buffer","data":"kPycj6pybu1hnhg3nZmos1eWsKgpOJvtGLcLVO8jX3U="}},"ZT7Q99qOjJH8RiIHarRdlaWKzsK9mQo9/zbaMcT8rXA=":{"valueMac":{"type":"Buffer","data":"KHMBRpEtzU2fjD5TZO7HrehOIWUMFdLQ8eL5uTZLo4I="}},"zpP++DLNx8PZed9+jqGB970g5XoNvAaGaxxzYBbazg0=":{"valueMac":{"type":"Buffer","data":"eU/AjTkppFqs9svd5FoZ9O9iLVtp7nUcBdwO5XvPmJ8="}}}}