{"noiseKey":{"private":{"type":"Buffer","data":"oNHRv1GaNxN6INqAS1Ft792zlsYN98JjYcFGzxcWJkM="},"public":{"type":"Buffer","data":"+L0pmcc4rnVA0zIUsamO20puAXWQoEsx85Qj+TYW0AQ="}},"signedIdentityKey":{"private":{"type":"Buffer","data":"KAyOcn8PpOoUlPkD43yL145JNhajUQW5p1ltcHY/JnA="},"public":{"type":"Buffer","data":"io3N2ZuoqqBmMaqmPHX22P7rxpPCCwjGbiaxZiWUZUg="}},"signedPreKey":{"keyPair":{"private":{"type":"Buffer","data":"oFptv5anAn7tmP3WjNEbMddXHEufC5JmSqMR7GeQ71w="},"public":{"type":"Buffer","data":"A95FkpcZMR6KgwbaAhMJ0nmn7EJ2d5BSEjfYVEVsgSA="}},"signature":{"type":"Buffer","data":"9kKPkffehwdfSDPXzgTWT3FZSAnpH0YLGsU26VFJPEjXDZJOZFbtorckN1p4jYJ3kk7FGXKcmPpKA8GDBC6vhw=="},"keyId":1},"registrationId":252,"advSecretKey":"/uijHKGSFUrVwraeP4pKRR+0W1Qz0qjaO2ACjIs4V3E=","processedHistoryMessages":[{"key":{"remoteJid":"994402254375@s.whatsapp.net","fromMe":true,"id":"4B74B55F6AAE979E80A65048F009A791"},"messageTimestamp":1713269015},{"key":{"remoteJid":"994402254375@s.whatsapp.net","fromMe":true,"id":"739D3D82772B9FD2C7BE209DCA6CE105"},"messageTimestamp":1713269015},{"key":{"remoteJid":"994402254375@s.whatsapp.net","fromMe":true,"id":"AF0657B0DF645E79476CD6A1DE683E0D"},"messageTimestamp":1713269016},{"key":{"remoteJid":"994402254375@s.whatsapp.net","fromMe":true,"id":"52FEA7E8590B6933CE03F01ACFD8C5FB"},"messageTimestamp":1713269016}],"nextPreKeyId":79,"firstUnuploadedPreKeyId":79,"accountSyncCounter":1,"accountSettings":{"unarchiveChats":false},"account":{"details":"CJqGh6oBEJHS+bAGGAEgACgA","accountSignatureKey":"GI7QKkgmMdADEeu7lyuVqHF/im/yxzk4Hvo5TVv9+HY=","accountSignature":"D0tw77JU2JNy5Kkgmg8Ga21AJ7xBVRsvNItD611Krb8Cn7tBWh3zb+vhoeQFFRDrq2GoQuRu1dXVFqAjZP2dDw==","deviceSignature":"R2SZmQG0Jw4GdxLK/8WOIQ+NAa8u66NYf5m8KaTN8m4WmhgdP17ju+Aa/BeiuaVPvUPdEEJp3dS6XYJrq0l5gg=="},"me":{"id":"994402254375:46@s.whatsapp.net","name":"𝐒𝐇𝐀𝐃𝐎𝐖 .. ♡","jid":"994402254375@s.whatsapp.net"},"signalIdentities":[{"identifier":{"name":"994402254375:46@s.whatsapp.net","deviceId":0},"identifierKey":{"type":"Buffer","data":"BRiO0CpIJjHQAxHru5crlahxf4pv8sc5OB76OU1b/fh2"}}],"platform":"android","lastAccountSyncTimestamp":1713269093,"myAppStateKeyId":"AAAAAIBL"}