{"967778088098@s.whatsapp.net":true,"994402254375@s.whatsapp.net":true,"201149728943@s.whatsapp.net":true,"201065820689@s.whatsapp.net":true,"48699535582@s.whatsapp.net":true,"201272876006@s.whatsapp.net":true,"201272876006:3@s.whatsapp.net":true,"971558890965@s.whatsapp.net":true,"201127957622@s.whatsapp.net":true,"201023927559@s.whatsapp.net":true,"201007650208@s.whatsapp.net":true,"201033091755@s.whatsapp.net":true,"201093459047@s.whatsapp.net":true,"201093459047:5@s.whatsapp.net":true,"21696806612@s.whatsapp.net":true,"21696806612:4@s.whatsapp.net":true,"201033024135@s.whatsapp.net":true,"963992911223@s.whatsapp.net":true,"212638463399@s.whatsapp.net":true,"201000253196@s.whatsapp.net":true,"201277272498@s.whatsapp.net":true,"201277272498:2@s.whatsapp.net":true,"201140550850@s.whatsapp.net":true,"48729752921@s.whatsapp.net":true,"201025663589@s.whatsapp.net":true,"967716706499@s.whatsapp.net":true,"201015820808@s.whatsapp.net":true,"201015820808:22@s.whatsapp.net":true,"201005603546@s.whatsapp.net":true,"201207908093@s.whatsapp.net":true,"201508167058@s.whatsapp.net":true,"201508167058:1@s.whatsapp.net":true,"212688592218@s.whatsapp.net":true,"212688592218:6@s.whatsapp.net":true,"212719220791@s.whatsapp.net":true,"491785794235@s.whatsapp.net":true,"491785794235:6@s.whatsapp.net":true,"201229399829@s.whatsapp.net":true,"201229399829:1@s.whatsapp.net":true,"201508196851@s.whatsapp.net":true,"212780068721@s.whatsapp.net":true,"96872767471@s.whatsapp.net":true,"967782639511@s.whatsapp.net":true,"9647730788891@s.whatsapp.net":true,"212717643076@s.whatsapp.net":true,"212652564283@s.whatsapp.net":true,"967736719121@s.whatsapp.net":true,"201123034657@s.whatsapp.net":true,"201067867103@s.whatsapp.net":true,"201013107976@s.whatsapp.net":true,"201015488058@s.whatsapp.net":true,"201010015378@s.whatsapp.net":true,"212617467234@s.whatsapp.net":true,"212617467234:32@s.whatsapp.net":true,"212675338415@s.whatsapp.net":true,"9647707665525@s.whatsapp.net":true,"201154281299@s.whatsapp.net":true,"201154281299:9@s.whatsapp.net":true,"212621759922@s.whatsapp.net":true,"212607481889@s.whatsapp.net":true,"201144148194@s.whatsapp.net":true,"967775302218@s.whatsapp.net":true,"212669320550@s.whatsapp.net":true,"966544186090@s.whatsapp.net":true,"201013632508@s.whatsapp.net":true,"201032389641@s.whatsapp.net":true,"40735478271@s.whatsapp.net":true,"201023871999@s.whatsapp.net":true,"201112729267@s.whatsapp.net":true,"201007251128@s.whatsapp.net":true,"201050299830@s.whatsapp.net":true,"201050299830:8@s.whatsapp.net":true,"201016892396@s.whatsapp.net":true,"201205802071@s.whatsapp.net":true,"212630299152@s.whatsapp.net":true,"201556800551@s.whatsapp.net":true,"201100951347@s.whatsapp.net":true,"201554466706@s.whatsapp.net":true,"201286353885@s.whatsapp.net":true,"201286353885:22@s.whatsapp.net":true,"963953365082@s.whatsapp.net":true,"966503416828@s.whatsapp.net":true,"97433894615@s.whatsapp.net":true,"201207579455@s.whatsapp.net":true,"970569165491@s.whatsapp.net":true,"201096216537@s.whatsapp.net":true,"201113959296@s.whatsapp.net":true,"201013707101@s.whatsapp.net":true,"201020425203@s.whatsapp.net":true,"201020425203:1@s.whatsapp.net":true,"201020425203:2@s.whatsapp.net":true,"967777019795@s.whatsapp.net":true,"218918170325@s.whatsapp.net":true,"201112439662@s.whatsapp.net":true,"201224768985@s.whatsapp.net":true,"201224768985:7@s.whatsapp.net":true,"201224768985:8@s.whatsapp.net":true,"218928464879@s.whatsapp.net":true,"212777251712@s.whatsapp.net":true,"201013076095@s.whatsapp.net":true,"966502726803@s.whatsapp.net":true,"966502726803:48@s.whatsapp.net":true,"966502726803:49@s.whatsapp.net":true,"96178965440@s.whatsapp.net":true,"96178965440:11@s.whatsapp.net":true,"966565973723@s.whatsapp.net":true,"972598394644@s.whatsapp.net":true,"9647803970712@s.whatsapp.net":true,"970569757356@s.whatsapp.net":true,"967782546288@s.whatsapp.net":true,"212702605735@s.whatsapp.net":true,"201113319103@s.whatsapp.net":true,"201113319103:38@s.whatsapp.net":true,"48699551341@s.whatsapp.net":true,"967714588004@s.whatsapp.net":true,"971565558579@s.whatsapp.net":true,"971565558579:1@s.whatsapp.net":true,"966509343506@s.whatsapp.net":true,"966509343506:1@s.whatsapp.net":true,"966509343506:2@s.whatsapp.net":true,"212771756352@s.whatsapp.net":true,"201069583207@s.whatsapp.net":true,"963991296876@s.whatsapp.net":true,"212717332301@s.whatsapp.net":true,"971556119704@s.whatsapp.net":true,"971556119704:3@s.whatsapp.net":true,"971556119704:4@s.whatsapp.net":true,"971553527240@s.whatsapp.net":true,"212663649959@s.whatsapp.net":true,"967738983583@s.whatsapp.net":true,"201152840492@s.whatsapp.net":true,"201152840492:6@s.whatsapp.net":true,"201152840492:7@s.whatsapp.net":true,"212698545900@s.whatsapp.net":true,"249908250193@s.whatsapp.net":true,"212676969158@s.whatsapp.net":true,"201287993468@s.whatsapp.net":true,"212690943590@s.whatsapp.net":true,"201003691617@s.whatsapp.net":true,"201006947384@s.whatsapp.net":true,"201152694611@s.whatsapp.net":true,"201154960284@s.whatsapp.net":true,"96894116692@s.whatsapp.net":true,"971558556294@s.whatsapp.net":true,"966559225140@s.whatsapp.net":true,"966559225140:9@s.whatsapp.net":true,"96895739119@s.whatsapp.net":true,"26879870851@s.whatsapp.net":true,"26879870851:5@s.whatsapp.net":true,"963995859211@s.whatsapp.net":true,"201024662578@s.whatsapp.net":true,"201024662578:19@s.whatsapp.net":true,"201024662578:21@s.whatsapp.net":true,"97450764034@s.whatsapp.net":true,"97450764034:13@s.whatsapp.net":true,"97450764034:14@s.whatsapp.net":true,"963952419659@s.whatsapp.net":true,"963952419659:24@s.whatsapp.net":true,"212604687805@s.whatsapp.net":true,"212604687805:30@s.whatsapp.net":true,"306947351727@s.whatsapp.net":true,"201021889597@s.whatsapp.net":true,"218913273543@s.whatsapp.net":true,"201276638909@s.whatsapp.net":true,"201276638909:7@s.whatsapp.net":true,"201276638909:8@s.whatsapp.net":true,"967700291434@s.whatsapp.net":true,"84376255452@s.whatsapp.net":true,"966548243561@s.whatsapp.net":true,"967737462911@s.whatsapp.net":true,"201012531172@s.whatsapp.net":true,"212710341700@s.whatsapp.net":true,"967730733034@s.whatsapp.net":true,"201120720538@s.whatsapp.net":true,"96597632193@s.whatsapp.net":true,"96597632193:96@s.whatsapp.net":true,"201063061443@s.whatsapp.net":true,"201012411769@s.whatsapp.net":true,"13134144764@s.whatsapp.net":true,"201128698632@s.whatsapp.net":true,"212653260938@s.whatsapp.net":true,"201025705002@s.whatsapp.net":true,"971508787106@s.whatsapp.net":true,"971508787106:5@s.whatsapp.net":true,"972568876086@s.whatsapp.net":true,"967779431310@s.whatsapp.net":true,"201064513472@s.whatsapp.net":true,"252684292517@s.whatsapp.net":true,"212624580991@s.whatsapp.net":true,"212650865612@s.whatsapp.net":true,"201557184868@s.whatsapp.net":true,"249963402927@s.whatsapp.net":true,"201211071959@s.whatsapp.net":true,"201500849207@s.whatsapp.net":true,"212695270273@s.whatsapp.net":true,"19376398969@s.whatsapp.net":true,"19376398969:6@s.whatsapp.net":true,"19376398969:7@s.whatsapp.net":true,"494917611068170@s.whatsapp.net":true,"212680683567@s.whatsapp.net":true,"212680683567:24@s.whatsapp.net":true,"966573238162@s.whatsapp.net":true,"966538374846@s.whatsapp.net":true,"212721327162@s.whatsapp.net":true,"218919933622@s.whatsapp.net":true,"966505243380@s.whatsapp.net":true,"212609395104@s.whatsapp.net":true,"201022769112@s.whatsapp.net":true,"212622544320@s.whatsapp.net":true,"201127149707@s.whatsapp.net":true,"201030009446@s.whatsapp.net":true,"212707508220@s.whatsapp.net":true,"201285043735@s.whatsapp.net":true,"212631793409@s.whatsapp.net":true,"201027328509@s.whatsapp.net":true,"201098906252@s.whatsapp.net":true,"212624845751@s.whatsapp.net":true,"9647506214808@s.whatsapp.net":true,"96171068017@s.whatsapp.net":true,"201098920161@s.whatsapp.net":true,"201144666017@s.whatsapp.net":true,"966501611296@s.whatsapp.net":true,"966577264176@s.whatsapp.net":true,"966577264176:5@s.whatsapp.net":true,"966577264176:6@s.whatsapp.net":true,"966577264176:7@s.whatsapp.net":true,"966577264176:10@s.whatsapp.net":true,"212619140121@s.whatsapp.net":true,"212619140121:16@s.whatsapp.net":true,"9647841909872@s.whatsapp.net":true}