[{"senderKeyId":204459219,"senderChainKey":{"iteration":79,"seed":"aQBIg9QQHvVCKNat0OPx4uzrbitsOHMmP7nuKsFplKM="},"senderSigningKey":{"public":"BaCcXTaXT5KaQRQD5uv5As/CmEYrotYeGouMedZa6Cdq"},"senderMessageKeys":[{}]},{"senderKeyId":970383748,"senderChainKey":{"iteration":2,"seed":"DaPNGdD42fhC4JcxtW07NgWjKhF54GE2PQdJrwl1Ye4="},"senderSigningKey":{"public":"BcOOjfZwZxE5/6jrbVY4XPlD9cFPpT00kvdCreSsLwgM"},"senderMessageKeys":[]},{"senderKeyId":970383748,"senderChainKey":{"iteration":2,"seed":"DaPNGdD42fhC4JcxtW07NgWjKhF54GE2PQdJrwl1Ye4="},"senderSigningKey":{"public":"BcOOjfZwZxE5/6jrbVY4XPlD9cFPpT00kvdCreSsLwgM"}}]