[{"senderKeyId":1464355247,"senderChainKey":{"iteration":55,"seed":"dAzO5OXOcpdKpPHnkVg+z9BIAC04qYpLSfuFr4Tq05E="},"senderSigningKey":{"public":"Be5W9DgPZh71Zaw1lHfC6zdcO8Lj4uOFEfCGM0+6WFl8"},"senderMessageKeys":[{},{},{},{}]},{"senderKeyId":1464355247,"senderChainKey":{"iteration":49,"seed":"72ZJtQ53muZSD16G19sa7Z/KvdoLSJJuxYSwrf87o/I="},"senderSigningKey":{"public":"Be5W9DgPZh71Zaw1lHfC6zdcO8Lj4uOFEfCGM0+6WFl8"},"senderMessageKeys":[]},{"senderKeyId":1464355247,"senderChainKey":{"iteration":51,"seed":"fqMIFybXkauRQ+pWpW8F8/cCIoVu+HTjQgv72yKzH+I="},"senderSigningKey":{"public":"Be5W9DgPZh71Zaw1lHfC6zdcO8Lj4uOFEfCGM0+6WFl8"}}]