[{"senderKeyId":1287095549,"senderChainKey":{"iteration":572,"seed":"/SGD6UGmmE+dW6L8WT+ve3Eyx3fUca/iVyHDxf1hZPs="},"senderSigningKey":{"public":"BaTMWc9vRC6KdaFZtyphh/x6yeh66MX4NtWWZqcIxyhG"},"senderMessageKeys":[{},{},{},{},{},{},{},{},{},{},{},{},{},{},{},{},{},{},{},{},{},{},{},{},{},{},{},{},{},{},{},{},{},{},{},{},{},{},{},{},{},{},{},{},{},{},{},{},{},{},{},{},{},{},{},{},{},{},{},{},{},{},{},{},{},{},{},{},{},{},{},{},{},{},{},{},{},{},{},{},{},{},{},{},{},{},{},{},{},{},{},{},{},{},{},{},{},{},{},{},{},{},{},{},{},{},{},{},{},{},{},{},{},{},{},{},{},{},{},{},{},{},{},{},{},{},{},{},{},{},{},{},{},{},{},{},{},{},{},{},{},{},{},{},{},{},{},{},{},{},{},{},{},{},{},{},{},{},{},{},{},{},{},{},{},{},{},{},{},{},{},{},{},{},{},{},{},{},{},{},{},{},{},{},{},{},{},{},{},{},{},{},{},{},{},{},{},{},{},{},{},{},{},{},{},{},{},{},{},{},{},{},{},{},{},{},{},{},{},{},{},{},{},{},{},{},{},{},{},{},{},{},{},{},{},{},{},{},{},{},{},{},{},{},{},{},{},{},{},{},{},{},{},{},{},{},{},{},{},{},{},{},{},{},{},{},{},{},{},{},{},{},{},{},{},{},{},{},{},{},{},{},{},{},{},{},{},{},{},{},{},{},{},{},{},{},{},{},{},{},{},{},{},{},{},{},{},{},{},{},{},{},{},{},{},{},{},{},{}]},{"senderKeyId":1443590458,"senderChainKey":{"iteration":6,"seed":"ccB+rzap7vdYH1kKO1XIpqk1AbmGviSy2kkKQvabxAY="},"senderSigningKey":{"public":"BbHKeriJe0vmjFJIN8Ot91ORcOrrnLnbVOwTyCYzgzJR"},"senderMessageKeys":[]},{"senderKeyId":506301890,"senderChainKey":{"iteration":29,"seed":"Z1x4a1oDeVqgBwmGUC9zSet2YQKpFQ/zK/YP4fapLL8="},"senderSigningKey":{"public":"BU0FEwN0bYUTLySh9rXDUFVaysb98qiEonNOWb5vhrAR"},"senderMessageKeys":[]},{"senderKeyId":803029556,"senderChainKey":{"iteration":3,"seed":"Nl1dcceQstOuMv36+gA62cZJCasePaXBNjgUHk4hCIk="},"senderSigningKey":{"public":"BcU5ihcmPqEqTFZ+w/dqH+TSiVZDd900P8hwuEXCbmFA"},"senderMessageKeys":[]}]