[{"senderKeyId":1964866488,"senderChainKey":{"iteration":7,"seed":"UaEnSBR9rzHPiZUU3vSdHtSOqnAlwIE/TNDarqVmrcI="},"senderSigningKey":{"public":"BWrJ1NP3lH1941q/KULdwzQKA2+mtSGDA0TusMdQxWVl"},"senderMessageKeys":[]},{"senderKeyId":1037661045,"senderChainKey":{"iteration":4,"seed":"xWbckbYd5X6kXdA8Lu4UpiOb1a1CNfWa/yqjDB/FObU="},"senderSigningKey":{"public":"BZSjU0EukskydkbsKac5GXuHHJNRahulPOYPLRWhPBdu"},"senderMessageKeys":[]},{"senderKeyId":1037661045,"senderChainKey":{"iteration":1,"seed":"ZBGDtPrMgxFgP00bJnOHB9aSc/t13VDPJUNFm9jJ7WQ="},"senderSigningKey":{"public":"BZSjU0EukskydkbsKac5GXuHHJNRahulPOYPLRWhPBdu"},"senderMessageKeys":[]},{"senderKeyId":1494716612,"senderChainKey":{"iteration":1,"seed":"Lf3Y89McI6D0G8QIpFUeAkwySPxfH8jtNGRPqgcqXdA="},"senderSigningKey":{"public":"BcVWfw6PSJYxlT+n1OLAbia1x5dLzd79MvPR4ozqECg7"},"senderMessageKeys":[]}]