[{"senderKeyId":966738148,"senderChainKey":{"iteration":47,"seed":"wNRp6J/pNKxZABy9yb8YdKUfr2DJr1vVTGXNEaYkoiQ="},"senderSigningKey":{"public":"BUvptpE4VCoOwG4sqGmiNhA6Ddge2f5AfGXGukxRCIA0"},"senderMessageKeys":[{},{},{},{},{},{},{},{},{}]},{"senderKeyId":966738148,"senderChainKey":{"iteration":33,"seed":"I1lHjEgGTQoNLqWWhVmUYX80XDqnsVjmpsk7+BVS41c="},"senderSigningKey":{"public":"BUvptpE4VCoOwG4sqGmiNhA6Ddge2f5AfGXGukxRCIA0"},"senderMessageKeys":[]},{"senderKeyId":966738148,"senderChainKey":{"iteration":35,"seed":"kFCTroMfbU03K3819ofiordfDBF/SDcv5FYswuRr6cU="},"senderSigningKey":{"public":"BUvptpE4VCoOwG4sqGmiNhA6Ddge2f5AfGXGukxRCIA0"},"senderMessageKeys":[]},{"senderKeyId":966738148,"senderChainKey":{"iteration":41,"seed":"p87kKlMEXSko4DYXjTJ+8+tkj3qEVU+OZgx1ghgWm9o="},"senderSigningKey":{"public":"BUvptpE4VCoOwG4sqGmiNhA6Ddge2f5AfGXGukxRCIA0"},"senderMessageKeys":[]},{"senderKeyId":966738148,"senderChainKey":{"iteration":43,"seed":"gtqNqochqaSXITOf3jhPSLOaT0rIULtAMiqfc+Ew3Vg="},"senderSigningKey":{"public":"BUvptpE4VCoOwG4sqGmiNhA6Ddge2f5AfGXGukxRCIA0"},"senderMessageKeys":[]}]