{"_sessions":{"BfDTK4qCYBS64Cn5WSL3NygkpYxD6fZJFc9dD+TjnKZT":{"registrationId":1040412608,"currentRatchet":{"ephemeralKeyPair":{"pubKey":"BebaTRpD3T1QpaTZtQFUfv2RPeVKnqyY/C4u3NeNVH1N","privKey":"QKV8QCtcbd2WBh0q5xHwv0QCt5DiJnhDDp1Y6cI0P1w="},"lastRemoteEphemeralKey":"BYQixz2VePBuGdIZWMAaaHYnhxD6jTHDIwahhQYrpUUS","previousCounter":0,"rootKey":"HU7pN4E6XNK5VzA8FGAMo4qoB4RPZtN1dm7SlreFnJQ="},"indexInfo":{"baseKey":"BfDTK4qCYBS64Cn5WSL3NygkpYxD6fZJFc9dD+TjnKZT","baseKeyType":1,"closed":-1,"used":1713363935954,"created":1713363935954,"remoteIdentityKey":"Baya6i9XW1qJfbbQ4BrdTuPTYLP6o+lThO03N15zopMm"},"_chains":{"BebaTRpD3T1QpaTZtQFUfv2RPeVKnqyY/C4u3NeNVH1N":{"chainKey":{"counter":0,"key":"5kKY9Rto1MtZsrnkZasojBrhhVvoumn145VpDuhykTI="},"chainType":1,"messageKeys":{}}},"pendingPreKey":{"signedKeyId":2,"baseKey":"BfDTK4qCYBS64Cn5WSL3NygkpYxD6fZJFc9dD+TjnKZT","preKeyId":2121471}}},"version":"v1"}