{"_sessions":{"BZ2KGkKPRK8Uo7cDp2+7qA/qHwH04IohebtY9/WxtEg8":{"registrationId":196693995,"currentRatchet":{"ephemeralKeyPair":{"pubKey":"BSmXnITNVXGcyG4htrpXFTmr0xZBFWVTQ10ox7V6tmhw","privKey":"4M6gO2N6eqXpsqFyyATRL3G1xiOEVjcTkZW8+lYYclk="},"lastRemoteEphemeralKey":"BW/20J1TcSq62kafj+nY0EclGP0YImJNjZ8Bo7s1r2IG","previousCounter":0,"rootKey":"hKSpc5xqH/xb7j7ees67Fnky8bL2o/5/69POeRl+0QQ="},"indexInfo":{"baseKey":"BZ2KGkKPRK8Uo7cDp2+7qA/qHwH04IohebtY9/WxtEg8","baseKeyType":1,"closed":-1,"used":1713363936117,"created":1713363936117,"remoteIdentityKey":"Bb7kfJxSU+zXvnJKptSJeN4ZQNCO8TV0e0IyLbMor5FH"},"_chains":{"BSmXnITNVXGcyG4htrpXFTmr0xZBFWVTQ10ox7V6tmhw":{"chainKey":{"counter":0,"key":"spKG2FYeAk9DK9xB6Zm5GeaomQXCe8UtzABxYsbWU5g="},"chainType":1,"messageKeys":{}}},"pendingPreKey":{"signedKeyId":2,"baseKey":"BZ2KGkKPRK8Uo7cDp2+7qA/qHwH04IohebtY9/WxtEg8"}}},"version":"v1"}