{"_sessions":{"BRLYjtRTOH9xTy42shnRFbfAHb5bFSOEa20DZ1lL6BF7":{"registrationId":73781793,"currentRatchet":{"ephemeralKeyPair":{"pubKey":"Bd9RkgvSFKfiBkg9zi5Qty0GmWIgbcLakzPTmeXHVYB2","privKey":"yGxyxbqg8II2MNmX5IoizmojbmrMoW3G6oqxJcYm53U="},"lastRemoteEphemeralKey":"BaWfrkZ1QTRDbuPqmTvKb6CI+L0qaDJXbmaJ0CUN/MVI","previousCounter":0,"rootKey":"NWtTruFySe5vsV8qsIbIUh+W5SRBDilCotgt/lV/rLw="},"indexInfo":{"baseKey":"BRLYjtRTOH9xTy42shnRFbfAHb5bFSOEa20DZ1lL6BF7","baseKeyType":1,"closed":-1,"used":1713363935544,"created":1713363935544,"remoteIdentityKey":"BQtCuMrU+Z4K5ZClPbpoH6mKsJrl+qYYrGvuYCxTI/UE"},"_chains":{"Bd9RkgvSFKfiBkg9zi5Qty0GmWIgbcLakzPTmeXHVYB2":{"chainKey":{"counter":0,"key":"9T1OxS/Z5CSQ3QJKo4DnbXiiwUWKDM16n0LGYJT6bWk="},"chainType":1,"messageKeys":{}}},"pendingPreKey":{"signedKeyId":14,"baseKey":"BRLYjtRTOH9xTy42shnRFbfAHb5bFSOEa20DZ1lL6BF7"}}},"version":"v1"}