{"_sessions":{"BeBeYkmw0QFWl5QyCQMOt8b7phVoHHwXjOcwb0O7hwwl":{"registrationId":870080039,"currentRatchet":{"ephemeralKeyPair":{"pubKey":"BYuLnQkIpWLJNhe4bvr0oXYbNXKy/Xvav+CMkiT/cyt4","privKey":"kKTZGldLM9GasyE2RuWvkeFxMr3mNYSyqprywaX0HnU="},"lastRemoteEphemeralKey":"BTN1Jj9kObjP01dsmPZ2nmKeJaBDv10wxjTV7Y83Of91","previousCounter":0,"rootKey":"MgTqX5XBCwj0VIQSVsFj0o7h6kFZQh4IjdCOpL/sTa8="},"indexInfo":{"baseKey":"BeBeYkmw0QFWl5QyCQMOt8b7phVoHHwXjOcwb0O7hwwl","baseKeyType":1,"closed":-1,"used":1713363935525,"created":1713363935525,"remoteIdentityKey":"BVuntcB+FWW9/kpIBWwhGjxjW9brWBHTYZJMBozUkrcu"},"_chains":{"BYuLnQkIpWLJNhe4bvr0oXYbNXKy/Xvav+CMkiT/cyt4":{"chainKey":{"counter":0,"key":"5IUp8ewUSrzcfrjLaIvGyd1azLbHqHjbJ/zd5EtvLW0="},"chainType":1,"messageKeys":{}}},"pendingPreKey":{"signedKeyId":5,"baseKey":"BeBeYkmw0QFWl5QyCQMOt8b7phVoHHwXjOcwb0O7hwwl","preKeyId":12898779}}},"version":"v1"}