{"_sessions":{"BUMMYdJCs7SICvreUZhRXExFjSZN0JC8Uw7AOvjoys4D":{"registrationId":635478709,"currentRatchet":{"ephemeralKeyPair":{"pubKey":"BaEaDqkNG2DzQR485aCs1SvRcQjGdrexAjzvlCG8r0UJ","privKey":"QMqf3Cxs5kmw6mV7HKq+0gSMvmjtKKdWJHXAZiwYUXk="},"lastRemoteEphemeralKey":"Bf3zLwf7kgiOSw3fQJ4YFRE+uR6qJSDungSqlMSLxYwM","previousCounter":0,"rootKey":"cnjmChi5Cv/+SSmopwtegZvwRDE+BHNC3x0J80fS89Y="},"indexInfo":{"baseKey":"BUMMYdJCs7SICvreUZhRXExFjSZN0JC8Uw7AOvjoys4D","baseKeyType":1,"closed":-1,"used":1713363935806,"created":1713363935806,"remoteIdentityKey":"Be/3zXGGkQH5HuOhdBlGpijt8ZeQOdDo/u7YvNWurw9/"},"_chains":{"BaEaDqkNG2DzQR485aCs1SvRcQjGdrexAjzvlCG8r0UJ":{"chainKey":{"counter":0,"key":"ol2aviqSeaKDBmcnPw5o3WlqgZ0e0MdFJ8WjoJKrsEs="},"chainType":1,"messageKeys":{}}},"pendingPreKey":{"signedKeyId":2205309,"baseKey":"BUMMYdJCs7SICvreUZhRXExFjSZN0JC8Uw7AOvjoys4D"}}},"version":"v1"}