{"_sessions":{"BU22nlDkX4Izm2o78ZiDRnBAwDGkPn1jYCVHkISHo+s4":{"registrationId":158622429,"currentRatchet":{"ephemeralKeyPair":{"pubKey":"BWAmX24sSZ8Onz1Itpx9XY7pIRZGwgXJte3A9GgWaeI2","privKey":"+LqbjZ1TZFcvIxwT8k/xDiFpUfGX72dVhGLgQ87SfGw="},"lastRemoteEphemeralKey":"BbETGh9DaqkgcNb3opduB1IEQBcMKyqvz8ZGFaFKSxsL","previousCounter":0,"rootKey":"dgaq0a+ZW4O+T9RaDqLOxD+I0TDk6nYivlUWShH6tzg="},"indexInfo":{"baseKey":"BU22nlDkX4Izm2o78ZiDRnBAwDGkPn1jYCVHkISHo+s4","baseKeyType":1,"closed":-1,"used":1713363937079,"created":1713363937079,"remoteIdentityKey":"Bb40/DjPbKWcftDdZFt+CwPwrtf9pdx5MaicIpdO/zNW"},"_chains":{"BWAmX24sSZ8Onz1Itpx9XY7pIRZGwgXJte3A9GgWaeI2":{"chainKey":{"counter":0,"key":"P4+ITAx7AMp4ZnXpxmDWgB4g1boMZQJhetf6kwhPV10="},"chainType":1,"messageKeys":{}}},"pendingPreKey":{"signedKeyId":4,"baseKey":"BU22nlDkX4Izm2o78ZiDRnBAwDGkPn1jYCVHkISHo+s4","preKeyId":5502596}}},"version":"v1"}