{"_sessions":{"BQrjIKlVSlFKYuH+w/lJUffZw+NBc2gDzAQWuzMMFjIz":{"registrationId":1883204597,"currentRatchet":{"ephemeralKeyPair":{"pubKey":"BYcGyyODJrc+292vWYiwEuJ5AOZVt0cVMbbR7G0+J0V7","privKey":"aN+sNCZlxIg9Syj+5GD8kMPIcJRDVBkl+LU3+gzvOkQ="},"lastRemoteEphemeralKey":"BasuwucPvh0jyksaXYjnWQbtR2oer+SXDGkYta2dwjoh","previousCounter":0,"rootKey":"NUqIQb01d0svhImRhUlU0av3eogPAQ3csx+llI+KSJo="},"indexInfo":{"baseKey":"BQrjIKlVSlFKYuH+w/lJUffZw+NBc2gDzAQWuzMMFjIz","baseKeyType":1,"closed":-1,"used":1713363935504,"created":1713363935504,"remoteIdentityKey":"BR6GG4OVlauYhz+l/6TtWTQkCYu0UzbXyehR8uVbDesG"},"_chains":{"BYcGyyODJrc+292vWYiwEuJ5AOZVt0cVMbbR7G0+J0V7":{"chainKey":{"counter":0,"key":"dAXh8q3HacSF8HOwn0O5wzYB3oV+X7DHTqllvNx3IwI="},"chainType":1,"messageKeys":{}}},"pendingPreKey":{"signedKeyId":3,"baseKey":"BQrjIKlVSlFKYuH+w/lJUffZw+NBc2gDzAQWuzMMFjIz","preKeyId":6341992}}},"version":"v1"}