{"_sessions":{"BeAdD6xfmUrSlm3B8lW1wN88tYBe6Rj+VKnzZHowgxVk":{"registrationId":1758128836,"currentRatchet":{"ephemeralKeyPair":{"pubKey":"BcpzNvZIJxSF+kq2+Ut6lDjj1RHZG1aDn1eJsB693b9z","privKey":"AMewkc5bR3KYNkxR+6iWkhgwK3rOUQSyOxG8XgT1Jlo="},"lastRemoteEphemeralKey":"BT1vaYTKD96bZA1fE7b6Aftki0UWeO/Cw0hKv9w0cVJ+","previousCounter":0,"rootKey":"FwrLlFt+XxRn0n8FAewbosIzddLhg/jdQ/WFohSzuOc="},"indexInfo":{"baseKey":"BeAdD6xfmUrSlm3B8lW1wN88tYBe6Rj+VKnzZHowgxVk","baseKeyType":1,"closed":-1,"used":1713363935119,"created":1713363935119,"remoteIdentityKey":"BV9FzwpUXAScPkFDBeEkDPvVFf5rfb5IwdynBHxG8qo5"},"_chains":{"BcpzNvZIJxSF+kq2+Ut6lDjj1RHZG1aDn1eJsB693b9z":{"chainKey":{"counter":0,"key":"tVqmtqakiozgukCGv10HjBcpZ4BVF9ThiB8GZA739jU="},"chainType":1,"messageKeys":{}}},"pendingPreKey":{"signedKeyId":2,"baseKey":"BeAdD6xfmUrSlm3B8lW1wN88tYBe6Rj+VKnzZHowgxVk","preKeyId":551537}}},"version":"v1"}