{"_sessions":{"BVT/ZMjHaN7pLQ+mIGScsumWZ9DU0s0O9oSjZN4IoGIH":{"registrationId":471683097,"currentRatchet":{"ephemeralKeyPair":{"pubKey":"BV3zB2R0XQwTQX0XciAwXIozmX0M8ajf94jPKVG6xSA/","privKey":"cNbTFg/FDzec8S5OvmJHk65tcfjkQE5gIOlV3HBS5EM="},"lastRemoteEphemeralKey":"BRhRXqeZEqZJLTI3knzzKXFcFXmNsbDVXycNyUP03Gho","previousCounter":0,"rootKey":"L/RyRydIJCr9/1XzV5pNOQI4QmXYEyLPgrccn7AVRHk="},"indexInfo":{"baseKey":"BVT/ZMjHaN7pLQ+mIGScsumWZ9DU0s0O9oSjZN4IoGIH","baseKeyType":1,"closed":-1,"used":1713118110699,"created":1713118110699,"remoteIdentityKey":"BdUfc55IIoinzG8T+ZMpLb8OfDwfyFQukrJgbS0N1lo6"},"_chains":{"BV3zB2R0XQwTQX0XciAwXIozmX0M8ajf94jPKVG6xSA/":{"chainKey":{"counter":0,"key":"7LniAOVBFg4Tl6I/S1s9PI3KWsyj5yBcyImEAzd0y/4="},"chainType":1,"messageKeys":{}}},"pendingPreKey":{"signedKeyId":0,"baseKey":"BVT/ZMjHaN7pLQ+mIGScsumWZ9DU0s0O9oSjZN4IoGIH","preKeyId":6871907}}},"version":"v1"}