{"_sessions":{"BWd9hMJCNp3BKCkJoPWWFOrpCttA32gE2WNacJfTSipJ":{"registrationId":160739729,"currentRatchet":{"ephemeralKeyPair":{"pubKey":"BTqWAtGD960dR+iGuuhphd5LxxE+6NJVOT+2E1QSklIA","privKey":"SD5qQE1YdAjs1Iiy+sRldl8oXJNNkqhIeC7wEjHzl2o="},"lastRemoteEphemeralKey":"BcqWTTHQ/0ftJX2/bHSxKTbYEOQJYeTKItVJVtpEG5Ji","previousCounter":0,"rootKey":"/xspae/AULbEwtqcceQonVfMTygHcB848K56C10cMGE="},"indexInfo":{"baseKey":"BWd9hMJCNp3BKCkJoPWWFOrpCttA32gE2WNacJfTSipJ","baseKeyType":1,"closed":-1,"used":1713363936017,"created":1713363936017,"remoteIdentityKey":"BbvWNy5z78H8k1Xo4S9OxF0Vg3Lif+1Y6/6GCx4Fw39E"},"_chains":{"BTqWAtGD960dR+iGuuhphd5LxxE+6NJVOT+2E1QSklIA":{"chainKey":{"counter":0,"key":"126CrT0enNCm63gJDKXFmp1+Q5Zxvfkz8ekIYpzkzoU="},"chainType":1,"messageKeys":{}}},"pendingPreKey":{"signedKeyId":0,"baseKey":"BWd9hMJCNp3BKCkJoPWWFOrpCttA32gE2WNacJfTSipJ"}}},"version":"v1"}