{"_sessions":{"BRiIlsJoWy/xbTqYPeCMK9YjIq8crfOyodADUzpt6EYI":{"registrationId":1384153926,"currentRatchet":{"ephemeralKeyPair":{"pubKey":"Bc/v8DvKqUc0DQdfKHtRIRA4Zow/aakgLDJ/YoQnlxFl","privKey":"KLAYUcK22M5UlGbzJSNSmO7O/m3nK7DO3qgBP+KzPE4="},"lastRemoteEphemeralKey":"BWfFL3aKvRtAAUnJjUCdA9YuhemZ754aJr+opFrX4C5O","previousCounter":0,"rootKey":"T5/PVmqJnbF1IgtoCFzF2U8vRj3KZV+QypbMQBIpKlk="},"indexInfo":{"baseKey":"BRiIlsJoWy/xbTqYPeCMK9YjIq8crfOyodADUzpt6EYI","baseKeyType":1,"closed":-1,"used":1713363935998,"created":1713363935998,"remoteIdentityKey":"BUvtnE8lP644/x3eTk1vFZxZcuByELBe9oF7Nd1dZH0H"},"_chains":{"Bc/v8DvKqUc0DQdfKHtRIRA4Zow/aakgLDJ/YoQnlxFl":{"chainKey":{"counter":0,"key":"LusFtZ5XHx7toWk/PJICHxJ1onD7rVwO75z3Ly8knTo="},"chainType":1,"messageKeys":{}}},"pendingPreKey":{"signedKeyId":0,"baseKey":"BRiIlsJoWy/xbTqYPeCMK9YjIq8crfOyodADUzpt6EYI","preKeyId":13418903}}},"version":"v1"}