{"_sessions":{"BXZQ5Ymxv1gWoIzFXfLaSF8zqqYBwVHFS9RjR2okOzAj":{"registrationId":795354415,"currentRatchet":{"ephemeralKeyPair":{"pubKey":"BSwzyPNgoQPJSbw/Dc9PrkZYVlYMyHRP70SgitBHGFU8","privKey":"KG+7oq41S0LWiWwxC0kG4VWpQV/8JazuFnON+KdawX8="},"lastRemoteEphemeralKey":"BWIywwPdloI8OykpP8J94bzVl0xCoIRBTa0klUzRfxhx","previousCounter":0,"rootKey":"cozyxY90f0v+C31EHU/ZKx/NfcYdy+SSib4uiEgki3U="},"indexInfo":{"baseKey":"BXZQ5Ymxv1gWoIzFXfLaSF8zqqYBwVHFS9RjR2okOzAj","baseKeyType":1,"closed":-1,"used":1713363936839,"created":1713363936839,"remoteIdentityKey":"Bf1khpeW1apFnUDvBnbazbSDMElW3sT0xYi81nxGqDEo"},"_chains":{"BSwzyPNgoQPJSbw/Dc9PrkZYVlYMyHRP70SgitBHGFU8":{"chainKey":{"counter":0,"key":"HCnqStzk3Ob5zsUUWEBzJOkoiiUkhdjUzC6i+vR0yEo="},"chainType":1,"messageKeys":{}}},"pendingPreKey":{"signedKeyId":0,"baseKey":"BXZQ5Ymxv1gWoIzFXfLaSF8zqqYBwVHFS9RjR2okOzAj","preKeyId":12399658}}},"version":"v1"}