{"_sessions":{"BS1LCw8jFBzWz583Cn8Xjtbtj3OCb/QTBHyfz6RGmRME":{"registrationId":1035798863,"currentRatchet":{"ephemeralKeyPair":{"pubKey":"Bc88hUm7ROjLq4RPnyXsWM/FDZJVkMHngs8oqgOn24Qi","privKey":"AIplV58V0fei+LuMOcElKT6M7XoljDdcRv0PKfMdYXo="},"lastRemoteEphemeralKey":"BY+6H1jdjxPkJSPyB/9aNjD9s9mNxBpKx5DTPclLU11o","previousCounter":0,"rootKey":"Gr51PmDSPHtz1uA1/5bjUhU4UfX46DmqMixufy3oD78="},"indexInfo":{"baseKey":"BS1LCw8jFBzWz583Cn8Xjtbtj3OCb/QTBHyfz6RGmRME","baseKeyType":1,"closed":-1,"used":1713363937378,"created":1713363937378,"remoteIdentityKey":"BfibmzqLRsb4usKHYQPq2etBzQ0zaF7DBHvhojJ82d5N"},"_chains":{"Bc88hUm7ROjLq4RPnyXsWM/FDZJVkMHngs8oqgOn24Qi":{"chainKey":{"counter":0,"key":"f7PR2d/zMwdkTNLJXOd7UTjD6oa0iRQJOdSB6hsprz8="},"chainType":1,"messageKeys":{}}},"pendingPreKey":{"signedKeyId":1,"baseKey":"BS1LCw8jFBzWz583Cn8Xjtbtj3OCb/QTBHyfz6RGmRME","preKeyId":5733563}}},"version":"v1"}