{"_sessions":{"BaPYLF18VVgG5KCyIzTJ0ELydQ/F5D7bKcbzO9QrwTZq":{"registrationId":1349101768,"currentRatchet":{"ephemeralKeyPair":{"pubKey":"BbY+xw/i3ADkK8LSxlaK0B8wChlHNW5ks7+Gye+cRy4x","privKey":"EPizWgtk/WJDpNdKiBReNlPlsmoTPuVYCZ2Axu9TmlI="},"lastRemoteEphemeralKey":"BSsrTo+1vLzlxiebRTWtJEfGt2bnYVkSWyGaFk77V75l","previousCounter":0,"rootKey":"JUi8yPBRL/muifI+nQyVu7rlxxEfB5E8hfLbh31S+xE="},"indexInfo":{"baseKey":"BaPYLF18VVgG5KCyIzTJ0ELydQ/F5D7bKcbzO9QrwTZq","baseKeyType":1,"closed":-1,"used":1713363937032,"created":1713363937032,"remoteIdentityKey":"BRblmgb9KWFbkNKmrjvgzC2RtEzbrelzfiSTUxfPmBdN"},"_chains":{"BbY+xw/i3ADkK8LSxlaK0B8wChlHNW5ks7+Gye+cRy4x":{"chainKey":{"counter":0,"key":"MRwr1cBpYPEpY+l/xFAQf8Z8LzrT8j7JiNUZ9BfMrBs="},"chainType":1,"messageKeys":{}}},"pendingPreKey":{"signedKeyId":0,"baseKey":"BaPYLF18VVgG5KCyIzTJ0ELydQ/F5D7bKcbzO9QrwTZq","preKeyId":7360768}}},"version":"v1"}