{"_sessions":{"BY2uw79l2xZPZcrysYuqiXlvWjZJwVtmYs/FJXBK+Rc3":{"registrationId":312,"currentRatchet":{"ephemeralKeyPair":{"pubKey":"BdArboHc5Z+/t6qSPe9pPyrGvfFFfaAMNMOSQLoc1Nk7","privKey":"iNF4Wt46o3fFIepJ8SNYR3cZmGg37fWvhfsNlEoVuWM="},"lastRemoteEphemeralKey":"BdMRTCHqCLs1OHNZQrNuW4tQAGY0NJBNmggNG/QQGOEJ","previousCounter":0,"rootKey":"JrI9nTd+Y95BzbkllQq+V9XMzShuWyWPE4yNKgz28/U="},"indexInfo":{"baseKey":"BY2uw79l2xZPZcrysYuqiXlvWjZJwVtmYs/FJXBK+Rc3","baseKeyType":1,"closed":-1,"used":1713363935081,"created":1713363935081,"remoteIdentityKey":"BZtruE3ZuFsgIl7DP8YVCVd5YDLPcwkE/I/JVi98yvZb"},"_chains":{"BdArboHc5Z+/t6qSPe9pPyrGvfFFfaAMNMOSQLoc1Nk7":{"chainKey":{"counter":0,"key":"4BZKc3XNlTjsBf7jFAHnrt1adgO2/RZLcpQqcqhlBUU="},"chainType":1,"messageKeys":{}}},"pendingPreKey":{"signedKeyId":1,"baseKey":"BY2uw79l2xZPZcrysYuqiXlvWjZJwVtmYs/FJXBK+Rc3","preKeyId":1771}}},"version":"v1"}