{"_sessions":{"BT6hVifckACbKy1FyCBQJEyWM4jVoiZYkl+bJ2ylzih6":{"registrationId":551717059,"currentRatchet":{"ephemeralKeyPair":{"pubKey":"BWATolPPUwwL1atoDRVy/Q6JOaYrJVgWkK7+rgJKcXRx","privKey":"EKcUa/g/o41jEkfO+puhJGYA+sIG5feZfS665BsYakc="},"lastRemoteEphemeralKey":"BVPgFgIoiyuiEj6ayOE836/u9jv7NbvYRq9PHskml2Jd","previousCounter":0,"rootKey":"TAWqj0d2CNZsAK+PWE+b6/qwPYBT14YkFRtGH5Cspuc="},"indexInfo":{"baseKey":"BT6hVifckACbKy1FyCBQJEyWM4jVoiZYkl+bJ2ylzih6","baseKeyType":1,"closed":-1,"used":1713363936679,"created":1713363936679,"remoteIdentityKey":"Bb704xOniCiboVCJ+/u6jpEx567IlzWcaE5v+f+nhasj"},"_chains":{"BWATolPPUwwL1atoDRVy/Q6JOaYrJVgWkK7+rgJKcXRx":{"chainKey":{"counter":0,"key":"BT90NaRwRLGQVFyYMf4tRk+vXS9OLGqducd8TfycqzM="},"chainType":1,"messageKeys":{}}},"pendingPreKey":{"signedKeyId":1,"baseKey":"BT6hVifckACbKy1FyCBQJEyWM4jVoiZYkl+bJ2ylzih6","preKeyId":2260952}}},"version":"v1"}