{"_sessions":{"BfZ0rrjo9MN8k83gqWNWill1HpE5Je676jz52eeV0YQO":{"registrationId":1122404158,"currentRatchet":{"ephemeralKeyPair":{"pubKey":"BYJw9fdRtDnJsds2IzvkhajISxBHfl+tJ707+crWDEsh","privKey":"WAZT/uffto32hpP/zeikH7N4Z502PdPbFW68jwjPy2M="},"lastRemoteEphemeralKey":"BT608kHiVRQ6mm0eg324Vs0G4RaDr8Ks75zZXs8zbF9w","previousCounter":0,"rootKey":"FydIPF9SFatdp3+iKRR7tHIokuO/NwgkYwlCehe6jXo="},"indexInfo":{"baseKey":"BfZ0rrjo9MN8k83gqWNWill1HpE5Je676jz52eeV0YQO","baseKeyType":1,"closed":-1,"used":1713363934595,"created":1713363934595,"remoteIdentityKey":"BWLww4bwT18HyAjA9Sa0rKDK3/x/Urrs9SyqDGBgZ7MY"},"_chains":{"BYJw9fdRtDnJsds2IzvkhajISxBHfl+tJ707+crWDEsh":{"chainKey":{"counter":0,"key":"pvuOXloIK54jcQZxFIm4P3/fHJjZgZd5fqj6M/vM3tU="},"chainType":1,"messageKeys":{}}},"pendingPreKey":{"signedKeyId":3,"baseKey":"BfZ0rrjo9MN8k83gqWNWill1HpE5Je676jz52eeV0YQO","preKeyId":13443734}}},"version":"v1"}