{"_sessions":{"BQaIagkGtaK3bXmK4Br2kqO+hXL8EZ6QA4l3wAmHrSgj":{"registrationId":692744583,"currentRatchet":{"ephemeralKeyPair":{"pubKey":"BbgHtsBhox3iZebtrP0d0ewP94Y0ewq9oRrDcxofNNx1","privKey":"QDrUrfmiy3SnFOPVOmFPkaAQT3+U3qkLdrhP4zgtb2c="},"lastRemoteEphemeralKey":"BWclbSBkbIV2/OoKUBBSyC5nYZtqwu761GTEK4LZzA1i","previousCounter":0,"rootKey":"wAoII4dAgUcaBeYn8LvXAqGVmoA5F5zmTUKCNLXRl3Q="},"indexInfo":{"baseKey":"BQaIagkGtaK3bXmK4Br2kqO+hXL8EZ6QA4l3wAmHrSgj","baseKeyType":1,"closed":-1,"used":1713363936349,"created":1713363936349,"remoteIdentityKey":"BQHC3oCKgzsk0idw3x77UevxJ6ZHxI5wLGnbE6sGKwZA"},"_chains":{"BbgHtsBhox3iZebtrP0d0ewP94Y0ewq9oRrDcxofNNx1":{"chainKey":{"counter":0,"key":"fItbQJmCgMDjnMD+vnJ2J4bXcDWpox4tiAy/VDpjhgM="},"chainType":1,"messageKeys":{}}},"pendingPreKey":{"signedKeyId":12,"baseKey":"BQaIagkGtaK3bXmK4Br2kqO+hXL8EZ6QA4l3wAmHrSgj","preKeyId":5909205}}},"version":"v1"}