{"_sessions":{"Bf/TGLUDLCEyaJTm+wHXooHUvmSj6xGHVn22Os1wciUM":{"registrationId":1221122433,"currentRatchet":{"ephemeralKeyPair":{"pubKey":"BXurelbUCcQm8Y99rtwrMPGljYhgA4Wv9gSCbExGaFs4","privKey":"uMMAFUu9e7Ua8yV0TXJTT7ZziSNMHeR60pFmY3knPGs="},"lastRemoteEphemeralKey":"BU/ja/eyWOoasLpGmMIWkdPkxvLJUZ2FKWnddHmwr1h8","previousCounter":0,"rootKey":"RvS0CyInNF4+aVHmsLJMc3EMreMnBcszdPndxY5I8+8="},"indexInfo":{"baseKey":"Bf/TGLUDLCEyaJTm+wHXooHUvmSj6xGHVn22Os1wciUM","baseKeyType":1,"closed":-1,"used":1713363935928,"created":1713363935928,"remoteIdentityKey":"BVw/UwAXGWkWwrBcjyIsIkHuMwvjp/t7E7enJbjAd4If"},"_chains":{"BXurelbUCcQm8Y99rtwrMPGljYhgA4Wv9gSCbExGaFs4":{"chainKey":{"counter":0,"key":"gwCNJ93SLCzTrXp2wjHjN8Oc3F0Db/5P44V6Zg2HQiQ="},"chainType":1,"messageKeys":{}}},"pendingPreKey":{"signedKeyId":1,"baseKey":"Bf/TGLUDLCEyaJTm+wHXooHUvmSj6xGHVn22Os1wciUM","preKeyId":374115}}},"version":"v1"}