{"_sessions":{"BYiWsKUiEfxS1S8fxDUbp14iDCcTir/K3ea2le1dA5wP":{"registrationId":1457353283,"currentRatchet":{"ephemeralKeyPair":{"pubKey":"BQJ7Mbhle3DX18aQMRz95ZvJ3cJQKxDnqlvPFF5VRgVr","privKey":"EEhFBG+n38Hx5Zl4jDiPyzmrNWqnt353mDS06kQux3E="},"lastRemoteEphemeralKey":"BZBtPQ6CMoraimSmOWnE5vmV0Q97BBn6Qi+ThVBjMoBX","previousCounter":0,"rootKey":"jSoREjSmGflq5bI1xJ7P+eGvT29iCF0nrZgCv7JAN6I="},"indexInfo":{"baseKey":"BYiWsKUiEfxS1S8fxDUbp14iDCcTir/K3ea2le1dA5wP","baseKeyType":1,"closed":-1,"used":1713363935517,"created":1713363935517,"remoteIdentityKey":"BfqmXZtA1R4MJFhMu47mKgIO5V+9sCjO4e0S+/ViNnU5"},"_chains":{"BQJ7Mbhle3DX18aQMRz95ZvJ3cJQKxDnqlvPFF5VRgVr":{"chainKey":{"counter":0,"key":"adAcVal7woMW6q/M0PmNHtAlKpaCM0X1tKpTGxGCofw="},"chainType":1,"messageKeys":{}}},"pendingPreKey":{"signedKeyId":0,"baseKey":"BYiWsKUiEfxS1S8fxDUbp14iDCcTir/K3ea2le1dA5wP","preKeyId":7561872}}},"version":"v1"}