{"_sessions":{"BQvUF/SsJLN+61i2XHmL2m4a/YP43Qd3ACpBtgF7e3Fj":{"registrationId":340940551,"currentRatchet":{"ephemeralKeyPair":{"pubKey":"BTtCOC883Xs09AKA5C8LhcQH1jb0QDoKW6xYW5T9Tm8t","privKey":"gA0qBLFn60/J+3WhjbIVf8Uu/w4RcbGpQ7VKbUwQJmY="},"lastRemoteEphemeralKey":"BdeLw22PNEW1Dcq7OfzqP5ybdvXY185/mzMAGYK1mldc","previousCounter":0,"rootKey":"9fj0ptp+an/RKe8JpvEOf+/+BMOW2gQGn5Fi10UZd9c="},"indexInfo":{"baseKey":"BQvUF/SsJLN+61i2XHmL2m4a/YP43Qd3ACpBtgF7e3Fj","baseKeyType":1,"closed":-1,"used":1713363936205,"created":1713363936205,"remoteIdentityKey":"BcfXTPgmajBD7R37oEOpa7ijZkys7ryp+frgenaOGpEn"},"_chains":{"BTtCOC883Xs09AKA5C8LhcQH1jb0QDoKW6xYW5T9Tm8t":{"chainKey":{"counter":0,"key":"OfAGdT/Qobss2rptNGmouatI8tVS28nkMUWogflFKSY="},"chainType":1,"messageKeys":{}}},"pendingPreKey":{"signedKeyId":0,"baseKey":"BQvUF/SsJLN+61i2XHmL2m4a/YP43Qd3ACpBtgF7e3Fj","preKeyId":1718522}}},"version":"v1"}