{"_sessions":{"BbtOZeoPnBZnuf6mJ+VrwoArpEVHDVBWfGUzjG+EVWlQ":{"registrationId":75995841,"currentRatchet":{"ephemeralKeyPair":{"pubKey":"BQ49PixNZXZY8FxaHpybefwdvzS5jZpiy82qERgguVMm","privKey":"KIhJUooITiUUvazLfADiENEhNY7NJCYrWY4V6EnmRGs="},"lastRemoteEphemeralKey":"BWsio5XXv5bosk2kiFdz4aR87FlGtRuUqVxeA/UbglRh","previousCounter":0,"rootKey":"ZVIiwJPQ0RRtIX+CI6ol6RrSpmPN+170hArksEjW/pk="},"indexInfo":{"baseKey":"BbtOZeoPnBZnuf6mJ+VrwoArpEVHDVBWfGUzjG+EVWlQ","baseKeyType":1,"closed":-1,"used":1713363937108,"created":1713363937108,"remoteIdentityKey":"Bdk8fi8/LdCJsodI4KM731Ma3iNx617mOKE6qYzhNoM3"},"_chains":{"BQ49PixNZXZY8FxaHpybefwdvzS5jZpiy82qERgguVMm":{"chainKey":{"counter":0,"key":"IvtQSqP6tLnCOqqO3A+Fijmd1BkIaDWt/FjV+AKzHEs="},"chainType":1,"messageKeys":{}}},"pendingPreKey":{"signedKeyId":1,"baseKey":"BbtOZeoPnBZnuf6mJ+VrwoArpEVHDVBWfGUzjG+EVWlQ","preKeyId":15150981}}},"version":"v1"}