{"_sessions":{"Ba8GvIGTmKJOqBqYUGQ8PBtsLHcT3F6eYNtjI5qrP7E3":{"registrationId":901499555,"currentRatchet":{"ephemeralKeyPair":{"pubKey":"Bfno/4waj2KH5fJ6IvNxXo0FlkfGHneccGOlhh9UZq1t","privKey":"iNsQ6TQ411JiCsNKTRTtE7UZ7Rjhy6GhG4rlbi2yEmI="},"lastRemoteEphemeralKey":"BYg60vs1dDOuZdEM/nPrw4PdSAMas3qIgM3b7V+isot5","previousCounter":0,"rootKey":"sGW+cQL3ABCoRepR+nO6hiTC9mjKKO7x4omB2Xt8zGM="},"indexInfo":{"baseKey":"Ba8GvIGTmKJOqBqYUGQ8PBtsLHcT3F6eYNtjI5qrP7E3","baseKeyType":1,"closed":-1,"used":1713118110791,"created":1713118110791,"remoteIdentityKey":"BYewRk3y20ERPtxDmy1fIvZcPZX6hr9mpkBYNWPVOV9z"},"_chains":{"Bfno/4waj2KH5fJ6IvNxXo0FlkfGHneccGOlhh9UZq1t":{"chainKey":{"counter":1,"key":"GyGu9KESajkcWCH2aB/MsnPVJCBjaZPjsYaAOWttI28="},"chainType":1,"messageKeys":{}}},"pendingPreKey":{"signedKeyId":0,"baseKey":"Ba8GvIGTmKJOqBqYUGQ8PBtsLHcT3F6eYNtjI5qrP7E3","preKeyId":15543630}}},"version":"v1"}