{"_sessions":{"BZSRx49nB4D1BvT9d2aC/GmWnvn8//Ya5HNWJU9OUoh6":{"registrationId":1618857420,"currentRatchet":{"ephemeralKeyPair":{"pubKey":"BY9xWYdA5aRHpho0WDmSvtGZ3cTGkIhOlL8N+JigD0Fi","privKey":"qEcadUn5UsqZsf5QMaiIIAxdMT0r0uS/HIvQJv34OX4="},"lastRemoteEphemeralKey":"BUa+At3jZuvy/jS5IuRTy4e0/3/zFgdBbM7/KxjDCnV0","previousCounter":0,"rootKey":"9LuyRjlfaJC/zkqlyc2Nsk8dlxYUPn1f7pXzTd+3EvY="},"indexInfo":{"baseKey":"BZSRx49nB4D1BvT9d2aC/GmWnvn8//Ya5HNWJU9OUoh6","baseKeyType":1,"closed":-1,"used":1713363936879,"created":1713363936879,"remoteIdentityKey":"BUEQQH4+Vx4B8A+6XK5pDyYVRJl6myOtoEb641SjnWxV"},"_chains":{"BY9xWYdA5aRHpho0WDmSvtGZ3cTGkIhOlL8N+JigD0Fi":{"chainKey":{"counter":0,"key":"MDfoxRhXWebubKdlmFBjUPW4bPpgECt2rMZG0hn5764="},"chainType":1,"messageKeys":{}}},"pendingPreKey":{"signedKeyId":0,"baseKey":"BZSRx49nB4D1BvT9d2aC/GmWnvn8//Ya5HNWJU9OUoh6","preKeyId":3481428}}},"version":"v1"}