{"_sessions":{"BdPcOdlhN3JvC1CZRT8LAOGWNyXdXNTN0laAtUKpWfly":{"registrationId":495206596,"currentRatchet":{"ephemeralKeyPair":{"pubKey":"BXl6FrhVY075K4i0WzPYQnUi3BGTdIIvTBMG3YkZj1Yp","privKey":"UFULsHMkBCJw4BqKBtYIsdzkj4IJOdkD+yni9qsOmkI="},"lastRemoteEphemeralKey":"BfDKamIu8zV/rYgb4HTGuVTqwTQiMcvWsDadkvAldQEb","previousCounter":0,"rootKey":"Yg/8wNOYwtopNS6s2St3GXEBIKOyQ0oR0GH/6NVlOMI="},"indexInfo":{"baseKey":"BdPcOdlhN3JvC1CZRT8LAOGWNyXdXNTN0laAtUKpWfly","baseKeyType":1,"closed":-1,"used":1713363936138,"created":1713363936138,"remoteIdentityKey":"BVv9LRroQeFAhmGbO/t1HhYYzXMyJurULATvvkzNDIVJ"},"_chains":{"BXl6FrhVY075K4i0WzPYQnUi3BGTdIIvTBMG3YkZj1Yp":{"chainKey":{"counter":0,"key":"JZ0w6d+F9E9KwT3ZGoqWrzKKTiGzLX7njFbB5A8iMz0="},"chainType":1,"messageKeys":{}}},"pendingPreKey":{"signedKeyId":0,"baseKey":"BdPcOdlhN3JvC1CZRT8LAOGWNyXdXNTN0laAtUKpWfly","preKeyId":7254408}}},"version":"v1"}