{"_sessions":{"BRVoBqpOZew/oIavLRAY2zbwkZmWwCJZdz61lu202jk6":{"registrationId":1175627653,"currentRatchet":{"ephemeralKeyPair":{"pubKey":"BXbhOLzvCME7o2VZ4MQiFApPWADyKR5iqQOPz9s6mWZw","privKey":"ABo2CvVxo94ZnCTFhbVPFJcHFS21wNVkqqvmv8qO3UA="},"lastRemoteEphemeralKey":"Betlynm6gu0NKsJOrrTEcGzSblzzzLKhpfg5AoW52AV4","previousCounter":0,"rootKey":"bRBML+dpUCrhVg3z1PizEZWJ8bhGRsYEyV3DZf0NTgY="},"indexInfo":{"baseKey":"BRVoBqpOZew/oIavLRAY2zbwkZmWwCJZdz61lu202jk6","baseKeyType":1,"closed":-1,"used":1713363937127,"created":1713363937127,"remoteIdentityKey":"BX7Vrq1oy81G9Yxnxwp5ZeiPBCvM4xfoxw+gZUU4LLVh"},"_chains":{"BXbhOLzvCME7o2VZ4MQiFApPWADyKR5iqQOPz9s6mWZw":{"chainKey":{"counter":0,"key":"RzRKB8TGVvpV/+OxrEgIPWJP263SvHpo2kHq5VYv1yE="},"chainType":1,"messageKeys":{}}},"pendingPreKey":{"signedKeyId":0,"baseKey":"BRVoBqpOZew/oIavLRAY2zbwkZmWwCJZdz61lu202jk6"}}},"version":"v1"}