{"_sessions":{"BeZ/6rM7lM6FX/JCjao0vpAsHRlapn+/9HJ5MyT2uZ9v":{"registrationId":2019922001,"currentRatchet":{"ephemeralKeyPair":{"pubKey":"BeAdxk9KlgxpkUcCg8yV7ygfMvwMURADSPildQUZLV0a","privKey":"0ElmUgNwN28SzeuLwmMOSFLTihhr3UiiaDi4FZDAzkI="},"lastRemoteEphemeralKey":"Bb0xx8J+IyYWvUKt4pECYAPL2leVEsQz30WCQtV5yKtN","previousCounter":0,"rootKey":"6HXkyuvkwhXCkPWdDEp/91TN7fSpPx3l/NukwOiXbgk="},"indexInfo":{"baseKey":"BeZ/6rM7lM6FX/JCjao0vpAsHRlapn+/9HJ5MyT2uZ9v","baseKeyType":1,"closed":-1,"used":1713363936400,"created":1713363936400,"remoteIdentityKey":"BdJ1dR9JxGtcTLuAIrRAVYRvSFAwYJQElDSi4Ap9MXsh"},"_chains":{"BeAdxk9KlgxpkUcCg8yV7ygfMvwMURADSPildQUZLV0a":{"chainKey":{"counter":0,"key":"W8ZSHz0Dan17x6HWchR8NLKA6k7c2HL5KaYjwImgQZI="},"chainType":1,"messageKeys":{}}},"pendingPreKey":{"signedKeyId":0,"baseKey":"BeZ/6rM7lM6FX/JCjao0vpAsHRlapn+/9HJ5MyT2uZ9v","preKeyId":7787164}}},"version":"v1"}