{"_sessions":{"BalU98U4IVGpT6Y/UqV4nLLBuwgiQQUTKdH4BSqXIp8z":{"registrationId":10229,"currentRatchet":{"ephemeralKeyPair":{"pubKey":"BWPOoku23Uh5JdGE53b7IVM8l6I50jy4nlfVnQ2qSIlD","privKey":"SBt0PdBxJMgW2WHBcgF+uOyOknlWpXv0Di8O+TJ4l2Q="},"lastRemoteEphemeralKey":"BfTkGpAJz6iDzuC/e7krJPjLGd0psQwkAG9SstXqtjcb","previousCounter":0,"rootKey":"CVyw3b6TT66ZMSZIi8fyETDsN6GnUnyX0yzvQCxnXxs="},"indexInfo":{"baseKey":"BalU98U4IVGpT6Y/UqV4nLLBuwgiQQUTKdH4BSqXIp8z","baseKeyType":1,"closed":-1,"used":1713363934526,"created":1713363934526,"remoteIdentityKey":"BeHyPNDWTb3o6jGgzbemuIdmV0HrGO1Iera12qpsKo15"},"_chains":{"BWPOoku23Uh5JdGE53b7IVM8l6I50jy4nlfVnQ2qSIlD":{"chainKey":{"counter":0,"key":"FwWy+p8PatAG9RL7hITVTHvN8iJBno1vasdiPLvoCDU="},"chainType":1,"messageKeys":{}}},"pendingPreKey":{"signedKeyId":1,"baseKey":"BalU98U4IVGpT6Y/UqV4nLLBuwgiQQUTKdH4BSqXIp8z"}}},"version":"v1"}