{"_sessions":{"Ba2SCUA2Wt3i2uUYwK89LScZ/O6ZLO51nL8H6D7Vk4MC":{"registrationId":1893463494,"currentRatchet":{"ephemeralKeyPair":{"pubKey":"Bd0tmiyIHdy2xKno0+/cF1mo/jh0/W/NhESv4yipYc8e","privKey":"OPkpaHFdtQk8OaVTfCaiabBBfofpXIPGVaNZpMMBO04="},"lastRemoteEphemeralKey":"BeQsUQsp//1ZgEgUu3d9OfaLWiQr75/QtPg8jvEKIQUA","previousCounter":0,"rootKey":"pIpevEduE6HWkVTBfweI2nVSdSzZW7k4Axs4T/KCfUs="},"indexInfo":{"baseKey":"Ba2SCUA2Wt3i2uUYwK89LScZ/O6ZLO51nL8H6D7Vk4MC","baseKeyType":1,"closed":-1,"used":1713363935600,"created":1713363935600,"remoteIdentityKey":"Ba+CSPTNY0vGJyUFc0aot88dBgkWIENLP6bxg7E7OKpH"},"_chains":{"Bd0tmiyIHdy2xKno0+/cF1mo/jh0/W/NhESv4yipYc8e":{"chainKey":{"counter":0,"key":"4cGxEBdmPoPkPni4EjIfkzCGxVvYlLGlKrzKagnMbCU="},"chainType":1,"messageKeys":{}}},"pendingPreKey":{"signedKeyId":0,"baseKey":"Ba2SCUA2Wt3i2uUYwK89LScZ/O6ZLO51nL8H6D7Vk4MC","preKeyId":8861969}}},"version":"v1"}