{"_sessions":{"BWj2bO2ysGJXhj6ou1SVCWVHfgSBUt3N21Noz8LEBt5Z":{"registrationId":416564725,"currentRatchet":{"ephemeralKeyPair":{"pubKey":"BeMPheP3BcFNrSUZOAxfrd8Fst8zQHGrrct+f8vLLGoL","privKey":"4OB8qRD3BY78UuqWGD6MjTCEwz7CXdDGpGZp6AlrNnA="},"lastRemoteEphemeralKey":"BTlwD6sfoNCkl6L1wRDE7CXT05GBD0y1AqbugI6zpcd5","previousCounter":0,"rootKey":"pHKVhAdZJAFRZXOlw+b9PV1KA7VlmD0qYyi08IRzHjY="},"indexInfo":{"baseKey":"BWj2bO2ysGJXhj6ou1SVCWVHfgSBUt3N21Noz8LEBt5Z","baseKeyType":1,"closed":-1,"used":1713363935906,"created":1713363935906,"remoteIdentityKey":"BcZOv99fnwqC7rwadZOePNqxke8nbVJyooF5XoUWzy5e"},"_chains":{"BeMPheP3BcFNrSUZOAxfrd8Fst8zQHGrrct+f8vLLGoL":{"chainKey":{"counter":0,"key":"Hm4RXM2QC9Onaz2BNLi0JKJ4WBXkDt9SoRkaJhGuP+c="},"chainType":1,"messageKeys":{}}},"pendingPreKey":{"signedKeyId":0,"baseKey":"BWj2bO2ysGJXhj6ou1SVCWVHfgSBUt3N21Noz8LEBt5Z"}}},"version":"v1"}