{"_sessions":{"BQVxfc//PEFDK0u2vUpbpAy6pFIkohCKs44zGWZ8Yv8s":{"registrationId":525313042,"currentRatchet":{"ephemeralKeyPair":{"pubKey":"BcSGWeHRB/9y5iitzftVNXaX2gPe7BOZCPeWfgay6480","privKey":"SIxHzB84dw+Kk+4WLrzrk3/774ZXT4DEqYCldQi22HY="},"lastRemoteEphemeralKey":"BVZnQpvPIm0LHrTPE35A3PAbW3Gp1xcqUXUIFFxE4K5J","previousCounter":0,"rootKey":"p4SxH2lTS1a0heWLqsjW9NLj/Hfnb8YcpCysTyDuSvM="},"indexInfo":{"baseKey":"BQVxfc//PEFDK0u2vUpbpAy6pFIkohCKs44zGWZ8Yv8s","baseKeyType":1,"closed":-1,"used":1713363936924,"created":1713363936924,"remoteIdentityKey":"BWb08Br2oTZ6o1bgSw7BYg2jJSZuBlRobx/6QtHBDP8p"},"_chains":{"BcSGWeHRB/9y5iitzftVNXaX2gPe7BOZCPeWfgay6480":{"chainKey":{"counter":0,"key":"+BVXk3p05RaRhlwUSeAnYtKEUtICJybocbXQGmc7YeE="},"chainType":1,"messageKeys":{}}},"pendingPreKey":{"signedKeyId":0,"baseKey":"BQVxfc//PEFDK0u2vUpbpAy6pFIkohCKs44zGWZ8Yv8s","preKeyId":14903301}}},"version":"v1"}