{"_sessions":{"BQs0G+zxZfu/7iLQHXnbdDw8P++c4lfWFcL1sUSVw7Zr":{"registrationId":1322958538,"currentRatchet":{"ephemeralKeyPair":{"pubKey":"BfQy1AEn9aIRbpSNnMEvRSymhZCxsfO1Wy2Nl+DY8KYR","privKey":"kOcHQX+Z/7NqDGV9qPh0XoKBdQyGHvo2SeLhiT69YFY="},"lastRemoteEphemeralKey":"Bf3bz/nAJdPIqzq+5jOtP/HB2p3+ENEqR/vn82HiKgQO","previousCounter":0,"rootKey":"0TDOvh2NSEl90bhyv9SXaj03JRmJt9Nqs1xBYlG3GOI="},"indexInfo":{"baseKey":"BQs0G+zxZfu/7iLQHXnbdDw8P++c4lfWFcL1sUSVw7Zr","baseKeyType":1,"closed":-1,"used":1713363935652,"created":1713363935652,"remoteIdentityKey":"Bc/Gg11pJA8djjGQS+JTqCNyoFSeWpvbtfKLJAv6ixZA"},"_chains":{"BfQy1AEn9aIRbpSNnMEvRSymhZCxsfO1Wy2Nl+DY8KYR":{"chainKey":{"counter":0,"key":"BxJBcpuAjkzk/knOkgZSEK7qRPfB4Mo/xVizmtDZCWc="},"chainType":1,"messageKeys":{}}},"pendingPreKey":{"signedKeyId":11,"baseKey":"BQs0G+zxZfu/7iLQHXnbdDw8P++c4lfWFcL1sUSVw7Zr","preKeyId":5508790}}},"version":"v1"}