{"_sessions":{"BUGRGIBQfJROF7nH4q4jkgIHNh6VyVdQYuRjdObIPqsn":{"registrationId":1224649401,"currentRatchet":{"ephemeralKeyPair":{"pubKey":"BQrVw7K4nao7DR/G6up8kgPBDGqPUrwQh2jlmXWeVrc+","privKey":"gKIEaq2XRQwbmpLTYUQsAMr7PoaNSK/+BIXGnwXq2WY="},"lastRemoteEphemeralKey":"BWPFF36Cs0BwEORuWSmmX5HoGs6JmOEobkJuzbsDGWhw","previousCounter":0,"rootKey":"V1olZgZOTH/T3L0Of/w7AOv9MTL8zdtrxoq7nXGcA5I="},"indexInfo":{"baseKey":"BUGRGIBQfJROF7nH4q4jkgIHNh6VyVdQYuRjdObIPqsn","baseKeyType":1,"closed":-1,"used":1713363934619,"created":1713363934619,"remoteIdentityKey":"BYbHiw6bxTKiqkcadzSWdIzwX7hVTHKoGLEXiU/9EEVh"},"_chains":{"BQrVw7K4nao7DR/G6up8kgPBDGqPUrwQh2jlmXWeVrc+":{"chainKey":{"counter":0,"key":"K6kjFe7LFotgDBZ5s5qAtfQNfc3FktpGLoZVhqkVrHw="},"chainType":1,"messageKeys":{}}},"pendingPreKey":{"signedKeyId":1,"baseKey":"BUGRGIBQfJROF7nH4q4jkgIHNh6VyVdQYuRjdObIPqsn","preKeyId":11426187}}},"version":"v1"}