{"_sessions":{"BcnEalFFrADZebkQAHDvzYcPeoOYJs2/kMdq81b73OFQ":{"registrationId":965876033,"currentRatchet":{"ephemeralKeyPair":{"pubKey":"BQH8wV9qND3H+UALE5o+3SHyQJnUqWj2Taw7wxfPjEMM","privKey":"8NOGJ+puWCSp456JUjNwU/R5VbtbJ42+emJChSfJB3U="},"lastRemoteEphemeralKey":"BUU3kjV6cY/asAqYXWOnWOkZlHUhkBh7a7lOhtclJIoC","previousCounter":0,"rootKey":"TWqw24FyX/o4tj5Gn6xT1HekSI8gi4okNQsGQErv7Ps="},"indexInfo":{"baseKey":"BcnEalFFrADZebkQAHDvzYcPeoOYJs2/kMdq81b73OFQ","baseKeyType":1,"closed":-1,"used":1713363935478,"created":1713363935478,"remoteIdentityKey":"BQlT8WDNMn36JjWu+g1Qa/AfZy2G3c49tnmV0p6TY3dP"},"_chains":{"BQH8wV9qND3H+UALE5o+3SHyQJnUqWj2Taw7wxfPjEMM":{"chainKey":{"counter":0,"key":"ohXEAvT8uuNuwlLAnWvITiVuCVB7hMkrEuceCZ5V5B8="},"chainType":1,"messageKeys":{}}},"pendingPreKey":{"signedKeyId":2,"baseKey":"BcnEalFFrADZebkQAHDvzYcPeoOYJs2/kMdq81b73OFQ","preKeyId":9105064}}},"version":"v1"}