{"_sessions":{"Bf0RE4pD+z8O+w68c0jZXFN/pqnQigrY4GSNPseHJG14":{"registrationId":256057529,"currentRatchet":{"ephemeralKeyPair":{"pubKey":"BUSMulF9i2mo7nThPzplaOFcBwmZuKCkgjMYS0t2Ay0A","privKey":"kLmjD6kKIj3ZlWtmwQoddBJRiW2plklqt/WlQGRN03E="},"lastRemoteEphemeralKey":"BX456tPxn706XNn26jerHylv3hvb0KnUyzC59PFM6d4N","previousCounter":0,"rootKey":"oVCQ5bEXNrbb+TV+wtbuPWMdbrB52NqAspMbVtggG08="},"indexInfo":{"baseKey":"Bf0RE4pD+z8O+w68c0jZXFN/pqnQigrY4GSNPseHJG14","baseKeyType":1,"closed":-1,"used":1713363935531,"created":1713363935531,"remoteIdentityKey":"BbfjckufvsYamDIFjLLPgO9NYZWSG6n7bW2yhLC122sJ"},"_chains":{"BUSMulF9i2mo7nThPzplaOFcBwmZuKCkgjMYS0t2Ay0A":{"chainKey":{"counter":0,"key":"jjKRXT+Mqmt9oI3kD7TiJ1NJRwBIH0Q6ofO5PWhXamw="},"chainType":1,"messageKeys":{}}},"pendingPreKey":{"signedKeyId":0,"baseKey":"Bf0RE4pD+z8O+w68c0jZXFN/pqnQigrY4GSNPseHJG14"}}},"version":"v1"}