{"_sessions":{"BQiwMVmaPZfzI9AwnGzQjpumaTNjfsktXrv2SN4Md0FY":{"registrationId":1735167160,"currentRatchet":{"ephemeralKeyPair":{"pubKey":"BQWBxfpDNw9F0XigsgVyKCdGdLluetM++ummyOXGuw5v","privKey":"wOIRFft5yv1wX5ypPirpbbEPA+sVhdpQU4X6KVS9Y2w="},"lastRemoteEphemeralKey":"BSIGdk4f0iCZMFD/3aW8IDxC8Ok3vuPO4/ylF0lnhExr","previousCounter":0,"rootKey":"KxeEW2uW2k0Hkfxh5GhF0bBiwwpk6PcpfBu40FdNBJQ="},"indexInfo":{"baseKey":"BQiwMVmaPZfzI9AwnGzQjpumaTNjfsktXrv2SN4Md0FY","baseKeyType":1,"closed":-1,"used":1713363937178,"created":1713363937178,"remoteIdentityKey":"Bfm9eZR8adU99ILZips1WAfp1TqlW2oExNB5LJUWyQ4z"},"_chains":{"BQWBxfpDNw9F0XigsgVyKCdGdLluetM++ummyOXGuw5v":{"chainKey":{"counter":0,"key":"rP2H5QNnM0sRXw6xqwPbzgTcBo6ReNNy1DhfUlL4NNU="},"chainType":1,"messageKeys":{}}},"pendingPreKey":{"signedKeyId":3,"baseKey":"BQiwMVmaPZfzI9AwnGzQjpumaTNjfsktXrv2SN4Md0FY","preKeyId":13926379}}},"version":"v1"}