{"_sessions":{"BdrNKgavV7jMPJxgvLOQm/ZG2CAiLhE+/SeKzw7mh6Qs":{"registrationId":1727040929,"currentRatchet":{"ephemeralKeyPair":{"pubKey":"Bcdw9oA/gDQ+OpVt0ZhqMYHqiODh3iOyBBF8I7pnWgEu","privKey":"wERYagAv/7vWHrK6+iXHRU+e0uyngjDtIrrRUdzzfFY="},"lastRemoteEphemeralKey":"BR6Gi+DqT7/flUnTShx2kTGcdhv2gn3at5LkINsaKj8X","previousCounter":0,"rootKey":"Zni+0u+IkIJE6/tg/yu1jdudDtXwr9KcZ/MeaaZEKGc="},"indexInfo":{"baseKey":"BdrNKgavV7jMPJxgvLOQm/ZG2CAiLhE+/SeKzw7mh6Qs","baseKeyType":1,"closed":-1,"used":1713363935222,"created":1713363935222,"remoteIdentityKey":"BZUg842xZXO1j6fiB4Zx3aar+CoUaxk2acruKT29a+N5"},"_chains":{"Bcdw9oA/gDQ+OpVt0ZhqMYHqiODh3iOyBBF8I7pnWgEu":{"chainKey":{"counter":0,"key":"fWL5mGVR1KHSKTBY1ULfp2HJi2HgEq33BtGEVnxxFeg="},"chainType":1,"messageKeys":{}}},"pendingPreKey":{"signedKeyId":4,"baseKey":"BdrNKgavV7jMPJxgvLOQm/ZG2CAiLhE+/SeKzw7mh6Qs","preKeyId":1373073}}},"version":"v1"}