{"_sessions":{"BTLLmn5n9BT48UqZ0be65H9gUeQTbWsQ2t04Nb/Prp0l":{"registrationId":322195939,"currentRatchet":{"ephemeralKeyPair":{"pubKey":"BZq9NbWU7YBKcGt/5/ZhHibYc2adJpmJweISdFaZJCVP","privKey":"eLstlzwYWXh2L+SDPNmBs0esBmrm57dyvwSsR11ua2Q="},"lastRemoteEphemeralKey":"BUY05k0gnUCSirnGjraNGMOvQNSLu/RJMt9ApBLvKkB6","previousCounter":0,"rootKey":"eE0pUnexD9lLbWDUhza26jyatRIBjNGkqFrOlbY83tM="},"indexInfo":{"baseKey":"BTLLmn5n9BT48UqZ0be65H9gUeQTbWsQ2t04Nb/Prp0l","baseKeyType":1,"closed":-1,"used":1713363934426,"created":1713363934426,"remoteIdentityKey":"BZf2aFHg2R78v/pStBVfsrelkph6iKZn3TZOs3SKc7xl"},"_chains":{"BZq9NbWU7YBKcGt/5/ZhHibYc2adJpmJweISdFaZJCVP":{"chainKey":{"counter":0,"key":"hHpGqEzX7dFRO6HKtKqM7j6wgmRguZpzQ5dgU1naeOY="},"chainType":1,"messageKeys":{}}},"pendingPreKey":{"signedKeyId":1,"baseKey":"BTLLmn5n9BT48UqZ0be65H9gUeQTbWsQ2t04Nb/Prp0l","preKeyId":10929447}}},"version":"v1"}