{"_sessions":{"BfzKTy6QRHq8ZKuDmmrBhkEckQwzmQ5myiD8kgtuKGIF":{"registrationId":1823820513,"currentRatchet":{"ephemeralKeyPair":{"pubKey":"BQ99yxVQ4cbMAZYU7Uo4AzntSKxWjmMXPt2Ph70htSld","privKey":"cH9kywLzBxFyWOFczm4FQj6jkdkJJT5g2qgM+JSMrVo="},"lastRemoteEphemeralKey":"BSePFIyWoDxKD/PzPPzeDkiNj3K+zZ/6eh89VX7Vysk8","previousCounter":0,"rootKey":"izLgDhOXcBS63yBtJSzPs2R/PXFSLK9+d6rOC916W/I="},"indexInfo":{"baseKey":"BfzKTy6QRHq8ZKuDmmrBhkEckQwzmQ5myiD8kgtuKGIF","baseKeyType":1,"closed":-1,"used":1713363934927,"created":1713363934927,"remoteIdentityKey":"BeU9DvzFepu5EZIhcrafDo6PUQyG9rc2bf3sZG2/lK96"},"_chains":{"BQ99yxVQ4cbMAZYU7Uo4AzntSKxWjmMXPt2Ph70htSld":{"chainKey":{"counter":0,"key":"I3OwLJRNfGau4nuEDunuyNRz0grL7rV5P8flvAJP2EQ="},"chainType":1,"messageKeys":{}}},"pendingPreKey":{"signedKeyId":1,"baseKey":"BfzKTy6QRHq8ZKuDmmrBhkEckQwzmQ5myiD8kgtuKGIF"}}},"version":"v1"}