{"_sessions":{"BduKZm+quDslbhO04ogEGFA2GActB/ZLXwL/3lGsa8lO":{"registrationId":221,"currentRatchet":{"ephemeralKeyPair":{"pubKey":"Bef1o7ocS/hK2KdcxTEnVVSPTil0nIyamffwsf5gPbEM","privKey":"SGlPJ6JGyz6NQWDVIIpo1DPLgj9+SE1Rjg44W1+lUWA="},"lastRemoteEphemeralKey":"BXDbVpGqlwJJIFc98m6wkHfoH9lbAmem8Q6CPewvdlQq","previousCounter":0,"rootKey":"OzmB0s82GTsrotmGQad//FZhlIV9ZJyOWcLA07m21jY="},"indexInfo":{"baseKey":"BduKZm+quDslbhO04ogEGFA2GActB/ZLXwL/3lGsa8lO","baseKeyType":1,"closed":-1,"used":1713363934803,"created":1713363934803,"remoteIdentityKey":"BSXNYRd8npS0cIo5HMkcqsExzRpTJCGd3ADGuRVcVvNg"},"_chains":{"Bef1o7ocS/hK2KdcxTEnVVSPTil0nIyamffwsf5gPbEM":{"chainKey":{"counter":0,"key":"SB3kT+AaCdZainZaeYQXxBTHxtcqQMABMjWt6J6H04k="},"chainType":1,"messageKeys":{}}},"pendingPreKey":{"signedKeyId":1,"baseKey":"BduKZm+quDslbhO04ogEGFA2GActB/ZLXwL/3lGsa8lO"}}},"version":"v1"}