{"_sessions":{"Bei3hZT60eu1nXFLf5A9qcaj5uwDISuGX7dFOUfsMeM3":{"registrationId":150,"currentRatchet":{"ephemeralKeyPair":{"pubKey":"BfNCtQvsW6p8OAnGgmY0ZC2B369LCrcwNZy+qBqMD2ca","privKey":"UOpRqcMdDCI6lCrboYq+URDIYPFz0KqmiGX++D2cmVs="},"lastRemoteEphemeralKey":"BX2w4t7sTnPOL/VsWsENtavHvIfCW/ypacZXiCxD9dQn","previousCounter":0,"rootKey":"zmppm/JyDHXEYyDCh2izL7Sat2qURJAInxMQfYJ7+bA="},"indexInfo":{"baseKey":"Bei3hZT60eu1nXFLf5A9qcaj5uwDISuGX7dFOUfsMeM3","baseKeyType":1,"closed":-1,"used":1713363935018,"created":1713363935018,"remoteIdentityKey":"BRIni0wTkf7X7L4gVW6FVWJc/XuiNPYDktDwEfvKssIp"},"_chains":{"BfNCtQvsW6p8OAnGgmY0ZC2B369LCrcwNZy+qBqMD2ca":{"chainKey":{"counter":0,"key":"gLojmMQREJHjE8JjoWlCwqtsL8pQdd+g2omRE8xOCno="},"chainType":1,"messageKeys":{}}},"pendingPreKey":{"signedKeyId":1,"baseKey":"Bei3hZT60eu1nXFLf5A9qcaj5uwDISuGX7dFOUfsMeM3"}}},"version":"v1"}