{"_sessions":{"BcvPZNd9WH043SE4+KAAa68DPZ5ZhU/2jt7fqlxZkxc0":{"registrationId":842845667,"currentRatchet":{"ephemeralKeyPair":{"pubKey":"BR1anuxgJdM8fGuJYkh6TrDy4CrJ2CiCUC6vjYDgOscB","privKey":"8IM7d6JJPA6ir/gkdoXEYI1SbRJml/OB8f3YyWE0Lmg="},"lastRemoteEphemeralKey":"BUDlirm80TWKHoTmIrMw/TA6mJho1WkGQFYDxqcVBLty","previousCounter":0,"rootKey":"7NETk5Hq5pxszKrLfrDx/CxRr/D/fhmUA5H0k5p8wtw="},"indexInfo":{"baseKey":"BcvPZNd9WH043SE4+KAAa68DPZ5ZhU/2jt7fqlxZkxc0","baseKeyType":1,"closed":-1,"used":1713363936406,"created":1713363936406,"remoteIdentityKey":"BUNO0K5PjyCTHD8tvTvUyvnQaQAy84sgjBI+r3pbfop5"},"_chains":{"BR1anuxgJdM8fGuJYkh6TrDy4CrJ2CiCUC6vjYDgOscB":{"chainKey":{"counter":0,"key":"7Mh/db5cBEbm0zu8xR/3ZdQN/AE/AYACCP3IY8HSb68="},"chainType":1,"messageKeys":{}}},"pendingPreKey":{"signedKeyId":4,"baseKey":"BcvPZNd9WH043SE4+KAAa68DPZ5ZhU/2jt7fqlxZkxc0","preKeyId":1814541}}},"version":"v1"}