{"_sessions":{"Bczk6fooHxEoPmVllN50Xuymg5Vc0GiO9jJMpTlQFygj":{"registrationId":505250470,"currentRatchet":{"ephemeralKeyPair":{"pubKey":"Bbye48ne/OX9Y9UwEPoCBIzNrxuiVf6d30jxfQo7otFa","privKey":"QCT8zaBH61jkeaWCE+1+2zb0HGBa1tN9X/lNv0wHSXo="},"lastRemoteEphemeralKey":"BYOOcFGXOi5VAA6jSN3mmQEKmKcU2vOYCExH52lnE0l/","previousCounter":0,"rootKey":"tdron/Ao/VZdfrH1bHCr3g3bfu5bWOgUEJzmr7diVpM="},"indexInfo":{"baseKey":"Bczk6fooHxEoPmVllN50Xuymg5Vc0GiO9jJMpTlQFygj","baseKeyType":1,"closed":-1,"used":1713363936903,"created":1713363936903,"remoteIdentityKey":"BdmB6yk4I2kK6k8KYcvA1m8URocP/4DpqTHvR2LUgMB4"},"_chains":{"Bbye48ne/OX9Y9UwEPoCBIzNrxuiVf6d30jxfQo7otFa":{"chainKey":{"counter":0,"key":"/v0GCOJ2LvAvCyf+is+ZiNGiN8AomK38TknEVMsuAek="},"chainType":1,"messageKeys":{}}},"pendingPreKey":{"signedKeyId":1,"baseKey":"Bczk6fooHxEoPmVllN50Xuymg5Vc0GiO9jJMpTlQFygj","preKeyId":9773869}}},"version":"v1"}