{"_sessions":{"Bdo/rMphEqZOqVdoQt7Uj03BIpF1O4RxIGViiIdl8p8V":{"registrationId":286322932,"currentRatchet":{"ephemeralKeyPair":{"pubKey":"Bb3+aAdYX7oGCiVMA7nN5Il1KPBGuG9KNY7SSX8xG214","privKey":"yADI6btVk8GB6rFDqyztaiPQJz08WCGn2G4gGe93eXo="},"lastRemoteEphemeralKey":"BcE0OoZZmS5SNBjK65YftJY4GHPd++YLSkDs9nuvDSdA","previousCounter":0,"rootKey":"LSQeDYzrNi7HzAti9+NYiklkSWr5auy7RSphhY3upiI="},"indexInfo":{"baseKey":"Bdo/rMphEqZOqVdoQt7Uj03BIpF1O4RxIGViiIdl8p8V","baseKeyType":1,"closed":-1,"used":1713363936199,"created":1713363936199,"remoteIdentityKey":"BW8EDx50ULyyUdaz9PdMJ+opb1XvZaswP/8l4KwwRJxb"},"_chains":{"Bb3+aAdYX7oGCiVMA7nN5Il1KPBGuG9KNY7SSX8xG214":{"chainKey":{"counter":0,"key":"l39O+y5tDTrK7WybJcbt/HtYKmX07cOsgX/rP8YGTlI="},"chainType":1,"messageKeys":{}}},"pendingPreKey":{"signedKeyId":8,"baseKey":"Bdo/rMphEqZOqVdoQt7Uj03BIpF1O4RxIGViiIdl8p8V","preKeyId":15013482}}},"version":"v1"}