{"_sessions":{"BdpO4jpPVDmwi+NIpAf2lpuYwyARA1xKrCGoeXnowtEW":{"registrationId":185079638,"currentRatchet":{"ephemeralKeyPair":{"pubKey":"BUqs1ccFY6n9d8ETlQ8s8wq5DCYmjrY5sA2YmUaZK0x8","privKey":"ODeBlJqjXSSaxzmo7kWMjgNYclhGoanBbhmxzdyTmmI="},"lastRemoteEphemeralKey":"BZRVxdSHTiwfM9X7VaJ0JxmrLNxFVQxhEOrx/KeOwZNG","previousCounter":0,"rootKey":"dYNZ7MNEuhqyY+pbB+Ea5xPLTuie7iE7hFadFmiTcsA="},"indexInfo":{"baseKey":"BdpO4jpPVDmwi+NIpAf2lpuYwyARA1xKrCGoeXnowtEW","baseKeyType":1,"closed":-1,"used":1713363935813,"created":1713363935813,"remoteIdentityKey":"BfeSomYqJqCB0AVLr7tDm5XqxMed7xi5lfnJpdo21uxf"},"_chains":{"BUqs1ccFY6n9d8ETlQ8s8wq5DCYmjrY5sA2YmUaZK0x8":{"chainKey":{"counter":0,"key":"WoaZv4W/zZ6XNS+1ZxENp93+LMXmGzWeckoHjcy/DVQ="},"chainType":1,"messageKeys":{}}},"pendingPreKey":{"signedKeyId":9,"baseKey":"BdpO4jpPVDmwi+NIpAf2lpuYwyARA1xKrCGoeXnowtEW","preKeyId":3365569}}},"version":"v1"}