{"_sessions":{"BR0tN4p4Rh0OWrX60kxcTtgY6hyyh0tIXXy1+NGQH4gW":{"registrationId":490155784,"currentRatchet":{"ephemeralKeyPair":{"pubKey":"BTIkptsFNP37c6NKkazZe997wY9k3Kz2+TNwfSwR4/dQ","privKey":"8KCTnZy+Az5H7dw0vrwq9pvueJUyjThbxcniRvYe4mM="},"lastRemoteEphemeralKey":"BVbz9JBFWaCcUounUy/LBkA1nqaIp5TAjo/8LWYKjjxf","previousCounter":0,"rootKey":"91P+sjuhgJqR0wRr3XVX3dDiams6VIZ5NEI7EvGk+GA="},"indexInfo":{"baseKey":"BR0tN4p4Rh0OWrX60kxcTtgY6hyyh0tIXXy1+NGQH4gW","baseKeyType":1,"closed":-1,"used":1713363936596,"created":1713363936596,"remoteIdentityKey":"BQuemVSpRob0ZNSuSDriFQdt7BPRaA8rwrjIp2wqQuJr"},"_chains":{"BTIkptsFNP37c6NKkazZe997wY9k3Kz2+TNwfSwR4/dQ":{"chainKey":{"counter":0,"key":"Wkt4lRlEp2LndNVkNp3h7vr692R/R0E0HBsqpv6exnA="},"chainType":1,"messageKeys":{}}},"pendingPreKey":{"signedKeyId":0,"baseKey":"BR0tN4p4Rh0OWrX60kxcTtgY6hyyh0tIXXy1+NGQH4gW","preKeyId":1469485}}},"version":"v1"}