{"_sessions":{"BVVQf9llN99bVWwBwAJ8eh8HdmB1sa8ZQExwrPmbuTUZ":{"registrationId":974232649,"currentRatchet":{"ephemeralKeyPair":{"pubKey":"BQC/fVh+13qjweF9n2LheFxhWstkmFD0vfY4XB0NpR8D","privKey":"iM1waMjK4Ynd1oez68JiDUA55Y4ixwmzwwOq/HoIZXA="},"lastRemoteEphemeralKey":"BW0/KoqrrU4OmQeUry37pD86062U3LkNQy1S8FS8REMW","previousCounter":0,"rootKey":"EHvSt/rZLf5BsK9GeM0Yb2L4btaVutvbkthlQdAmmd0="},"indexInfo":{"baseKey":"BVVQf9llN99bVWwBwAJ8eh8HdmB1sa8ZQExwrPmbuTUZ","baseKeyType":1,"closed":-1,"used":1713363936302,"created":1713363936302,"remoteIdentityKey":"BcwPQAtwgK65ZhczRJAf61N/GCPTS1NSxZdPWg7I+XVP"},"_chains":{"BQC/fVh+13qjweF9n2LheFxhWstkmFD0vfY4XB0NpR8D":{"chainKey":{"counter":0,"key":"DMr5flg3msZVLE7k96AF2n8SmkYFiXJk4wGSEalNN44="},"chainType":1,"messageKeys":{}}},"pendingPreKey":{"signedKeyId":0,"baseKey":"BVVQf9llN99bVWwBwAJ8eh8HdmB1sa8ZQExwrPmbuTUZ"}}},"version":"v1"}