{"_sessions":{"BeAFu0LZRzRxGLgQyJmcOFzBHCjhZj/Pk3Zp3UvIbkJC":{"registrationId":337520008,"currentRatchet":{"ephemeralKeyPair":{"pubKey":"BYCCEfD0xc7bU5vPYcdHHPRTi3DDA+Gsm+9iCasEZJB0","privKey":"UBckYRa7qYbHTaNdsQghhXd0l6AaVFkudUCF9T7Jm2s="},"lastRemoteEphemeralKey":"BYaXytCywwnos6QBAOTGGU//dsrQw3pL60Vo+4sIHWJj","previousCounter":0,"rootKey":"yqJMeuHjlDXBaUnLnWHWxhoDnwJpNxoSYngEz4WcAD0="},"indexInfo":{"baseKey":"BeAFu0LZRzRxGLgQyJmcOFzBHCjhZj/Pk3Zp3UvIbkJC","baseKeyType":1,"closed":-1,"used":1713363935089,"created":1713363935089,"remoteIdentityKey":"BT+ZXtSA2jYDy4hJH3RMvXK24dAlryCTWsoTX3Y88ldG"},"_chains":{"BYCCEfD0xc7bU5vPYcdHHPRTi3DDA+Gsm+9iCasEZJB0":{"chainKey":{"counter":0,"key":"fzIFW0YK8zAS6J2tMCPgNPtliJkEmwc10ze47N68DaA="},"chainType":1,"messageKeys":{}}},"pendingPreKey":{"signedKeyId":0,"baseKey":"BeAFu0LZRzRxGLgQyJmcOFzBHCjhZj/Pk3Zp3UvIbkJC"}}},"version":"v1"}