{"_sessions":{"BVQBGwJWROKNE6TJ3+pJbNirW37S5emxMD8PR2XwBb0+":{"registrationId":139,"currentRatchet":{"ephemeralKeyPair":{"pubKey":"BX4kzeSK3QY1okZGQH4G79GU6atZSkXjOxblU99hPH8e","privKey":"QOOiuul1TomxL88ewdTJDVR9TOJuYNEfoMtfXV/t1lg="},"lastRemoteEphemeralKey":"BVxuOoRzZbfSuR0CwCko1OIe76/7P1w7byfdEAVw63pI","previousCounter":0,"rootKey":"5neWEb2itbLO9cKrNvlAkBGtEDmfsl9NGvvjSYFudro="},"indexInfo":{"baseKey":"BVQBGwJWROKNE6TJ3+pJbNirW37S5emxMD8PR2XwBb0+","baseKeyType":1,"closed":-1,"used":1713363935030,"created":1713363935030,"remoteIdentityKey":"BYvZsQ6t7+/rY6Oqk05dJDuI1GUvQr0wp9JCusAHz8IV"},"_chains":{"BX4kzeSK3QY1okZGQH4G79GU6atZSkXjOxblU99hPH8e":{"chainKey":{"counter":0,"key":"+dy0nVZ92wrEZU43pwgWI+3pSRohLLmbE56PL1ifRgU="},"chainType":1,"messageKeys":{}}},"pendingPreKey":{"signedKeyId":1,"baseKey":"BVQBGwJWROKNE6TJ3+pJbNirW37S5emxMD8PR2XwBb0+"}}},"version":"v1"}