{"_sessions":{"BUJf+VvriseaHOfDWmKCiOPhwp/pq3CF6iwjq4sNE+pQ":{"registrationId":1434364072,"currentRatchet":{"ephemeralKeyPair":{"pubKey":"BQhmy1HDTCD1axtyIppGUnISQUA4+HBwZ7i8DMl+bwss","privKey":"ACsBXDS69cCG8k2TyMonY4LH0SIC1otv/yQCITct4Hw="},"lastRemoteEphemeralKey":"BVV5/2WYhqLjIAakaIJhZeAJUYt24v18cTpJdTzhA51i","previousCounter":0,"rootKey":"46KsHUHBx5qHPmyl2QDcf2hi7vQP7sEfKVD56Km4MLQ="},"indexInfo":{"baseKey":"BUJf+VvriseaHOfDWmKCiOPhwp/pq3CF6iwjq4sNE+pQ","baseKeyType":1,"closed":-1,"used":1713363937011,"created":1713363937011,"remoteIdentityKey":"Bc1O1XjToj90/vbOpF4zw88Em1LFxCBBMydXt/244d5u"},"_chains":{"BQhmy1HDTCD1axtyIppGUnISQUA4+HBwZ7i8DMl+bwss":{"chainKey":{"counter":0,"key":"fW4WjxvWY0aC2ETjVvpLD8uhm/OOpgrsUKR4SQf6thc="},"chainType":1,"messageKeys":{}}},"pendingPreKey":{"signedKeyId":2,"baseKey":"BUJf+VvriseaHOfDWmKCiOPhwp/pq3CF6iwjq4sNE+pQ","preKeyId":1640701}}},"version":"v1"}