{"_sessions":{"Be5kTLytmLMUkeZfZQ45i++5QEwH+86m6etzlLS+ZJQ4":{"registrationId":150,"currentRatchet":{"ephemeralKeyPair":{"pubKey":"BYddEzC1e8UzmDnDUaqmjSrDEYtqtzQWhOd8hp81hXtB","privKey":"iPq8f2FN4TSjdjF5Q08ofg/4HFOcpJqgOQ4X0Y0rCnA="},"lastRemoteEphemeralKey":"Ba2BvM0g4dYC2xQs/ZUePLFKv66EqRpOLjUuFuMOGFc7","previousCounter":0,"rootKey":"UXn+g77QD9JLvjrmT4ZLJLnqFJ7ug6CMgGc6XhutLO0="},"indexInfo":{"baseKey":"Be5kTLytmLMUkeZfZQ45i++5QEwH+86m6etzlLS+ZJQ4","baseKeyType":1,"closed":-1,"used":1713363934993,"created":1713363934993,"remoteIdentityKey":"BYI7ZpNVm5Map4syT82bAI9IgMzDoBhPX0XeUa1nCCdX"},"_chains":{"BYddEzC1e8UzmDnDUaqmjSrDEYtqtzQWhOd8hp81hXtB":{"chainKey":{"counter":0,"key":"VIqbLGtVg0RusIgq+If1Q5DmTUMJZHa9gv+iywyyJX8="},"chainType":1,"messageKeys":{}}},"pendingPreKey":{"signedKeyId":1,"baseKey":"Be5kTLytmLMUkeZfZQ45i++5QEwH+86m6etzlLS+ZJQ4"}}},"version":"v1"}