{"_sessions":{"BWrd/IWVhXhhl+ibPH9J9+cAeXfYMkZ+823smZqG1yFW":{"registrationId":18810809,"currentRatchet":{"ephemeralKeyPair":{"pubKey":"BQmzf6NmiNKsF4ioeZzTToos4NnK78L5/AL1LIzN2rlr","privKey":"MEY14pZ9dZxz+WYrqNnurddxEFrwR2oAqYknP22r3X4="},"lastRemoteEphemeralKey":"BUFIrMCqnDn16aUbvpD2a0iVTDWGkIBm6/1jK3/U+a0E","previousCounter":0,"rootKey":"6tV+5EiH6W8d2jnQ/YVf15OBzqJMlDTprltNzgs6W0w="},"indexInfo":{"baseKey":"BWrd/IWVhXhhl+ibPH9J9+cAeXfYMkZ+823smZqG1yFW","baseKeyType":1,"closed":-1,"used":1713363935319,"created":1713363935319,"remoteIdentityKey":"BWhA4aHpLrGUAk4X4HPmzEKcICtoAS62Lyxh2HI+nb0q"},"_chains":{"BQmzf6NmiNKsF4ioeZzTToos4NnK78L5/AL1LIzN2rlr":{"chainKey":{"counter":0,"key":"Y/xs5IpHmATzhRD+XcPcJyLEdQHnQDrRWRrQDhvyX8A="},"chainType":1,"messageKeys":{}}},"pendingPreKey":{"signedKeyId":0,"baseKey":"BWrd/IWVhXhhl+ibPH9J9+cAeXfYMkZ+823smZqG1yFW"}}},"version":"v1"}