{"_sessions":{"BTXy2mG6lQYNwxS/L6OWX+JiX6CSG7BdoORYTcMN7uV9":{"registrationId":1449662060,"currentRatchet":{"ephemeralKeyPair":{"pubKey":"BYyuI45YaFdw1teNtMwoczVuvIf1+RA5HcUxlvaiUwVk","privKey":"AJfFHAQ9dzItMsRvv7ZaIZ0FxKmqy5o3yHO6QUyp/Xk="},"lastRemoteEphemeralKey":"BavtDPXYb9G+X9IOZGpntsoE9fz/ut7/+3o7uJEYkvZU","previousCounter":0,"rootKey":"TTM90+VGR5p1+1kgp7eKnigFnTVKnaxpN7zKcuJetU4="},"indexInfo":{"baseKey":"BTXy2mG6lQYNwxS/L6OWX+JiX6CSG7BdoORYTcMN7uV9","baseKeyType":1,"closed":-1,"used":1713363936517,"created":1713363936517,"remoteIdentityKey":"BfN5xtygC9orIHbU3I1rmyN2bKe5eug1KXBpLZglANUa"},"_chains":{"BYyuI45YaFdw1teNtMwoczVuvIf1+RA5HcUxlvaiUwVk":{"chainKey":{"counter":0,"key":"nnW9/P2lowDrcRnq044+jIX/o143OfIGj4u79y+VuxM="},"chainType":1,"messageKeys":{}}},"pendingPreKey":{"signedKeyId":5,"baseKey":"BTXy2mG6lQYNwxS/L6OWX+JiX6CSG7BdoORYTcMN7uV9","preKeyId":12717105}}},"version":"v1"}