{"_sessions":{"BZm+4Ypmfm8a1N5F+jw9MD8wZRDdIbQE1HwxuIWyzx03":{"registrationId":80,"currentRatchet":{"ephemeralKeyPair":{"pubKey":"BZbs+EywznEchP+wgAaANzYQDKu4Lrp+8DCOlFilMq9K","privKey":"sNV7FuYoDhlawWlDe0Th4TWvvEzx8vaZn4+rgjyAo1E="},"lastRemoteEphemeralKey":"BXRUD6yoBLytTwtJjZrc95fyHEx1w6J9hE/UaGbX000y","previousCounter":0,"rootKey":"sQwS8J09YvCBRzYookexBLozRM4znBgi6oEd45ueLWY="},"indexInfo":{"baseKey":"BZm+4Ypmfm8a1N5F+jw9MD8wZRDdIbQE1HwxuIWyzx03","baseKeyType":1,"closed":-1,"used":1713363934399,"created":1713363934399,"remoteIdentityKey":"Bco/6Hv9ZmAcHBw5P5KCXE+nEsC3loZm74C4m1VBEp09"},"_chains":{"BZbs+EywznEchP+wgAaANzYQDKu4Lrp+8DCOlFilMq9K":{"chainKey":{"counter":0,"key":"NEQHfmRRgv3WWPKW9uynBDBUf/6j/KgHWrvFQxb0HiI="},"chainType":1,"messageKeys":{}}},"pendingPreKey":{"signedKeyId":1,"baseKey":"BZm+4Ypmfm8a1N5F+jw9MD8wZRDdIbQE1HwxuIWyzx03"}}},"version":"v1"}