{"_sessions":{"BVQ5R2HZNnKQxg4nJffvjNpvr41gSPI/MxjZvkAX68Rb":{"registrationId":1766824747,"currentRatchet":{"ephemeralKeyPair":{"pubKey":"BYH6F81JK1CQjhUCOe6PA/6C+XIOfn+1pj2dPzvCrxd6","privKey":"mIQlKv2ErA/7Rh6cNRS9nQnlr4S2ZmAHfZSAyHc0NUk="},"lastRemoteEphemeralKey":"BW7als0y/WgRjlvqMHeAjxudHiizS+rZs5aeOSEjc5JS","previousCounter":0,"rootKey":"O3DV1mqFkO9eR7kZc3dLLxkztYmjKXn9OTTQsPaVRUk="},"indexInfo":{"baseKey":"BVQ5R2HZNnKQxg4nJffvjNpvr41gSPI/MxjZvkAX68Rb","baseKeyType":1,"closed":-1,"used":1713363935584,"created":1713363935584,"remoteIdentityKey":"BY7tDPQDjR0L+RieED3zv1VwhYa8B3s5XZgTtCttpgw9"},"_chains":{"BYH6F81JK1CQjhUCOe6PA/6C+XIOfn+1pj2dPzvCrxd6":{"chainKey":{"counter":0,"key":"3fvxFexpOcZt64JB9jlMVfR84mlye+NKDpvjYE+SwpI="},"chainType":1,"messageKeys":{}}},"pendingPreKey":{"signedKeyId":1,"baseKey":"BVQ5R2HZNnKQxg4nJffvjNpvr41gSPI/MxjZvkAX68Rb","preKeyId":5441777}}},"version":"v1"}