{"_sessions":{"BTyK9XtVTzAVCZVHOOmtWFbO7zoWk2jrjVOGrCriYxUN":{"registrationId":191,"currentRatchet":{"ephemeralKeyPair":{"pubKey":"BWTICahTlshRuKE8CvR+TzhOavVbl4OD2uCk3sZUURVv","privKey":"MM+fAvW4zmMEwLg/aPMUnhwwYli0fEZHlsu/xrjeCnk="},"lastRemoteEphemeralKey":"BQzkOPmK4aiMY0aJhdaL/6tAjH2muw4wuwkQp+7D199Q","previousCounter":0,"rootKey":"cq8DkTh7OBmQhyzF51aMIK9fBlaT62+giVVPvbv+kRo="},"indexInfo":{"baseKey":"BTyK9XtVTzAVCZVHOOmtWFbO7zoWk2jrjVOGrCriYxUN","baseKeyType":1,"closed":-1,"used":1713363934408,"created":1713363934408,"remoteIdentityKey":"BcZ/HaeQ9deku+ITtIgoCPLSBs3ezv05PtNDb8nb14p9"},"_chains":{"BWTICahTlshRuKE8CvR+TzhOavVbl4OD2uCk3sZUURVv":{"chainKey":{"counter":0,"key":"+G9yClVga+k6CMB22f1Nx5cwrqjkE1TvcV71NjVo+bE="},"chainType":1,"messageKeys":{}}},"pendingPreKey":{"signedKeyId":1,"baseKey":"BTyK9XtVTzAVCZVHOOmtWFbO7zoWk2jrjVOGrCriYxUN"}}},"version":"v1"}