{"_sessions":{"Bf/KIShFHWpViVediZF7ZNfVBmf6oQNBjs7RYVCmRkAp":{"registrationId":1874984416,"currentRatchet":{"ephemeralKeyPair":{"pubKey":"Ba+/w8MlND8ZMPSrbdYASiKwN/P2AM1TFkS5vmfxmwVZ","privKey":"aFsq5/9tEEalDXgvaG5c+OWW/C/O+FNew5oOTATE8H8="},"lastRemoteEphemeralKey":"BbUmo2A/vFnnw0dhQy9lyd8qZ7j2qILM/EOp721UwbBc","previousCounter":0,"rootKey":"GQbhDoPPPevcY+s+zqEP2ilAkPQl1WfzOQVOIM469rc="},"indexInfo":{"baseKey":"Bf/KIShFHWpViVediZF7ZNfVBmf6oQNBjs7RYVCmRkAp","baseKeyType":1,"closed":-1,"used":1713363936231,"created":1713363936231,"remoteIdentityKey":"BetfXVE/xGL5kZiUxHQjY6QBZ8luGorhr0cT9MG9CURY"},"_chains":{"Ba+/w8MlND8ZMPSrbdYASiKwN/P2AM1TFkS5vmfxmwVZ":{"chainKey":{"counter":0,"key":"zPXilty60aa2oSMyN8GdD7xJYnDi/s1T7CZKhtQwopY="},"chainType":1,"messageKeys":{}}},"pendingPreKey":{"signedKeyId":0,"baseKey":"Bf/KIShFHWpViVediZF7ZNfVBmf6oQNBjs7RYVCmRkAp"}}},"version":"v1"}