{"_sessions":{"BUKQy6jQUMAcUNDz0tmPlIN4kZrVc4DxtGaHpRJzjst1":{"registrationId":1977579146,"currentRatchet":{"ephemeralKeyPair":{"pubKey":"BUctO2EqLWBcTY3r48OHTpduNpTkki6ZwuMKTDAs1Wgv","privKey":"yBvKxuKz5+ecXC2wNLs21HS0dW96o4Ik5vlJuxdhGGo="},"lastRemoteEphemeralKey":"BQZVmrcQNh9DoKuNYtwafXXJecc7SenTXWGWc57dLiY8","previousCounter":0,"rootKey":"2ZxayWePOvuWjKgswzZIbGOeOtMSKQDWChKzf+oZXlk="},"indexInfo":{"baseKey":"BUKQy6jQUMAcUNDz0tmPlIN4kZrVc4DxtGaHpRJzjst1","baseKeyType":1,"closed":-1,"used":1713363935201,"created":1713363935201,"remoteIdentityKey":"BbeUs6fgCUr5TCmlfpKClGjRvJ20IHBh6Q3N0lZ948BZ"},"_chains":{"BUctO2EqLWBcTY3r48OHTpduNpTkki6ZwuMKTDAs1Wgv":{"chainKey":{"counter":0,"key":"492tmA4LJ2S2Pz0+piZQf6G7jw5ZwDx6hRAmIbhOEII="},"chainType":1,"messageKeys":{}}},"pendingPreKey":{"signedKeyId":0,"baseKey":"BUKQy6jQUMAcUNDz0tmPlIN4kZrVc4DxtGaHpRJzjst1","preKeyId":2541407}}},"version":"v1"}