{"_sessions":{"Ba9yN+mtC6Mrebz0ANT+uYkOKOHmWDJHVKrM4Wq9yXlo":{"registrationId":1099350101,"currentRatchet":{"ephemeralKeyPair":{"pubKey":"BY44SIl0rzxeuji8MFu9+C/djLC6GfYG9sbw9YP4FCks","privKey":"uLR0Cs6EJq/d9X1VbzaGKn7ARwzLVEEauPCqkS83Q0M="},"lastRemoteEphemeralKey":"BdwAS1NOMiQgX7dF5e/EFD8jS/52mobZQFjZBxXkKjQe","previousCounter":0,"rootKey":"B04Md2GfmPxz8wBEKdhweaV0bbDZEA/cWMWLdwQ1Clg="},"indexInfo":{"baseKey":"Ba9yN+mtC6Mrebz0ANT+uYkOKOHmWDJHVKrM4Wq9yXlo","baseKeyType":1,"closed":-1,"used":1713363936011,"created":1713363936011,"remoteIdentityKey":"BfMuh3MJiaxRb7usLPCJ3G+IqFFYeqP8YrYwIbzYyP8q"},"_chains":{"BY44SIl0rzxeuji8MFu9+C/djLC6GfYG9sbw9YP4FCks":{"chainKey":{"counter":0,"key":"N1NrniQytvbmGjMwB4n3Qr3CkNPCzQmYhmSnYL/9oYw="},"chainType":1,"messageKeys":{}}},"pendingPreKey":{"signedKeyId":25,"baseKey":"Ba9yN+mtC6Mrebz0ANT+uYkOKOHmWDJHVKrM4Wq9yXlo","preKeyId":16617952}}},"version":"v1"}