{"_sessions":{"BfOswjq70c/6sEtyqgatr2L2zSqeG896F5QLzONnEQ1q":{"registrationId":3134,"currentRatchet":{"ephemeralKeyPair":{"pubKey":"Bev0F5v/vPzmsBg7PRKtwd3r1EuX8AgRjq9GzMwP689U","privKey":"YPvag2qjeWMXI6xmzQzwMwHILwN4Gh3Ff8z2AcaYJF8="},"lastRemoteEphemeralKey":"BcklPMxrr5MyL2BFJawa/qm3KYan3rzbbk4uSscgnk9H","previousCounter":0,"rootKey":"KVN4siMF2VyBvec+GuFBoKrxur/7HQ6FsPoKt48bbo8="},"indexInfo":{"baseKey":"BfOswjq70c/6sEtyqgatr2L2zSqeG896F5QLzONnEQ1q","baseKeyType":1,"closed":-1,"used":1713363934822,"created":1713363934822,"remoteIdentityKey":"BSaIx8qWpIhTD+dF5hHXVOoSdAU/6BhNSB0KzcyvKd10"},"_chains":{"Bev0F5v/vPzmsBg7PRKtwd3r1EuX8AgRjq9GzMwP689U":{"chainKey":{"counter":0,"key":"7QWCGITfDn8GTvRmOwOYGGm11B4b8/O2H2WUzTJJD00="},"chainType":1,"messageKeys":{}}},"pendingPreKey":{"signedKeyId":1,"baseKey":"BfOswjq70c/6sEtyqgatr2L2zSqeG896F5QLzONnEQ1q"}}},"version":"v1"}