{"_sessions":{"BQdFRyovEgCO3dR/00J/30PLE+y/1dSDOzSOaWvTLjwp":{"registrationId":1389823617,"currentRatchet":{"ephemeralKeyPair":{"pubKey":"BbBypcNvAhzajygjq5LRu68LGBoMMO/lp8a9KmYEYndL","privKey":"iOvFZ5S9Zs4+kb7gJy5Bc4/ryrqDH3MeA4QrwDnP02E="},"lastRemoteEphemeralKey":"BdIxwGakPN67Mrq3twOJGlbmqgT9Okyn/Tuw3Yb6DVQ2","previousCounter":0,"rootKey":"YPDjE/lpbzngyvNTwCSvDUQrnFaF4xZg92nyJnskNG0="},"indexInfo":{"baseKey":"BQdFRyovEgCO3dR/00J/30PLE+y/1dSDOzSOaWvTLjwp","baseKeyType":1,"closed":-1,"used":1713363935428,"created":1713363935428,"remoteIdentityKey":"BYZuwxgcB5QeGMBiUhLw95MQxy2D6+J2tLKEMj9BYuNt"},"_chains":{"BbBypcNvAhzajygjq5LRu68LGBoMMO/lp8a9KmYEYndL":{"chainKey":{"counter":0,"key":"wc9sN1CeOcoa/k73ELXVF08PCOASpn5TVdsMu0yYLIY="},"chainType":1,"messageKeys":{}}},"pendingPreKey":{"signedKeyId":2,"baseKey":"BQdFRyovEgCO3dR/00J/30PLE+y/1dSDOzSOaWvTLjwp","preKeyId":8016848}}},"version":"v1"}