{"_sessions":{"BVcG7MgUaOPlVl+qaKkSQZX37Lkw0y02yWmhZia9eBgq":{"registrationId":1771140778,"currentRatchet":{"ephemeralKeyPair":{"pubKey":"BVgUxdG8wziidlww0F5ZeIa+xOuLXMsD6mp1P3OAlBFU","privKey":"sN0zf6fm3RPMIhedeebZHKokQZVy+t+dLUIDkPUsVHQ="},"lastRemoteEphemeralKey":"BQjJ9KC1wuOb7LqoX74fm/JS0zxGF+wU+sEF2T2IFkkN","previousCounter":0,"rootKey":"rz1nSGrYa78LJDH5rSNWvc/AouIH6Nd3TZ87FGeyWGU="},"indexInfo":{"baseKey":"BVcG7MgUaOPlVl+qaKkSQZX37Lkw0y02yWmhZia9eBgq","baseKeyType":1,"closed":-1,"used":1713363936626,"created":1713363936626,"remoteIdentityKey":"Bf9hkpJ0B0TqjsBp7B4yvjI9EYU/gHWkRoBfSK2sg5NT"},"_chains":{"BVgUxdG8wziidlww0F5ZeIa+xOuLXMsD6mp1P3OAlBFU":{"chainKey":{"counter":0,"key":"KLxJmET05jyu4Pk+dEzAGB6nuGZfpa4/D8a9o1nBDYs="},"chainType":1,"messageKeys":{}}},"pendingPreKey":{"signedKeyId":0,"baseKey":"BVcG7MgUaOPlVl+qaKkSQZX37Lkw0y02yWmhZia9eBgq","preKeyId":2725918}}},"version":"v1"}