{"_sessions":{"BZ4E4Ux+t5VtQQOw7fZcO3jRKkzM0dhThBeoNdaMrKBI":{"registrationId":1523205688,"currentRatchet":{"ephemeralKeyPair":{"pubKey":"BWLq7IwglifvJ/OE0OjyNwEyZZpXr4lgi2/U16LkpxcP","privKey":"2BdLFFCHtAnFbfLUXsdTWN4MyLPZqj0lQrWPZnUfaG4="},"lastRemoteEphemeralKey":"BS+bqh0pHFml4Oj3oKzf6+QtVBlskg/jRPV8aXPnqBwq","previousCounter":0,"rootKey":"ZCmAliH/3LrrKAFLg7vkpqtsxFeY4NvPPd8lZXRLFv4="},"indexInfo":{"baseKey":"BZ4E4Ux+t5VtQQOw7fZcO3jRKkzM0dhThBeoNdaMrKBI","baseKeyType":1,"closed":-1,"used":1713363935992,"created":1713363935992,"remoteIdentityKey":"BSKZMJNYmAMqzw2T3W+/gmvmiZFyj50QDKF7pg6PoUZ1"},"_chains":{"BWLq7IwglifvJ/OE0OjyNwEyZZpXr4lgi2/U16LkpxcP":{"chainKey":{"counter":0,"key":"56D6xogMvaIwWmci6TqIx/Fp/UDP4HnjW56f0Ti8VZg="},"chainType":1,"messageKeys":{}}},"pendingPreKey":{"signedKeyId":4,"baseKey":"BZ4E4Ux+t5VtQQOw7fZcO3jRKkzM0dhThBeoNdaMrKBI","preKeyId":4343435}}},"version":"v1"}