{"_sessions":{"BXfOKHp2X26+GG17UQ2snPc609Di8rIkMdGmdaaHoKI7":{"registrationId":752798124,"currentRatchet":{"ephemeralKeyPair":{"pubKey":"BZY8s+FGwDM1ICU873DMaTmY4FI77rtAtWVKq8u2RUhV","privKey":"SGNAituvI78uxmbCOf6yctg8JCAdblP3csRM16uConk="},"lastRemoteEphemeralKey":"BcCRRIul1rbj6vd0/FcpGqXQt3GehNg3iKdOy0Oxdr99","previousCounter":0,"rootKey":"VgswXj/dp1h69zxNJYS9zEpJ65PXwUb/jTd3U4WFz40="},"indexInfo":{"baseKey":"BXfOKHp2X26+GG17UQ2snPc609Di8rIkMdGmdaaHoKI7","baseKeyType":1,"closed":-1,"used":1713363937112,"created":1713363937112,"remoteIdentityKey":"BdqBbyFjGcihfgdrptBByCOPJ6FVWRobzXq2XVq2WY8p"},"_chains":{"BZY8s+FGwDM1ICU873DMaTmY4FI77rtAtWVKq8u2RUhV":{"chainKey":{"counter":0,"key":"ctHIp0niSrg/5G6sPDIhwehOddEsmDexawvMFX0VouQ="},"chainType":1,"messageKeys":{}}},"pendingPreKey":{"signedKeyId":0,"baseKey":"BXfOKHp2X26+GG17UQ2snPc609Di8rIkMdGmdaaHoKI7"}}},"version":"v1"}