{"_sessions":{"BVa3zxb7o4uqMUFbBU8ASqvlwIIcUFnvoRisrBqV+tth":{"registrationId":1904609069,"currentRatchet":{"ephemeralKeyPair":{"pubKey":"Be/MH/7pxZLE3haDIFvoqDGyw/Jy+nDbjhIcJMEwkYgW","privKey":"mFgZr+5NAqwxujFDfExo5yWnHDHRzDbNQx9EeABSi2g="},"lastRemoteEphemeralKey":"BUFQPiyIdA169/KD+SBkC/KwTTvno0hpyKgNnKDRxA5v","previousCounter":0,"rootKey":"QSICSrl5TTqldzE+4ApEM+uletEH3J0fDcpqQNg/qOc="},"indexInfo":{"baseKey":"BVa3zxb7o4uqMUFbBU8ASqvlwIIcUFnvoRisrBqV+tth","baseKeyType":1,"closed":-1,"used":1713363937302,"created":1713363937302,"remoteIdentityKey":"BTzot3bQZ2HtCGR/42Jih3YVaekUw+JA7rTMYStMczM9"},"_chains":{"Be/MH/7pxZLE3haDIFvoqDGyw/Jy+nDbjhIcJMEwkYgW":{"chainKey":{"counter":0,"key":"55yfMx+14GawwwP6i7SBb3WMUzknifx9wQywX7IgjEc="},"chainType":1,"messageKeys":{}}},"pendingPreKey":{"signedKeyId":2,"baseKey":"BVa3zxb7o4uqMUFbBU8ASqvlwIIcUFnvoRisrBqV+tth","preKeyId":13114692}}},"version":"v1"}