{"_sessions":{"BSJI4yaKMh7S0XnkE+aPQlGgVVGxoLYRWelQ18PLPORQ":{"registrationId":1383309163,"currentRatchet":{"ephemeralKeyPair":{"pubKey":"BXY+tpRen/ZyX6IH4BeU83t0kdqH5965Bt7wcZ26AnwW","privKey":"eIWJy/CzuJeAb4p6SZrG/lzBgWF6q4ydiqi3Qi8IR0s="},"lastRemoteEphemeralKey":"BZ6RyQo1wC1uIkTbWJTXV/MnfhWI3Hl5ytVRfj5HpH5V","previousCounter":0,"rootKey":"5Av2KqZ36s/gCr017I3SfONpAJNrbRLO84l0K3w1tTA="},"indexInfo":{"baseKey":"BSJI4yaKMh7S0XnkE+aPQlGgVVGxoLYRWelQ18PLPORQ","baseKeyType":1,"closed":-1,"used":1713363935107,"created":1713363935107,"remoteIdentityKey":"BVNkBRcgWD+Im6nibAh1jq2lYxz8SpHw79WNtfz0XuE+"},"_chains":{"BXY+tpRen/ZyX6IH4BeU83t0kdqH5965Bt7wcZ26AnwW":{"chainKey":{"counter":0,"key":"yLsP00+vBEv9ydMiOj2hW+RhyOsqMvZmHXqJU1FPVI8="},"chainType":1,"messageKeys":{}}},"pendingPreKey":{"signedKeyId":2,"baseKey":"BSJI4yaKMh7S0XnkE+aPQlGgVVGxoLYRWelQ18PLPORQ","preKeyId":14827653}}},"version":"v1"}