{"_sessions":{"BUzSn+za/BPJ5bmv3CBtfN7KNm9bWmjWqa63SuyEGHZ+":{"registrationId":450648968,"currentRatchet":{"ephemeralKeyPair":{"pubKey":"BfvTF2zm4hKsV3RIspxvdq4imhboAtioatFErxuN5IlJ","privKey":"wJfM8tAz49btoXxsIFPJ/GqvXKx2VTm7ooIY59gKn1A="},"lastRemoteEphemeralKey":"BSEemuXzOb9kt1VZKuuvpue+P7BI5LByEU+4OmDBNg8z","previousCounter":0,"rootKey":"WQFIVZxY5z+3emtQeYMkerTVK/Vj2AN3c4MhwWaECjs="},"indexInfo":{"baseKey":"BUzSn+za/BPJ5bmv3CBtfN7KNm9bWmjWqa63SuyEGHZ+","baseKeyType":1,"closed":-1,"used":1713369988855,"created":1713363935694,"remoteIdentityKey":"BT6wAnhiYLGqP0tjLZRuCQAlGiChjtyM31op7vaBZwkw"},"_chains":{"BSEemuXzOb9kt1VZKuuvpue+P7BI5LByEU+4OmDBNg8z":{"chainKey":{"counter":21,"key":"60dyAnDoE+9uj0rjQscbV0w/7Fh4+wiKVyedTJidCdQ="},"chainType":2,"messageKeys":{}},"BfvTF2zm4hKsV3RIspxvdq4imhboAtioatFErxuN5IlJ":{"chainKey":{"counter":-1,"key":"KhELrc2GcxNfqABtPOP343jcTDFHYorA2mf5LPSJbL8="},"chainType":1,"messageKeys":{}}}}},"version":"v1"}