{"_sessions":{"BZg6alcG2pH+dZm/Mr40efAbQ96DfHyoqKoZgf3G3slB":{"registrationId":161172213,"currentRatchet":{"ephemeralKeyPair":{"pubKey":"BUTrJOzaM6v63o4IP7si4+2InSKJiTuayCcacjixAnlT","privKey":"EOHQZXzWiFrNPGEubxIz9ud1yz5TIV1/WIF7SqZSLn8="},"lastRemoteEphemeralKey":"Bb2Oyb4vjtBK/hGEiLeu9UBdNjoTblBNMrIZiJChr8RU","previousCounter":0,"rootKey":"5pEWyoByYL84rozupkLHmhw15PUKArzjFBXIzgrtaS0="},"indexInfo":{"baseKey":"BZg6alcG2pH+dZm/Mr40efAbQ96DfHyoqKoZgf3G3slB","baseKeyType":1,"closed":-1,"used":1713363936179,"created":1713363936179,"remoteIdentityKey":"Ba+J7hoC+DmRm7c6F5udSJ83iT33fNy6OZ9vu2z6Z8ML"},"_chains":{"BUTrJOzaM6v63o4IP7si4+2InSKJiTuayCcacjixAnlT":{"chainKey":{"counter":0,"key":"Usj632dpy2Or4HnUimZX83pT1XVULuaBTBSaZrYacz8="},"chainType":1,"messageKeys":{}}},"pendingPreKey":{"signedKeyId":4,"baseKey":"BZg6alcG2pH+dZm/Mr40efAbQ96DfHyoqKoZgf3G3slB","preKeyId":14855932}}},"version":"v1"}