{"_sessions":{"BWV761HHXIUS/k1vkde3MC5ZvrnMrU7CLsEJlE2NH9Ar":{"registrationId":105236657,"currentRatchet":{"ephemeralKeyPair":{"pubKey":"BazobuF2+mo+DBTnMYnwzodvYa7zHFjbhiZHfKAZr55F","privKey":"oC4YIR5WrjWeWY+Svhz2ntDZEpOoaQ4e59mFSpuF9EQ="},"lastRemoteEphemeralKey":"BV5tbSQDOQa9XC2jbK86KwJNpV/174/sHBGUiUagluoq","previousCounter":0,"rootKey":"9PZ+xQoOD21N35bV/4Cqm1ppms+LiEkSplaXtz/E05M="},"indexInfo":{"baseKey":"BWV761HHXIUS/k1vkde3MC5ZvrnMrU7CLsEJlE2NH9Ar","baseKeyType":1,"closed":-1,"used":1713363935186,"created":1713363935186,"remoteIdentityKey":"Ba4f83+Xo8gieJ2hZvrgJStBwFzhF196UxAK2hYfoIke"},"_chains":{"BazobuF2+mo+DBTnMYnwzodvYa7zHFjbhiZHfKAZr55F":{"chainKey":{"counter":0,"key":"41qboer2uHG1YesyjQqiSOEjMImkmkwYiEikPyw0i1Y="},"chainType":1,"messageKeys":{}}},"pendingPreKey":{"signedKeyId":3,"baseKey":"BWV761HHXIUS/k1vkde3MC5ZvrnMrU7CLsEJlE2NH9Ar","preKeyId":14948143}}},"version":"v1"}