{"_sessions":{"BQd/BdvI3pEcAAnkpwIEFs3ZABhq/SvjidtfMGAljOgI":{"registrationId":652504775,"currentRatchet":{"ephemeralKeyPair":{"pubKey":"BbVwz8NjAa2WkhNVyIWiQZi2Q0fHYlB6uTsYxO3YEtxC","privKey":"kHw+yVpsqpT/WPtoZehBQpjs3C8TKJe3MKgNkI7Ru20="},"lastRemoteEphemeralKey":"BRNmVocarr1byR+PdqIvO61hyCmBU9La9ZJsly4ajO0t","previousCounter":0,"rootKey":"cX1QUOG2Sho3MXAiM8tLW8Q3i19YL/usGytYmuVtBrM="},"indexInfo":{"baseKey":"BQd/BdvI3pEcAAnkpwIEFs3ZABhq/SvjidtfMGAljOgI","baseKeyType":1,"closed":-1,"used":1713363936501,"created":1713363936501,"remoteIdentityKey":"Bcu3Fq6spzqmwsIlZIj/igtggIxnSj6W5YA5sbnFnCpD"},"_chains":{"BbVwz8NjAa2WkhNVyIWiQZi2Q0fHYlB6uTsYxO3YEtxC":{"chainKey":{"counter":0,"key":"Ap54fgABc2K7czQsUuMuJR9bBQyoy7YIrIaYHCUfxFs="},"chainType":1,"messageKeys":{}}},"pendingPreKey":{"signedKeyId":1,"baseKey":"BQd/BdvI3pEcAAnkpwIEFs3ZABhq/SvjidtfMGAljOgI"}}},"version":"v1"}