{"_sessions":{"Ba2HQVdbWUa6e98aHNx1P/QI3jZaybdd3AA84sHJ+/oX":{"registrationId":1045062063,"currentRatchet":{"ephemeralKeyPair":{"pubKey":"BY4Ibjsc7LhG4wWDDT97tp3p0iHqTRIVlxq4uhhrEaAs","privKey":"aKcOo0TzAbQZj1+1dQbnW4Wjcjr/PGaoRRn3AQvAglk="},"lastRemoteEphemeralKey":"BW1YQcbCeltAEZmkR++nFrX43Y94rkSxKcbPmTs0im1m","previousCounter":0,"rootKey":"3y0LoKmqquCJ/gyL6XcewyroHt0130BOzuTZVX9M8MQ="},"indexInfo":{"baseKey":"Ba2HQVdbWUa6e98aHNx1P/QI3jZaybdd3AA84sHJ+/oX","baseKeyType":1,"closed":-1,"used":1713363935407,"created":1713363935407,"remoteIdentityKey":"BXL+TCLzw8pjj9n+R7L2yOYfBHvgY5bJdDG+Bqql2gsj"},"_chains":{"BY4Ibjsc7LhG4wWDDT97tp3p0iHqTRIVlxq4uhhrEaAs":{"chainKey":{"counter":0,"key":"6WKvIY3Hhp8HNtbSH81cIEn7Q8XCwvwkxMWvSaHlASM="},"chainType":1,"messageKeys":{}}},"pendingPreKey":{"signedKeyId":1,"baseKey":"Ba2HQVdbWUa6e98aHNx1P/QI3jZaybdd3AA84sHJ+/oX","preKeyId":10979967}}},"version":"v1"}