{"_sessions":{"BbvO/ixEn/ufgwA9aL1oM0+aTJZQsybkWyKEn1kJy2Bp":{"registrationId":1144953345,"currentRatchet":{"ephemeralKeyPair":{"pubKey":"BSobtTz/WHNeazF0lcbgFKZiy3V2HaVdAMiqxxlBY0ZN","privKey":"KMksVN8u51GyLTHmkzi24i4KJzTr69KIU6dyMUZrS3M="},"lastRemoteEphemeralKey":"BRDcqB0IBEapUjsSmqfUizmOycEgzHpHxiz964Q7FXES","previousCounter":0,"rootKey":"gCswQBafvn+iEOPib2K0sM0kVk3kcg7ZIPAoegRxlj0="},"indexInfo":{"baseKey":"BbvO/ixEn/ufgwA9aL1oM0+aTJZQsybkWyKEn1kJy2Bp","baseKeyType":1,"closed":-1,"used":1713118110719,"created":1713118110719,"remoteIdentityKey":"BVk37PqkFvq35Vrj9oid6YzetLSTmwI1ltNmttAdtogd"},"_chains":{"BSobtTz/WHNeazF0lcbgFKZiy3V2HaVdAMiqxxlBY0ZN":{"chainKey":{"counter":1,"key":"vVUmnUlZU42dYbqvwZ9fwexWlnBW9segVGQxcQcStUU="},"chainType":1,"messageKeys":{}}},"pendingPreKey":{"signedKeyId":21,"baseKey":"BbvO/ixEn/ufgwA9aL1oM0+aTJZQsybkWyKEn1kJy2Bp","preKeyId":13305726}}},"version":"v1"}