{"_sessions":{"Ba8Ow+/wumeh9g0UkxbTrlGeQ8t18CiyJfrIcKwPJxFh":{"registrationId":8546,"currentRatchet":{"ephemeralKeyPair":{"pubKey":"BeKeRSgKnBG2VRU8ehXOJ94PtlFemgjU3uhRDgNqa486","privKey":"ECztBtfw6d803dgb5eJxuTVNqrkHJgn0VS4FDBHDvGQ="},"lastRemoteEphemeralKey":"BR52mSrywv9rnqTJb04zzN40BLv1/Npb7ctgq7uSqbJN","previousCounter":0,"rootKey":"ZxNUev/aJ8H2cX+Tw1BdqgARAqy1UDRDNivl9RC7SDg="},"indexInfo":{"baseKey":"Ba8Ow+/wumeh9g0UkxbTrlGeQ8t18CiyJfrIcKwPJxFh","baseKeyType":1,"closed":-1,"used":1713363934721,"created":1713363934721,"remoteIdentityKey":"BY/v9+jlHRQNvUeNk0TX2rz1pcZ63rztnjuvUPvaGYoL"},"_chains":{"BeKeRSgKnBG2VRU8ehXOJ94PtlFemgjU3uhRDgNqa486":{"chainKey":{"counter":0,"key":"o6JnwbXAtu3enwJojRpukF7qMGIdBEGucw6MlNR3glY="},"chainType":1,"messageKeys":{}}},"pendingPreKey":{"signedKeyId":1,"baseKey":"Ba8Ow+/wumeh9g0UkxbTrlGeQ8t18CiyJfrIcKwPJxFh"}}},"version":"v1"}