{"_sessions":{"BbQH/0yeZhb32G+XaGDQwPo6+30EOMAznvNlFaydflBg":{"registrationId":1853826275,"currentRatchet":{"ephemeralKeyPair":{"pubKey":"BRECvk1AI8OxBYO40VPrZqgoCpnESjT4aKFga2drh5dV","privKey":"4ByRh/6rO0vXoxMpGuDbGwndOqolQq/8FjyCwkHab24="},"lastRemoteEphemeralKey":"BfF+czj/Nd0puepsABAzgLfZgtPxRqmfGG/md+6w6X8y","previousCounter":0,"rootKey":"bpbv9Mrx8Vedr4xyZ9F3Zt2LmqX9NpXInFM9mfIHF2U="},"indexInfo":{"baseKey":"BbQH/0yeZhb32G+XaGDQwPo6+30EOMAznvNlFaydflBg","baseKeyType":1,"closed":-1,"used":1713363935395,"created":1713363935395,"remoteIdentityKey":"BZiiMHI9eU1Gsohxs578yUAF3PpnxeYpLscK4AxKp4hO"},"_chains":{"BRECvk1AI8OxBYO40VPrZqgoCpnESjT4aKFga2drh5dV":{"chainKey":{"counter":0,"key":"D9f7afqL3UzMD4MM+vReQRakix71OAHtQIwfegAXoFw="},"chainType":1,"messageKeys":{}}},"pendingPreKey":{"signedKeyId":3,"baseKey":"BbQH/0yeZhb32G+XaGDQwPo6+30EOMAznvNlFaydflBg","preKeyId":2368315}}},"version":"v1"}