{"_sessions":{"Bf5KZavgrR8fWBMbHSDi1BLca3ugZGVRZnQb1FqFoOxz":{"registrationId":45294402,"currentRatchet":{"ephemeralKeyPair":{"pubKey":"BbLoPE1NwbL7+nANl7jBr+Rlvl1cNlC8jIsFmnfVfUVR","privKey":"MMFP4dSf/P2VKbrHuMaJVp8C3gkosJbRM8ELQakAjF0="},"lastRemoteEphemeralKey":"BZ/tbFSbSxI3nDro6NN7BMYSOxJLyuf8Oenx2JOXyapP","previousCounter":0,"rootKey":"sT5ra/1n1f+LAj5rCYQ6fqBY5w+2cNmQHyeBdaG6GT4="},"indexInfo":{"baseKey":"Bf5KZavgrR8fWBMbHSDi1BLca3ugZGVRZnQb1FqFoOxz","baseKeyType":1,"closed":-1,"used":1713363936113,"created":1713363936113,"remoteIdentityKey":"BbBeotqrbOYq0q2zd2eSzP7+S17jol+xHNJ8OPwyaiV8"},"_chains":{"BbLoPE1NwbL7+nANl7jBr+Rlvl1cNlC8jIsFmnfVfUVR":{"chainKey":{"counter":0,"key":"/3BDt9JmtrtLyNbbh8TSgHOdIC8ll6HAr3gncYQNlq4="},"chainType":1,"messageKeys":{}}},"pendingPreKey":{"signedKeyId":1,"baseKey":"Bf5KZavgrR8fWBMbHSDi1BLca3ugZGVRZnQb1FqFoOxz","preKeyId":12656027}}},"version":"v1"}