{"_sessions":{"BYoLT8MnIQ1NUnm3TJItfiVGrVPZX9XP5LliBvjK9jMN":{"registrationId":566922371,"currentRatchet":{"ephemeralKeyPair":{"pubKey":"BY7rgjfbRbxu2sDfClW3shAj4m6Js69vsuYx1e1aDAAl","privKey":"sD93gF51EJKzD3ulOCcPsYnp9FYVYrNgEhcCqq6kFlA="},"lastRemoteEphemeralKey":"Bf41bh4qW9A+H7nWhop1HHDl9BUQNBAXkfKZIzCNSeI/","previousCounter":0,"rootKey":"fENPx1RewE95oVascHS9sHTjY7Bv/2N8ypnOudJcmkg="},"indexInfo":{"baseKey":"BYoLT8MnIQ1NUnm3TJItfiVGrVPZX9XP5LliBvjK9jMN","baseKeyType":1,"closed":-1,"used":1713363936488,"created":1713363936488,"remoteIdentityKey":"BaYXKWSPdAICjssn7S1Zx6VXzOgLRbSxiWCv9c4uoQwP"},"_chains":{"BY7rgjfbRbxu2sDfClW3shAj4m6Js69vsuYx1e1aDAAl":{"chainKey":{"counter":0,"key":"RWwdsRwjvPUWPnDTj9PF9mJPfBhdqYEZHJXZ1pasfKU="},"chainType":1,"messageKeys":{}}},"pendingPreKey":{"signedKeyId":0,"baseKey":"BYoLT8MnIQ1NUnm3TJItfiVGrVPZX9XP5LliBvjK9jMN","preKeyId":3175392}}},"version":"v1"}