{"_sessions":{"BTpa2NxJu22NpBGVEKfCgoBK15jwqaGteUEbIn/fz+tJ":{"registrationId":1548333248,"currentRatchet":{"ephemeralKeyPair":{"pubKey":"BWN+2krC1YO16hn1IGWb2s70xs1oVI5TTK7z5Vd1glZ0","privKey":"qMUb2rH4r70/wVy22u5oEZE+5EYiGdFhN8Xjzk8CWFc="},"lastRemoteEphemeralKey":"BfIRkm4j7YP9MtHoA4SBPOuXIKtwS+TBcTSXWiYzfK4q","previousCounter":0,"rootKey":"3OG9RLp1e6VpJfQKwHOL7jhorezo7rg1HWX9jstHRxU="},"indexInfo":{"baseKey":"BTpa2NxJu22NpBGVEKfCgoBK15jwqaGteUEbIn/fz+tJ","baseKeyType":1,"closed":-1,"used":1713363935125,"created":1713363935125,"remoteIdentityKey":"Bbk11vIRahINx5BARGAhhX7J4xW3VuvCxkmzieKRMoxx"},"_chains":{"BWN+2krC1YO16hn1IGWb2s70xs1oVI5TTK7z5Vd1glZ0":{"chainKey":{"counter":0,"key":"+MVo6oDp5Pf0aJOxnem1q3wB78ZhI7EDAdr4D8C86cU="},"chainType":1,"messageKeys":{}}},"pendingPreKey":{"signedKeyId":3,"baseKey":"BTpa2NxJu22NpBGVEKfCgoBK15jwqaGteUEbIn/fz+tJ","preKeyId":16566229}}},"version":"v1"}