{"_sessions":{"Bf5OBhqEPpMvL/yYaHVfdzVZFfArdGlkccfd9hnRXsp6":{"registrationId":1797431880,"currentRatchet":{"ephemeralKeyPair":{"pubKey":"BZtyWkvJ73LD9VhBMQ4YUlclPxcjr2ABx/BvspnM6KEL","privKey":"CLkIlT9g7LScvpS3kQsVZmbnEx5n3iIFk0nObQs0r3A="},"lastRemoteEphemeralKey":"BUixg4q6ZJLOlpWeCh84Hn5T8vuq2fWBK2JfwndMoZ5Z","previousCounter":0,"rootKey":"Yd0ROpHR/0OdvcZWC09X2wpbIJHJqCF9hFU7gYuvYKM="},"indexInfo":{"baseKey":"Bf5OBhqEPpMvL/yYaHVfdzVZFfArdGlkccfd9hnRXsp6","baseKeyType":1,"closed":-1,"used":1713363936697,"created":1713363936697,"remoteIdentityKey":"BajxiOhb6cJNI1/wTHcfxOqxywruDBU/b37LP6nGOaQv"},"_chains":{"BZtyWkvJ73LD9VhBMQ4YUlclPxcjr2ABx/BvspnM6KEL":{"chainKey":{"counter":0,"key":"66ME6L3QespRNtwnPYkx27UPQzc9yrA5yTNkKAha1RM="},"chainType":1,"messageKeys":{}}},"pendingPreKey":{"signedKeyId":5920524,"baseKey":"Bf5OBhqEPpMvL/yYaHVfdzVZFfArdGlkccfd9hnRXsp6","preKeyId":10048}}},"version":"v1"}