{"_sessions":{"BWCIVqF1j73U0xtZOEYwl8rBxZPPi2brMadox8P9C0Ik":{"registrationId":974938133,"currentRatchet":{"ephemeralKeyPair":{"pubKey":"BfT7F76nJvUx5B3/3Z3VWw27usvwtlwFTVxCqvpBEnM8","privKey":"oBORo4xjLkRQj22WpoqODcJ4hvdY22C/VVtUrsZQRH0="},"lastRemoteEphemeralKey":"BZ/kJZe9CFWknZaHhgr9kI7QhOsFDAO4Sggx5xswlCF5","previousCounter":0,"rootKey":"oXPZcEnxlzq8M2XsfeZNdX8f2S+Pex+WZ2/Mvaqbz/Q="},"indexInfo":{"baseKey":"BWCIVqF1j73U0xtZOEYwl8rBxZPPi2brMadox8P9C0Ik","baseKeyType":1,"closed":-1,"used":1713363936722,"created":1713363936722,"remoteIdentityKey":"BaiX3YCStQaRGy6xQm6w94HaOa09u6Y5WxsPuGfMBDEX"},"_chains":{"BfT7F76nJvUx5B3/3Z3VWw27usvwtlwFTVxCqvpBEnM8":{"chainKey":{"counter":0,"key":"2GdGLnvL4UiVXlz+UuSV447RgoE6VtOXYLmisW05Wjs="},"chainType":1,"messageKeys":{}}},"pendingPreKey":{"signedKeyId":1,"baseKey":"BWCIVqF1j73U0xtZOEYwl8rBxZPPi2brMadox8P9C0Ik","preKeyId":11421068}}},"version":"v1"}