{"_sessions":{"BQNvbtIKH7ijzBs2rfeHZJxGnu6qBbB9p0IOYIQ702s6":{"registrationId":442573318,"currentRatchet":{"ephemeralKeyPair":{"pubKey":"BeVTRybUkO8aWSZO9FlSm+PxFOFBGqNLrM8wQduAS9Q/","privKey":"YOph4EY7hjH1M/krcNLL8fkAfbWdd3fjhNjjIn6zc3g="},"lastRemoteEphemeralKey":"BR06t8h48HfKW+PnViF20GVBbmp+fOlAN69YfDpfcctP","previousCounter":0,"rootKey":"3ERDivYhCSZL6vGam0dPK8HCMCknEPQMFG0wFIsBitc="},"indexInfo":{"baseKey":"BQNvbtIKH7ijzBs2rfeHZJxGnu6qBbB9p0IOYIQ702s6","baseKeyType":1,"closed":-1,"used":1713363936221,"created":1713363936221,"remoteIdentityKey":"BX16BijGFIm1uir7a0E2KGbYnxaSZlZGOusD3Eyd7/c7"},"_chains":{"BeVTRybUkO8aWSZO9FlSm+PxFOFBGqNLrM8wQduAS9Q/":{"chainKey":{"counter":0,"key":"wb1QHWflF6ZTUflanBuKm56fZY41NomGadslFq/e8k8="},"chainType":1,"messageKeys":{}}},"pendingPreKey":{"signedKeyId":0,"baseKey":"BQNvbtIKH7ijzBs2rfeHZJxGnu6qBbB9p0IOYIQ702s6","preKeyId":4092263}}},"version":"v1"}