{"_sessions":{"BbaJ8wM7t4kGSBSXlbus3I6oHEN36xrh0fVhlcVf9woy":{"registrationId":1991807622,"currentRatchet":{"ephemeralKeyPair":{"pubKey":"BbpJrlLqjhezMwvkuGAX80FZnl3qpJgRWJ1jcg82bu40","privKey":"SHR62iA1qj4/MO/ChKidl35+cGUksokW5eWEyFgpa38="},"lastRemoteEphemeralKey":"BZrMk47K4UkQs4RWjDTlA1k2VTtERQucwhoA2yhGcL5z","previousCounter":0,"rootKey":"E6OzVhV6qs5rarXAWIIE9tcBwB5zQh7cSILoZ2sH/rE="},"indexInfo":{"baseKey":"BbaJ8wM7t4kGSBSXlbus3I6oHEN36xrh0fVhlcVf9woy","baseKeyType":1,"closed":-1,"used":1713363937203,"created":1713363937203,"remoteIdentityKey":"BRKnL8ZU+1PIH0o8LTMJmRra3YJByy6hNlCyjlhN5ZdB"},"_chains":{"BbpJrlLqjhezMwvkuGAX80FZnl3qpJgRWJ1jcg82bu40":{"chainKey":{"counter":0,"key":"PYFSDyVm1hvuhZSS2JXauIhPweZOe2bdZIhNUpoZRLU="},"chainType":1,"messageKeys":{}}},"pendingPreKey":{"signedKeyId":0,"baseKey":"BbaJ8wM7t4kGSBSXlbus3I6oHEN36xrh0fVhlcVf9woy"}}},"version":"v1"}