{"_sessions":{"BdP6Kmap2z/mbpCjG0txCcFvwg2R1c4Am6vZ2js00u5m":{"registrationId":2018393860,"currentRatchet":{"ephemeralKeyPair":{"pubKey":"BUQoMm9n3kt2rqP2gzLqCND/zqbH+msUd3pbyKX02Xog","privKey":"mM/buaOVLA9ENnCmy/Lz1VUXRnJEE90SOCU1wuXxvEY="},"lastRemoteEphemeralKey":"BX3MBZGYKLWW8rLBO6EDbanG86BTal07coEgXjxmJrIq","previousCounter":0,"rootKey":"pbCAnm12AkDtAQDkqDqhZJ86LBsLvCVnDw3bPbRy0Bk="},"indexInfo":{"baseKey":"BdP6Kmap2z/mbpCjG0txCcFvwg2R1c4Am6vZ2js00u5m","baseKeyType":1,"closed":-1,"used":1713363935113,"created":1713363935113,"remoteIdentityKey":"Bca9yVnSwt9GKg/ViSZd48KnrYPdsE1XmVMJXyfT/6Id"},"_chains":{"BUQoMm9n3kt2rqP2gzLqCND/zqbH+msUd3pbyKX02Xog":{"chainKey":{"counter":0,"key":"7+cu9xT1WXgQ/SFHSweSpic+/hjjQTnVZOAbMA5Ez+Q="},"chainType":1,"messageKeys":{}}},"pendingPreKey":{"signedKeyId":3,"baseKey":"BdP6Kmap2z/mbpCjG0txCcFvwg2R1c4Am6vZ2js00u5m","preKeyId":10419288}}},"version":"v1"}