{"_sessions":{"BQw9dyz6fkbRCnj1j1KyEOodHzIl4vQrhMJdbgiTqRhH":{"registrationId":1337256195,"currentRatchet":{"ephemeralKeyPair":{"pubKey":"BZWhXnEOlVnzGgZ1sKowDgrmbJyrTdD8CPeOT9WvHBcp","privKey":"0KHZ5FgDmKM+vGv5EWxitN9Hmjlalzqf6YiFukfdfnk="},"lastRemoteEphemeralKey":"BQBBjHORnZif56o9bqKf2yc3kuZZUVk3meNkj07O2OUT","previousCounter":0,"rootKey":"SL8IIua5GuCBTjinKheYuL0q1N1iLEZsJEr42MbXhyY="},"indexInfo":{"baseKey":"BQw9dyz6fkbRCnj1j1KyEOodHzIl4vQrhMJdbgiTqRhH","baseKeyType":1,"closed":-1,"used":1713363936394,"created":1713363936394,"remoteIdentityKey":"BYy6xt/eEwcGNxDdYe3QyrQ1OSoAHeBDxsksFr11f9sY"},"_chains":{"BZWhXnEOlVnzGgZ1sKowDgrmbJyrTdD8CPeOT9WvHBcp":{"chainKey":{"counter":0,"key":"iPP3MYlUawKpZaCekobGg3R6JRfT8M2yIwCMABkMaCY="},"chainType":1,"messageKeys":{}}},"pendingPreKey":{"signedKeyId":13,"baseKey":"BQw9dyz6fkbRCnj1j1KyEOodHzIl4vQrhMJdbgiTqRhH"}}},"version":"v1"}