{"_sessions":{"BTVDddKYNEl9PnlWXCekLEQaItWK1V8NtGKkVWm5CBJf":{"registrationId":1538318647,"currentRatchet":{"ephemeralKeyPair":{"pubKey":"BaThBWN1P4ZTcVZlIk5KcbhLYLUTAlGRJa08oQ55xGA5","privKey":"aMKYnnfglV0UJqKaokw0+9/fQcWQJOn6qAN3NR70FUY="},"lastRemoteEphemeralKey":"Bas/1LoBaa28yZbI9oo3+tSLU+8vh4okhNJK+LcN9BE3","previousCounter":0,"rootKey":"a74FTnyc3ViDmvQZzMyjveOxnm+zJkE/FQBV7eum/Ak="},"indexInfo":{"baseKey":"BTVDddKYNEl9PnlWXCekLEQaItWK1V8NtGKkVWm5CBJf","baseKeyType":1,"closed":-1,"used":1713363937026,"created":1713363937026,"remoteIdentityKey":"BVmxK0+ggiUL6HoMi1TMEuRJ4D5nTXXP6WkncsJ1bjIR"},"_chains":{"BaThBWN1P4ZTcVZlIk5KcbhLYLUTAlGRJa08oQ55xGA5":{"chainKey":{"counter":0,"key":"BsFBmPsShOCMupgmfYzp5xWJr6e9tXoC5q7IUtJSJVE="},"chainType":1,"messageKeys":{}}},"pendingPreKey":{"signedKeyId":13250232,"baseKey":"BTVDddKYNEl9PnlWXCekLEQaItWK1V8NtGKkVWm5CBJf","preKeyId":2939}}},"version":"v1"}