{"_sessions":{"Bai3AHJMDZ1ozeVixjlwKnzu3uSNZeUHVgsEfdi4iLxj":{"registrationId":1164369278,"currentRatchet":{"ephemeralKeyPair":{"pubKey":"BXgW+M4HB7jVI6r2xajSCbVUYYxrr3hNf3IPEDn1JKRt","privKey":"8DMOB/Y8rAfr21+FLsYqx0idmNkaDSaQguI1pAN4UHM="},"lastRemoteEphemeralKey":"BXd1LVjXdLIi/AdbimxttomshyxWcGz1IZ5hblCOM0xd","previousCounter":0,"rootKey":"1FNQDQu6/yABI6vCRC2Tulg7m0Dc505Pq136DHwHxu0="},"indexInfo":{"baseKey":"Bai3AHJMDZ1ozeVixjlwKnzu3uSNZeUHVgsEfdi4iLxj","baseKeyType":1,"closed":1713355951196,"used":1713118110773,"created":1713118110773,"remoteIdentityKey":"BejRezpdX9cs1pxppLdNThS2j7GNPOoddmrqHX/+T8ws"},"_chains":{"BXgW+M4HB7jVI6r2xajSCbVUYYxrr3hNf3IPEDn1JKRt":{"chainKey":{"counter":2,"key":"Ytp5AcJOxau4UmbX3JcLTUXyIgEXW7uiYSsfQLrfJxw="},"chainType":1,"messageKeys":{}}},"pendingPreKey":{"signedKeyId":12,"baseKey":"Bai3AHJMDZ1ozeVixjlwKnzu3uSNZeUHVgsEfdi4iLxj","preKeyId":3771872}},"BSM3XsS6w45Hg76Oh1YcadM1RCPAbyOblOQrhGa1e9gx":{"registrationId":1164369278,"currentRatchet":{"ephemeralKeyPair":{"pubKey":"BVosuGRo1lXYv7TYOay11jyykRpt6SRUCi2IW/38/KUx","privKey":"CMu/JX9JZ4jXgphqKtp/b6YGKuQIcd0LPGsI74C15Uk="},"lastRemoteEphemeralKey":"BdOQDBeTuKSSzaNLImYqoW9z0Y98EpA1gOygd1qAKPo2","previousCounter":0,"rootKey":"TV9h3f/G1Jnq4wJnHNUnHZSDvr06sV1yXRrtW3vJmQA="},"indexInfo":{"baseKey":"BSM3XsS6w45Hg76Oh1YcadM1RCPAbyOblOQrhGa1e9gx","baseKeyType":2,"closed":-1,"used":1713357131893,"created":1713355951204,"remoteIdentityKey":"BejRezpdX9cs1pxppLdNThS2j7GNPOoddmrqHX/+T8ws"},"_chains":{"BYB7AOHMThdXTcjo2UlFGxexNkAGWWqFujjyTY/LLG4J":{"chainKey":{"counter":0},"chainType":2,"messageKeys":{}},"BdOQDBeTuKSSzaNLImYqoW9z0Y98EpA1gOygd1qAKPo2":{"chainKey":{"counter":0,"key":"Mv28E57RzJRIrQlycwQGidipsTQQUnJhJ8r2n0LWGTw="},"chainType":2,"messageKeys":{}},"BVosuGRo1lXYv7TYOay11jyykRpt6SRUCi2IW/38/KUx":{"chainKey":{"counter":2,"key":"Bgrk7umMinqLk9RTquHm/mF5TQ5J7xIJVQP9u30HO2Q="},"chainType":1,"messageKeys":{}}}}},"version":"v1"}