{"_sessions":{"BTmXhTiLLpbAiqigDmnPlC41A6wyyOhxZJP1Wwd2Avlj":{"registrationId":1769815815,"currentRatchet":{"ephemeralKeyPair":{"pubKey":"BaujOai4GMI+/e0IE0TsU8F6wfZKafZEXNjQab61rfZN","privKey":"2FlePyTZ7gHA4g06Do1TURQmZoI1wP+eEQoHWV7HJ3E="},"lastRemoteEphemeralKey":"BYX8a71ZkRQ2Zk4WJEDeRv7cPQwn0aUSF0IW2bTi7S5x","previousCounter":0,"rootKey":"UqtHuYxGA2sJrgSfo3zDAerpIkcJIx+tCCKk9MngWnE="},"indexInfo":{"baseKey":"BTmXhTiLLpbAiqigDmnPlC41A6wyyOhxZJP1Wwd2Avlj","baseKeyType":1,"closed":-1,"used":1713363935380,"created":1713363935380,"remoteIdentityKey":"BXGKGEUXsPm6m8um4s53Q17HiVzSGExo+rubYR8RaFEe"},"_chains":{"BaujOai4GMI+/e0IE0TsU8F6wfZKafZEXNjQab61rfZN":{"chainKey":{"counter":0,"key":"R5IVm18ygm6xb+zYRVcCMHJGx2pe4vU6I0730Ep0f2w="},"chainType":1,"messageKeys":{}}},"pendingPreKey":{"signedKeyId":2,"baseKey":"BTmXhTiLLpbAiqigDmnPlC41A6wyyOhxZJP1Wwd2Avlj"}}},"version":"v1"}