{"_sessions":{"BUNOUIA830QHgwIg2aJbxTTc9Xjamr6oBuF7PQoJqOMm":{"registrationId":2034297761,"currentRatchet":{"ephemeralKeyPair":{"pubKey":"Bd+lp9Bi0Dwk7CPvyUa/3Gh94amm/NHUbOPXjkB8ie0Z","privKey":"GFAxVt9P0QrNnY6xptmYsxeYWKyv+rVCLP7JTHuRsGM="},"lastRemoteEphemeralKey":"Bfa3LF5h7qTAmfsEYK8Nf2dRE+BKHdm6IR6AXGnqcU0y","previousCounter":0,"rootKey":"oHl8fTNlkOMuwPcZNFFQte8RCzFCVdHk/BAIR9EphQw="},"indexInfo":{"baseKey":"BUNOUIA830QHgwIg2aJbxTTc9Xjamr6oBuF7PQoJqOMm","baseKeyType":1,"closed":-1,"used":1713363936429,"created":1713363936429,"remoteIdentityKey":"BcxJts9uRYv9P5V8G1izO1HhThCvkjz3UqnllG3zDB4S"},"_chains":{"Bd+lp9Bi0Dwk7CPvyUa/3Gh94amm/NHUbOPXjkB8ie0Z":{"chainKey":{"counter":0,"key":"XhlHB6PHXlbe/4axXem+wiGCAPUzJwZmeet7vCKJD1o="},"chainType":1,"messageKeys":{}}},"pendingPreKey":{"signedKeyId":1,"baseKey":"BUNOUIA830QHgwIg2aJbxTTc9Xjamr6oBuF7PQoJqOMm","preKeyId":8111623}}},"version":"v1"}