{"_sessions":{"BVlTLHBMDn7mWdZib9rcd+1+unPNKL/hyX5X4RHOGec7":{"registrationId":182,"currentRatchet":{"ephemeralKeyPair":{"pubKey":"BVwwSDzoN39db3hSg7VysLItnPJ6lGcyyPEFCOOm93og","privKey":"UMbZvrF/VN00mkzi8Lgwa1TeE5Qh+dvDpi1dCVKkbHs="},"lastRemoteEphemeralKey":"BUXeN3rIOjpEv6SBIkZcsNFkPZvijsHrPBmyKS9MdOtw","previousCounter":0,"rootKey":"fOMD5PDJR4gZteycu/u7wyeRTW4eZ94F6bi0Bb5529E="},"indexInfo":{"baseKey":"BVlTLHBMDn7mWdZib9rcd+1+unPNKL/hyX5X4RHOGec7","baseKeyType":1,"closed":-1,"used":1713363934697,"created":1713363934697,"remoteIdentityKey":"BWF/bThx2mJ0U8jvvpkZsz5X/MxchX9LVVN5eZPDdIkg"},"_chains":{"BVwwSDzoN39db3hSg7VysLItnPJ6lGcyyPEFCOOm93og":{"chainKey":{"counter":0,"key":"05O6rUUqGmUoPfDJAUJSdlCY83b5ZH7zom9iTY/R2ks="},"chainType":1,"messageKeys":{}}},"pendingPreKey":{"signedKeyId":1,"baseKey":"BVlTLHBMDn7mWdZib9rcd+1+unPNKL/hyX5X4RHOGec7"}}},"version":"v1"}