{"_sessions":{"BbxgZoc435IK904rGmORyYkyBd6Koh+94LNe5ZPnhm8T":{"registrationId":2145160611,"currentRatchet":{"ephemeralKeyPair":{"pubKey":"BRxGyI7c341soMnmYf+PnqAsn3gvn61tPhgJfE3RN09W","privKey":"yLX5Et+WmVOMcpRWQCDiNrrvdQfII8I5PlX8lzC0rkk="},"lastRemoteEphemeralKey":"BXoKqmzds6xh2A5eqV14lbUFkjiTDe0qG/EwXjCPcl8x","previousCounter":0,"rootKey":"UgXPe+E97PmO9lazU0rbbo1aJOAbqYBlTDsytm62QWI="},"indexInfo":{"baseKey":"BbxgZoc435IK904rGmORyYkyBd6Koh+94LNe5ZPnhm8T","baseKeyType":1,"closed":-1,"used":1713363936308,"created":1713363936308,"remoteIdentityKey":"BeqGL/uC9d8/Y4tRvlqqBkObfbHRsoDMrhZMaQksBBp0"},"_chains":{"BRxGyI7c341soMnmYf+PnqAsn3gvn61tPhgJfE3RN09W":{"chainKey":{"counter":0,"key":"slgUgvbYixdpWpNwGYf/+x1UyhSCjTLjlLaiQo/iTmQ="},"chainType":1,"messageKeys":{}}},"pendingPreKey":{"signedKeyId":1,"baseKey":"BbxgZoc435IK904rGmORyYkyBd6Koh+94LNe5ZPnhm8T","preKeyId":7873848}}},"version":"v1"}