{"_sessions":{"BXsGdMrSHsGzJfnpZUdv+xU55xFwAOQE4PSAowvjs6wP":{"registrationId":151,"currentRatchet":{"ephemeralKeyPair":{"pubKey":"BXf7cKkm4yzIcdJuAbodi2FkqHEWUotVgjvGQ5U55tsS","privKey":"WF8aazo15vGh78dp0PCbcw9RP9MA1wJw50k36uaDyUI="},"lastRemoteEphemeralKey":"BZHvU29v/vjc/rsqVAy6y2P/Yyyqz4WLp0/NWRziqQs/","previousCounter":0,"rootKey":"h4ih9XPH6uKTzbWzjn0LdfgZroinMjYJVMh16L4RjLA="},"indexInfo":{"baseKey":"BXsGdMrSHsGzJfnpZUdv+xU55xFwAOQE4PSAowvjs6wP","baseKeyType":2,"closed":-1,"used":1713363912722,"created":1713363912722,"remoteIdentityKey":"BfFTFaftjPXJ8oCYqGUupzB0LA+vQvIiYlbPAhhFrkom"},"_chains":{"BZHvU29v/vjc/rsqVAy6y2P/Yyyqz4WLp0/NWRziqQs/":{"chainKey":{"counter":0,"key":"PLWDlA1hB7eyb4X4/ahOy3OeEKvYIeUHMAqfZo7eLnA="},"chainType":2,"messageKeys":{}},"BXf7cKkm4yzIcdJuAbodi2FkqHEWUotVgjvGQ5U55tsS":{"chainKey":{"counter":0,"key":"52c2OU97uEPs1lZIvs3WBsWSSGjrh6hzlaUqdqefPrs="},"chainType":1,"messageKeys":{}}}}},"version":"v1"}