{"_sessions":{"BQVx+BeKW0QkA/m31ZtaMyqqCwITeb9xZt6nC4Omk4p5":{"registrationId":779753088,"currentRatchet":{"ephemeralKeyPair":{"pubKey":"BUMsR2/lB9rcpoJPGXxSbu2TYU6LFsRD7lLvqnyN6IAk","privKey":"aGQZWA0YDSp4GwyPh3j/qrNL4mcfZ97SkCbIZtCBa1k="},"lastRemoteEphemeralKey":"BWap+LBP6xHmWldXOwdCT/HbbdLAgeAU10at7niAie4F","previousCounter":0,"rootKey":"IKtXJ84EUHWrV58lX/RGIfF5D4e+naPtWlEPozwTBhE="},"indexInfo":{"baseKey":"BQVx+BeKW0QkA/m31ZtaMyqqCwITeb9xZt6nC4Omk4p5","baseKeyType":1,"closed":-1,"used":1713363934380,"created":1713363934380,"remoteIdentityKey":"BT1XYhabpA8hc+rKaAjBqY9DfV4GxNFMOGk8a2ALAFZF"},"_chains":{"BUMsR2/lB9rcpoJPGXxSbu2TYU6LFsRD7lLvqnyN6IAk":{"chainKey":{"counter":0,"key":"jXpLWMXDD5tGPBpFURPrxC00gpLsQkIc9wfyD6YT3Rc="},"chainType":1,"messageKeys":{}}},"pendingPreKey":{"signedKeyId":0,"baseKey":"BQVx+BeKW0QkA/m31ZtaMyqqCwITeb9xZt6nC4Omk4p5"}}},"version":"v1"}