{"_sessions":{"BaCzaXSBmNYdyix76gMegZZO3JLOymhMpmXgy285iZwh":{"registrationId":58397631,"currentRatchet":{"ephemeralKeyPair":{"pubKey":"Bc2TK4Tzk5emhh9dtOT09cwBbl5jtf9rAHGXahuGgywl","privKey":"CEiDm6RkTgLkkhbi338f9EnFuprSvaZDM2CXDWM3AkM="},"lastRemoteEphemeralKey":"BWxvZet8okaDaa6spSxsei/FF/UFHMAF3/CGu/YK0+Mz","previousCounter":0,"rootKey":"FiF9BByms/jmTyQVRyneCSGv+xWlfMu+z9he40GBL0U="},"indexInfo":{"baseKey":"BaCzaXSBmNYdyix76gMegZZO3JLOymhMpmXgy285iZwh","baseKeyType":1,"closed":-1,"used":1713363937416,"created":1713363937416,"remoteIdentityKey":"BW1Kqasva/EtgQxzOaN0nT5/x99LtsctcJXIQeggmC0t"},"_chains":{"Bc2TK4Tzk5emhh9dtOT09cwBbl5jtf9rAHGXahuGgywl":{"chainKey":{"counter":0,"key":"gbTKIKS5If9KzGg6I3EtilHMzsF9SOD+M10eMITGw80="},"chainType":1,"messageKeys":{}}},"pendingPreKey":{"signedKeyId":1,"baseKey":"BaCzaXSBmNYdyix76gMegZZO3JLOymhMpmXgy285iZwh","preKeyId":8743145}}},"version":"v1"}