{"_sessions":{"BQL42hFSeevVTzyK46BGnUOTMRxcwsnPwdsHmuxeVYBt":{"registrationId":1270625135,"currentRatchet":{"ephemeralKeyPair":{"pubKey":"BRy9H62kaNUYtUWagdbimwHQ2H7AAoAPT6R8KwVKhCs9","privKey":"mMs5u5wA/brzqAM59d1IWTQ3kRi4Nqwxz8tXlKooRV4="},"lastRemoteEphemeralKey":"BUqy9BpgkIVySrhp7PlqhTkem0vMhpJ8rPXEM3+HgcFB","previousCounter":0,"rootKey":"okwFresEyefTRj8LaNTtFDCyZpyWcU+3HLSLpjDNnNo="},"indexInfo":{"baseKey":"BQL42hFSeevVTzyK46BGnUOTMRxcwsnPwdsHmuxeVYBt","baseKeyType":1,"closed":-1,"used":1713363935800,"created":1713363935800,"remoteIdentityKey":"BWtUMhr49Tdnt+zy7n0crs4LJSjU+b2DgYd7+Aor4bw2"},"_chains":{"BRy9H62kaNUYtUWagdbimwHQ2H7AAoAPT6R8KwVKhCs9":{"chainKey":{"counter":0,"key":"oRPM78GDY0jrlftLcIc+xhbhENRE9pRK7FSPpDCXQSw="},"chainType":1,"messageKeys":{}}},"pendingPreKey":{"signedKeyId":11,"baseKey":"BQL42hFSeevVTzyK46BGnUOTMRxcwsnPwdsHmuxeVYBt","preKeyId":5095689}}},"version":"v1"}