{"_sessions":{"Bf0vHsKg7TDk1Xj6Ttstvbo5LlTN6LXHXi+C0XDgkEkw":{"registrationId":124,"currentRatchet":{"ephemeralKeyPair":{"pubKey":"BVmTbqGsI11bois58Qs0z0asynDBwMOnPnS8HPrmSUYm","privKey":"2KYcX0gT/+9BSS0kPKc1JtLcYNHpSntRGl1XabI16Ek="},"lastRemoteEphemeralKey":"BXT45UzrIzg/aZuDd0Gx/F7bMbwgR+54Expo3Ia0x9d5","previousCounter":0,"rootKey":"j+OFJFGrxYCYEWbau5RESughHrfbK1Zi7TYwMg0ATl0="},"indexInfo":{"baseKey":"Bf0vHsKg7TDk1Xj6Ttstvbo5LlTN6LXHXi+C0XDgkEkw","baseKeyType":1,"closed":-1,"used":1713363934900,"created":1713363934900,"remoteIdentityKey":"BendZQWmk/JQecKWHWYeXciNrE3HJ/+ICucA+FAodp5h"},"_chains":{"BVmTbqGsI11bois58Qs0z0asynDBwMOnPnS8HPrmSUYm":{"chainKey":{"counter":0,"key":"G9WR4b7qH5XxNrDm/frfPcqlFk6CfMu5qYtTQem79Vg="},"chainType":1,"messageKeys":{}}},"pendingPreKey":{"signedKeyId":1,"baseKey":"Bf0vHsKg7TDk1Xj6Ttstvbo5LlTN6LXHXi+C0XDgkEkw"}}},"version":"v1"}