{"_sessions":{"BYSGnzsEvUT8L6bSMgwLLJpS8TXlZBO5dtBeV8bHTd1p":{"registrationId":1698006827,"currentRatchet":{"ephemeralKeyPair":{"pubKey":"BZID0t6UxUNChmZlcoxB2VJ3pyWZSnuYIhCidGqv8HFy","privKey":"wK/WD7XRm1tvsqlNxrhFryU079LtM46vVBPHNGhhZE4="},"lastRemoteEphemeralKey":"BZjZcPmRUg/IyTF1iFk8tscwYU8+0zN+D+fUlfveyWpH","previousCounter":0,"rootKey":"3Gjk4wzQMR3nM4Wa5VWDYklmHVxxHO7sPMje4CJY4jI="},"indexInfo":{"baseKey":"BYSGnzsEvUT8L6bSMgwLLJpS8TXlZBO5dtBeV8bHTd1p","baseKeyType":1,"closed":-1,"used":1713363937314,"created":1713363937314,"remoteIdentityKey":"BY8m4P1e8Nw/3r2cbLcTDHdxqu+ofxHbwSkS5bLFDvgo"},"_chains":{"BZID0t6UxUNChmZlcoxB2VJ3pyWZSnuYIhCidGqv8HFy":{"chainKey":{"counter":0,"key":"awldlZ2GCpC70KCVbL1IO/6ZHNQucRptXi0S8g97u5U="},"chainType":1,"messageKeys":{}}},"pendingPreKey":{"signedKeyId":1,"baseKey":"BYSGnzsEvUT8L6bSMgwLLJpS8TXlZBO5dtBeV8bHTd1p","preKeyId":14748221}}},"version":"v1"}