{"_sessions":{"BZNNhpKDJnsRoyEHegeJ2GAly/ljsXqUIaAZdy7NZ/k5":{"registrationId":316361696,"currentRatchet":{"ephemeralKeyPair":{"pubKey":"BZk42sbKHh2lTB0/cy/X8/YVnCSDwK7e3bUtLVtUSlV+","privKey":"cAn53TsvTgkfNfkK9UXP5CA9ttjRmmFSyRF5smp9NmU="},"lastRemoteEphemeralKey":"BXYM/nCxGMxT6w2l3Zmtzmf40P5pJl9gIPL1z5vZdK0A","previousCounter":0,"rootKey":"VnWBE65s0vRHKCJfjRapEnk0RVGg2e7XXBC5yrJhHkY="},"indexInfo":{"baseKey":"BZNNhpKDJnsRoyEHegeJ2GAly/ljsXqUIaAZdy7NZ/k5","baseKeyType":1,"closed":-1,"used":1713363935511,"created":1713363935511,"remoteIdentityKey":"BRGtxubtBkWBMCNsLE1hD6LtJVwv6PslNhyB4CQ/jH8P"},"_chains":{"BZk42sbKHh2lTB0/cy/X8/YVnCSDwK7e3bUtLVtUSlV+":{"chainKey":{"counter":0,"key":"r5fFUOmU5z9f8rw2UiYtwJZBgP8S3QL6jzpYRf7UcAM="},"chainType":1,"messageKeys":{}}},"pendingPreKey":{"signedKeyId":5,"baseKey":"BZNNhpKDJnsRoyEHegeJ2GAly/ljsXqUIaAZdy7NZ/k5","preKeyId":13715969}}},"version":"v1"}