{"_sessions":{"BYlgpf5gshvrsI6fDvy1ucRQh/W0yVFGOpxMJ779u4Il":{"registrationId":82,"currentRatchet":{"ephemeralKeyPair":{"pubKey":"BcXxRtG+LdW+GTEdMBdtKQIsaaq92c6rl0B6ZB7O/1Vy","privKey":"kJBvNxLmOPjocxdZ8BJlxi95bNn/tLa20zM0jxiyd3o="},"lastRemoteEphemeralKey":"BdqDDTZOwnkgQRBQKJO6B8a8ZctL4/7qvliWkZugLAYO","previousCounter":0,"rootKey":"CnT/5Dg3K9z7Rc9OiDxkB8UIqtuzOhOzdIBnFAbuKHY="},"indexInfo":{"baseKey":"BYlgpf5gshvrsI6fDvy1ucRQh/W0yVFGOpxMJ779u4Il","baseKeyType":1,"closed":-1,"used":1713363934611,"created":1713363934611,"remoteIdentityKey":"Bfh1sOlQ78p39GCjPgb1Gsix6aTKi2b6uhTtoR14My0h"},"_chains":{"BcXxRtG+LdW+GTEdMBdtKQIsaaq92c6rl0B6ZB7O/1Vy":{"chainKey":{"counter":0,"key":"UTTIT1Wwi72ch2Esm+xBXWcIz3LiWhhzlbxcEj6WpqY="},"chainType":1,"messageKeys":{}}},"pendingPreKey":{"signedKeyId":1,"baseKey":"BYlgpf5gshvrsI6fDvy1ucRQh/W0yVFGOpxMJ779u4Il","preKeyId":229}}},"version":"v1"}