{"_sessions":{"BeQXzfuUmfwmkIRJpWGVXE1qp4QY6p8PxLzJLFEl4Jt1":{"registrationId":1843740790,"currentRatchet":{"ephemeralKeyPair":{"pubKey":"BeT+7kmyGs9yALv6IF7J/hXCiEphH9sawbCL0wX17u0l","privKey":"+DYwf8A9QqKxX6g9QttVWVKZd6CbmC5zUqoivienWUQ="},"lastRemoteEphemeralKey":"Bcdp9w7gaUa0tq6S7DN6ZnvmMwUEjd+qExsOR5ZmoZFo","previousCounter":0,"rootKey":"P/EDv+fJ2OwMBoW65WivmwpWhli08LjCqCirOZX+pvs="},"indexInfo":{"baseKey":"BeQXzfuUmfwmkIRJpWGVXE1qp4QY6p8PxLzJLFEl4Jt1","baseKeyType":1,"closed":-1,"used":1713363935302,"created":1713363935302,"remoteIdentityKey":"BfSxUX1B7JN66ZdNZILHixNpf4zSFhkn0oDwovEiGjRw"},"_chains":{"BeT+7kmyGs9yALv6IF7J/hXCiEphH9sawbCL0wX17u0l":{"chainKey":{"counter":0,"key":"IMPl0KEateVj8HGSAmip1LUOKxwXuvR8xTRnwtklwfI="},"chainType":1,"messageKeys":{}}},"pendingPreKey":{"signedKeyId":3,"baseKey":"BeQXzfuUmfwmkIRJpWGVXE1qp4QY6p8PxLzJLFEl4Jt1","preKeyId":12785353}}},"version":"v1"}