{"_sessions":{"BSzfZVM8Mx9lMJI+KZjaIUgtMSKzSNQ8Z+FlvGu7MyYs":{"registrationId":1098316185,"currentRatchet":{"ephemeralKeyPair":{"pubKey":"BeV/dXlUgr1Kx/LEpmWprH7USlHNa07up5xjBjzwgwgd","privKey":"MOx5WPFPL1iZiT2xGgYVLBQVBFhOyYL+jFxQ15+P9kk="},"lastRemoteEphemeralKey":"BXX66KPa++nH4RGgh9xXkgrWsS58oECmXkHmLrulO6t9","previousCounter":0,"rootKey":"KIiJmUO6Uex899ECbPbrn4eON0nPSByR+HMI3XrI9Go="},"indexInfo":{"baseKey":"BSzfZVM8Mx9lMJI+KZjaIUgtMSKzSNQ8Z+FlvGu7MyYs","baseKeyType":1,"closed":-1,"used":1713363935937,"created":1713363935937,"remoteIdentityKey":"BWPK1MKX6YjCx+C4WvAiVnjYB0l0HEFAe72uKay6b68g"},"_chains":{"BeV/dXlUgr1Kx/LEpmWprH7USlHNa07up5xjBjzwgwgd":{"chainKey":{"counter":0,"key":"ZbOnqH8ZsAaUGAAiTSY42yoYBfN3wP7rmT73viVQXyQ="},"chainType":1,"messageKeys":{}}},"pendingPreKey":{"signedKeyId":2,"baseKey":"BSzfZVM8Mx9lMJI+KZjaIUgtMSKzSNQ8Z+FlvGu7MyYs","preKeyId":5745865}}},"version":"v1"}