{"_sessions":{"BTyPC3E3dOKb9oJCj7laynPQOUR/KAhOcPd1LYlVPNUQ":{"registrationId":1444409539,"currentRatchet":{"ephemeralKeyPair":{"pubKey":"BRzoGqb+9GU5erv2yBr+p58Inee5McO/A89wrG2yZARf","privKey":"CDqTKudXzRwtK/Iaif5SGl2OCJnLqiPJBrKo/aqGBnM="},"lastRemoteEphemeralKey":"BWltLftJPvmb0iZ6Vi/Xb1omwYq/O4PA+D4LP0M6Oo0A","previousCounter":0,"rootKey":"jAvx/Az8PjXGXvavm3VsdXf22LTmyg7524eMIz5utkU="},"indexInfo":{"baseKey":"BTyPC3E3dOKb9oJCj7laynPQOUR/KAhOcPd1LYlVPNUQ","baseKeyType":1,"closed":-1,"used":1713363935945,"created":1713363935945,"remoteIdentityKey":"BaZKYJ/NKMd0YUi+JDywHihVljlwPGfLkH3CHnZ98nMz"},"_chains":{"BRzoGqb+9GU5erv2yBr+p58Inee5McO/A89wrG2yZARf":{"chainKey":{"counter":0,"key":"UOJs0O7nYkMerNpvpW+euBgIeBJpwg3JEkXUgHi2oJo="},"chainType":1,"messageKeys":{}}},"pendingPreKey":{"signedKeyId":0,"baseKey":"BTyPC3E3dOKb9oJCj7laynPQOUR/KAhOcPd1LYlVPNUQ","preKeyId":4069761}}},"version":"v1"}