{"_sessions":{"BUthGMeC7pwUJG5BlXD1uvsr2Dib2+y1rJsbyxrGdG4K":{"registrationId":1431966872,"currentRatchet":{"ephemeralKeyPair":{"pubKey":"BQdlEsE8kbe9+veQRphJ5IUs6z7gEmij/YRDL4XniDpe","privKey":"cHG788wi9fHTWPn1DnBaB4DHFeZuGHEIdDXH4Eq5THI="},"lastRemoteEphemeralKey":"BZtw/ZpCaHT6FDVvEDZGu7DMkdfjA/QGgaILdoI+fAQF","previousCounter":0,"rootKey":"GYzqOTQ1uV2tW0hV9BLszFYuYurPoP5RAYxSahwGSww="},"indexInfo":{"baseKey":"BUthGMeC7pwUJG5BlXD1uvsr2Dib2+y1rJsbyxrGdG4K","baseKeyType":1,"closed":-1,"used":1713363935491,"created":1713363935491,"remoteIdentityKey":"BXFcg70jkLxxxuKhBrw/nJqKqrEGIoE6vtGw9u0C5lxZ"},"_chains":{"BQdlEsE8kbe9+veQRphJ5IUs6z7gEmij/YRDL4XniDpe":{"chainKey":{"counter":0,"key":"jMv1UOHt7xNr1Uo1ts0gcUXsvCsID5rUYimCOc6ucmM="},"chainType":1,"messageKeys":{}}},"pendingPreKey":{"signedKeyId":22,"baseKey":"BUthGMeC7pwUJG5BlXD1uvsr2Dib2+y1rJsbyxrGdG4K","preKeyId":11323958}}},"version":"v1"}