{"_sessions":{"BaarifGcyPsynxaPpBHBhLHoYEvzrw7uNHZ8GOmuXb4T":{"registrationId":4880,"currentRatchet":{"ephemeralKeyPair":{"pubKey":"Bc5mTslVNrSJlVb2YhXh5uiATRjTSG8wvXrt8pL7zWR8","privKey":"MEF2SNjwvREXGH2yWiJspHZitfF+0tZgU5n+rQj8i10="},"lastRemoteEphemeralKey":"BYiSKIVwqJdmv7ylTdZWHkxwHsixBP/011/1EVwYLHMZ","previousCounter":0,"rootKey":"K+C6B4XSsvddRgvE3bFOHq8vd9DaSY7IWSVDUL0ICgE="},"indexInfo":{"baseKey":"BaarifGcyPsynxaPpBHBhLHoYEvzrw7uNHZ8GOmuXb4T","baseKeyType":1,"closed":-1,"used":1713363934830,"created":1713363934830,"remoteIdentityKey":"BUWIoIF3CJg1ot6F2zASqgC64vaMUHHdS5m93ZauIswk"},"_chains":{"Bc5mTslVNrSJlVb2YhXh5uiATRjTSG8wvXrt8pL7zWR8":{"chainKey":{"counter":0,"key":"DB9mTy7rcv90+31cqW6ZjFA7rF8BbQ1+6NNa2wDUTf8="},"chainType":1,"messageKeys":{}}},"pendingPreKey":{"signedKeyId":1,"baseKey":"BaarifGcyPsynxaPpBHBhLHoYEvzrw7uNHZ8GOmuXb4T","preKeyId":1050}}},"version":"v1"}