{"_sessions":{"Bf8iry1FeEqk/nx6sNHVK1C+OLODpCWgUJ7TtV6DJIRy":{"registrationId":1720164483,"currentRatchet":{"ephemeralKeyPair":{"pubKey":"BWqH6Kwc28WbiR590C3OQYMZ6Qozx2pCbZMJgCX1/tNE","privKey":"sBIFbjgrL1XPcgNgkLUoVx0x8fWAcG5u19IPOw/pFGY="},"lastRemoteEphemeralKey":"BQbIi8rRFs9HeLLzy4Lk+K1qZSfJ9He+NowfCjqeS1pw","previousCounter":0,"rootKey":"l6/PN2H8bb3TV2wjiXEateo3CkMdRn47dpBjCdeEmvQ="},"indexInfo":{"baseKey":"Bf8iry1FeEqk/nx6sNHVK1C+OLODpCWgUJ7TtV6DJIRy","baseKeyType":1,"closed":-1,"used":1713363937209,"created":1713363937209,"remoteIdentityKey":"BYrATHYsDVvTHHCc1fd1P1/6PrTjh8AC7PaCZD41Esgl"},"_chains":{"BWqH6Kwc28WbiR590C3OQYMZ6Qozx2pCbZMJgCX1/tNE":{"chainKey":{"counter":0,"key":"i+k6hVLAst8iLsw3KkjmGc0stAaOP8oP1rlqV6YQmh0="},"chainType":1,"messageKeys":{}}},"pendingPreKey":{"signedKeyId":16,"baseKey":"Bf8iry1FeEqk/nx6sNHVK1C+OLODpCWgUJ7TtV6DJIRy","preKeyId":7143169}}},"version":"v1"}