{"_sessions":{"BY+3aLT23E1uEDWfKKp3ZAcxzvL3V7EeChZaefssrbI/":{"registrationId":282889336,"currentRatchet":{"ephemeralKeyPair":{"pubKey":"BWT/0hKjA7bHfKvVoENnJ1M3iRj4mOknckK9w6QvJGZ+","privKey":"sGbIWXIsKl7Qmcfapr/uGBRzygo9wJx2kf+mLHbEmXQ="},"lastRemoteEphemeralKey":"BeATmMSILAWwoVcD58oYrvfXM5diAtcBpifQz+vWK1Aa","previousCounter":0,"rootKey":"HuRnD/8rtJrm3Blm/6xroAfo00bx1fbC2QRjIP5OT08="},"indexInfo":{"baseKey":"BY+3aLT23E1uEDWfKKp3ZAcxzvL3V7EeChZaefssrbI/","baseKeyType":1,"closed":-1,"used":1713363936703,"created":1713363936703,"remoteIdentityKey":"BeN+QcxcsvcNzZ74o5/n41GMsoWu2IAJ9OmjZBP+BE1s"},"_chains":{"BWT/0hKjA7bHfKvVoENnJ1M3iRj4mOknckK9w6QvJGZ+":{"chainKey":{"counter":0,"key":"9SkIZYvde+bOllWnUppyLAVuLI3zXTlwzzx7rOCAqEs="},"chainType":1,"messageKeys":{}}},"pendingPreKey":{"signedKeyId":5,"baseKey":"BY+3aLT23E1uEDWfKKp3ZAcxzvL3V7EeChZaefssrbI/","preKeyId":8684745}}},"version":"v1"}