{"_sessions":{"BQTq9kikbn9HRVjGdqpWSlbaDAYnNwL6zAiIilO7FDgv":{"registrationId":351399673,"currentRatchet":{"ephemeralKeyPair":{"pubKey":"BQU5kPkEoHN0pDytwbjidt9nfAIkGCTBTnJ5oC6W9lVy","privKey":"OCPwxHZdqSnJGc2ARN6WkNMazLu04qZym9mDXjiR3FY="},"lastRemoteEphemeralKey":"BUdV9Z8F5xicYCC17kxs/Qkvp4rZUGhOXeNpSuHjCAhL","previousCounter":0,"rootKey":"TtIXoX9B5ifYFTZgqlKzM9nSK44sMpQCrEIcfpC3lx0="},"indexInfo":{"baseKey":"BQTq9kikbn9HRVjGdqpWSlbaDAYnNwL6zAiIilO7FDgv","baseKeyType":1,"closed":-1,"used":1713363935098,"created":1713363935098,"remoteIdentityKey":"BV6we1QAqRROzVKX5nW5aVxPGFDpqj42e0jVhuy8MZlD"},"_chains":{"BQU5kPkEoHN0pDytwbjidt9nfAIkGCTBTnJ5oC6W9lVy":{"chainKey":{"counter":0,"key":"Q06iqu9225AshyK1lZ+R3XaLDKxG8pc1RTe/Im+gWn4="},"chainType":1,"messageKeys":{}}},"pendingPreKey":{"signedKeyId":2,"baseKey":"BQTq9kikbn9HRVjGdqpWSlbaDAYnNwL6zAiIilO7FDgv"}}},"version":"v1"}