{"_sessions":{"BYJHb2Xt+ppYqTV7ZOA6wW87VIRHUH4k0YmpK3zyEYNJ":{"registrationId":236,"currentRatchet":{"ephemeralKeyPair":{"pubKey":"BdT6lmEMz0wbEqEy768arYOjXW7kVrjgVRV+JX7m+CJH","privKey":"AMoh4XqpWSttr/DgpZ8sOgrdC7lwCs0rSYLSpEgLaFQ="},"lastRemoteEphemeralKey":"BfkTwvhoZeEMzCjDhKEhVfGkfPS5fzzwUhkKuefwlARD","previousCounter":0,"rootKey":"+vZzBlezXEcCRAR9wT3To/vHucDZ2Ch++TVjf8xvPKI="},"indexInfo":{"baseKey":"BYJHb2Xt+ppYqTV7ZOA6wW87VIRHUH4k0YmpK3zyEYNJ","baseKeyType":1,"closed":-1,"used":1713363934479,"created":1713363934479,"remoteIdentityKey":"BTSA7/3To4Dspr89tBnKM6R20MPT9RoI0vnLD93KpBd0"},"_chains":{"BdT6lmEMz0wbEqEy768arYOjXW7kVrjgVRV+JX7m+CJH":{"chainKey":{"counter":0,"key":"EyMfvBkOu1oTw/nwIz5VkWceeCfppCZ2IpTTSq7bPqs="},"chainType":1,"messageKeys":{}}},"pendingPreKey":{"signedKeyId":1,"baseKey":"BYJHb2Xt+ppYqTV7ZOA6wW87VIRHUH4k0YmpK3zyEYNJ"}}},"version":"v1"}