{"_sessions":{"BQ2c1NtmL/HphCU2YzOS8RGWbDRB/smVjFDnjkN/K0Bz":{"registrationId":890400732,"currentRatchet":{"ephemeralKeyPair":{"pubKey":"BYjZ4443ETAacXKEeiuBs3uVIaCI6gnsMIXZETvHGvUL","privKey":"6HwiSskVr9RB6UG63aD5TYDbRJ29Fv5OogOc+s269GM="},"lastRemoteEphemeralKey":"BT3EI7Rp4ssSb2cKNS6Pj5dUEr2nQe851iHaJ61m6rt1","previousCounter":0,"rootKey":"kmREhrC6kctlTfO89d6SCONVmJIm3+oLohWi5ug8TZE="},"indexInfo":{"baseKey":"BQ2c1NtmL/HphCU2YzOS8RGWbDRB/smVjFDnjkN/K0Bz","baseKeyType":1,"closed":-1,"used":1713363936027,"created":1713363936027,"remoteIdentityKey":"BU97zpe9cgoq3AD0KN2sM456PpW8jn61vx/8lDCq3icT"},"_chains":{"BYjZ4443ETAacXKEeiuBs3uVIaCI6gnsMIXZETvHGvUL":{"chainKey":{"counter":0,"key":"V2WmgGl850oOY3zY4oEieg3Pmrn3AikfGTfW+OkVDZc="},"chainType":1,"messageKeys":{}}},"pendingPreKey":{"signedKeyId":2,"baseKey":"BQ2c1NtmL/HphCU2YzOS8RGWbDRB/smVjFDnjkN/K0Bz"}}},"version":"v1"}