{"_sessions":{"BYIfb+d4awbnoWtGuZAtv7LwjJ1wobO4VzGkOvnu9yx5":{"registrationId":1253173748,"currentRatchet":{"ephemeralKeyPair":{"pubKey":"BelA6NR5Dk/IE0v7BUbiJfv5LJge6yQUTHorlDMnpKdB","privKey":"sJLFeBf34BVyP9F0edmrpRM/Q0TFQ1CwzbNBw259I1s="},"lastRemoteEphemeralKey":"BWLa2Is8n/7KZRmqeFtNzlCgsZcp673dSQlSjymZ9MQf","previousCounter":0,"rootKey":"rWQ4zbgjeDLb9ZTj1U+k3GQ+goOlavdHrTw6pKv9Fsc="},"indexInfo":{"baseKey":"BYIfb+d4awbnoWtGuZAtv7LwjJ1wobO4VzGkOvnu9yx5","baseKeyType":1,"closed":-1,"used":1713363937117,"created":1713363937117,"remoteIdentityKey":"BdqRtiaflWj1I1Tyt2ADY34WwuztPfcNs4XIBWoFNb1x"},"_chains":{"BelA6NR5Dk/IE0v7BUbiJfv5LJge6yQUTHorlDMnpKdB":{"chainKey":{"counter":0,"key":"vdl/At0EqOdvneASrlKRGH139FJSXr6eUza5IZ23wl8="},"chainType":1,"messageKeys":{}}},"pendingPreKey":{"signedKeyId":0,"baseKey":"BYIfb+d4awbnoWtGuZAtv7LwjJ1wobO4VzGkOvnu9yx5"}}},"version":"v1"}