{"_sessions":{"BXVVtsL3V4LsrfjwlH4x3cCqAJJBjw2cYZdKtFmXzwMa":{"registrationId":12972,"currentRatchet":{"ephemeralKeyPair":{"pubKey":"BVursK+BA0K7clw+w/7jBbxFaKUtQX4hwRY6VoQxLwwF","privKey":"GDZgoxLIn9ZsYji1y0us/9tNxve3u9TXhKpzSO4s6mM="},"lastRemoteEphemeralKey":"BXMBbVQ2n39rdazO8I8AQvBccAQQqFe6k3QmKfgFsspn","previousCounter":0,"rootKey":"OxyjAG3atGo2qzhI//b236BJCgyQEM6Jc5/5C6Bt/7I="},"indexInfo":{"baseKey":"BXVVtsL3V4LsrfjwlH4x3cCqAJJBjw2cYZdKtFmXzwMa","baseKeyType":1,"closed":-1,"used":1713363934578,"created":1713363934578,"remoteIdentityKey":"BRfkmSSP3beWMDj/cikPdAZOdn8VfqNmv3uKag95r6tT"},"_chains":{"BVursK+BA0K7clw+w/7jBbxFaKUtQX4hwRY6VoQxLwwF":{"chainKey":{"counter":0,"key":"HJx3wIDg5su0orgsWpFOT97BRkE4fkHuDNFXU5SiK9Y="},"chainType":1,"messageKeys":{}}},"pendingPreKey":{"signedKeyId":1,"baseKey":"BXVVtsL3V4LsrfjwlH4x3cCqAJJBjw2cYZdKtFmXzwMa"}}},"version":"v1"}