{"_sessions":{"Bek7Hee8X83P9qVYXeJc8mbDRxLVBp7ZztlTjNMlaC56":{"registrationId":1846412611,"currentRatchet":{"ephemeralKeyPair":{"pubKey":"BcksatOLEkD6OgLxiKCL9c9sQE4ehEpIHsOS/dJtimYc","privKey":"0L18xFTd2DxNeiZSBCBKadd1Jn1Uierj/DeC5mSyxno="},"lastRemoteEphemeralKey":"BfnGVnMqDN6fPPaJvFUEpIr6usXpRdLBbRy6mO7FwdJ4","previousCounter":0,"rootKey":"Na2jmWcW03x10sRgD7jGPoARfGA2Zh8GZaaLOQZlv6A="},"indexInfo":{"baseKey":"Bek7Hee8X83P9qVYXeJc8mbDRxLVBp7ZztlTjNMlaC56","baseKeyType":1,"closed":-1,"used":1713363936128,"created":1713363936128,"remoteIdentityKey":"BeRGdMOc+RGYrT2RTk5Y2QtYexoeAjvfc0SWKEwtgat7"},"_chains":{"BcksatOLEkD6OgLxiKCL9c9sQE4ehEpIHsOS/dJtimYc":{"chainKey":{"counter":0,"key":"ld0v7ZCUH8nujEmDRy3ooJ3l64wvxCFPedxLxwm50/A="},"chainType":1,"messageKeys":{}}},"pendingPreKey":{"signedKeyId":6,"baseKey":"Bek7Hee8X83P9qVYXeJc8mbDRxLVBp7ZztlTjNMlaC56","preKeyId":3412733}}},"version":"v1"}