{"_sessions":{"BXd/OJdJDhBDbBtsNOUKh3L9sXCz9NfII8BoMaUZIWNO":{"registrationId":1721227470,"currentRatchet":{"ephemeralKeyPair":{"pubKey":"BZf7bFvdWYjkpkDyJG67vomaS7XB8/h9gVqftVo0KXEv","privKey":"MLtk99jmjvvmFDEiOlFeL+YNaLzbqcyrmNAkc9ga8EI="},"lastRemoteEphemeralKey":"BYqT3ZfBPoLicNMBVEIvdhQnGp8RMAa6umBlfPMExuQj","previousCounter":0,"rootKey":"OIVav++j8mdYTdKodS7ivewEBF9rd6k/XHC/mwA1SyE="},"indexInfo":{"baseKey":"BXd/OJdJDhBDbBtsNOUKh3L9sXCz9NfII8BoMaUZIWNO","baseKeyType":1,"closed":-1,"used":1713363936210,"created":1713363936210,"remoteIdentityKey":"BWxSKyDOTz+1qOTZZlYjAuK31TkfBEOJM0R+d+D7SJNy"},"_chains":{"BZf7bFvdWYjkpkDyJG67vomaS7XB8/h9gVqftVo0KXEv":{"chainKey":{"counter":0,"key":"Ns8huRcVf0gQRGnQ7zqpIHGzUerY08qmxX0B8OfThhQ="},"chainType":1,"messageKeys":{}}},"pendingPreKey":{"signedKeyId":1,"baseKey":"BXd/OJdJDhBDbBtsNOUKh3L9sXCz9NfII8BoMaUZIWNO","preKeyId":2167740}}},"version":"v1"}