{"_sessions":{"BXzXlZritdtZUVG6bbafXHJKczRwKsxZMk3bXXU+Aswa":{"registrationId":1279,"currentRatchet":{"ephemeralKeyPair":{"pubKey":"Be+RIanD+dB/oMuVJG1NqQUtQpUaCvvnwXIAjthJxLwB","privKey":"WHHyMyp7WqqsJY9x97fG3N8GvHX/Epl6hoH9noBOCm8="},"lastRemoteEphemeralKey":"Bfx8Uik/Y4RquumhAw/c5ydLMPAxriKsCQUPTvooZ7Uk","previousCounter":0,"rootKey":"fm7PDgF0Vb9975AgTZCU3CO9Fge2ct8xvTRVqP9F4wM="},"indexInfo":{"baseKey":"BXzXlZritdtZUVG6bbafXHJKczRwKsxZMk3bXXU+Aswa","baseKeyType":1,"closed":-1,"used":1713363934795,"created":1713363934795,"remoteIdentityKey":"BeLk58c6rm7zDxclWfPFJRzsqxrPHEheWtz7KANvk0oH"},"_chains":{"Be+RIanD+dB/oMuVJG1NqQUtQpUaCvvnwXIAjthJxLwB":{"chainKey":{"counter":0,"key":"e8+NQWX8cCaxKaS2LKW2BNEp2xsMEmtOdQ6bgiyioJg="},"chainType":1,"messageKeys":{}}},"pendingPreKey":{"signedKeyId":1,"baseKey":"BXzXlZritdtZUVG6bbafXHJKczRwKsxZMk3bXXU+Aswa"}}},"version":"v1"}