{"_sessions":{"BcaDFaX8/9K7RDQ0HCD5pYNNBlTSaG+c3fs7TUWFLN19":{"registrationId":659282685,"currentRatchet":{"ephemeralKeyPair":{"pubKey":"BUeBBM2wKvCgLVXOn52WyaNY0RQuCvBPnuJ/FbfiS+go","privKey":"4LooR6tuoaq4lduSLzErSIIpe+JJHAMkxIjdnzDJDUg="},"lastRemoteEphemeralKey":"BaaK6QB90eSijU8vn6m+5Rp8f+b2PeLIE8+0MURWx6xm","previousCounter":0,"rootKey":"0C4isQBPDr6+i1w2E4hhmpIv9zKMkQ/o8Plalq6ik38="},"indexInfo":{"baseKey":"BcaDFaX8/9K7RDQ0HCD5pYNNBlTSaG+c3fs7TUWFLN19","baseKeyType":1,"closed":-1,"used":1713363937102,"created":1713363937102,"remoteIdentityKey":"BTanfRHceyJ6D19CPukKBkZC1+YIh2zjurAkJ56/Tk8n"},"_chains":{"BUeBBM2wKvCgLVXOn52WyaNY0RQuCvBPnuJ/FbfiS+go":{"chainKey":{"counter":0,"key":"aeoX65XEZ04Jyly/gP9sl46lawORjkWMN51RhVVcR2o="},"chainType":1,"messageKeys":{}}},"pendingPreKey":{"signedKeyId":8,"baseKey":"BcaDFaX8/9K7RDQ0HCD5pYNNBlTSaG+c3fs7TUWFLN19","preKeyId":11524552}}},"version":"v1"}