{"_sessions":{"BShiGlaKOf/HJwTiOyRCAWFKDPtSC7skwyzdddIPJotG":{"registrationId":798166375,"currentRatchet":{"ephemeralKeyPair":{"pubKey":"BQjBTdVCG1eO1aLoyPAs8ktHgIQ3UwK4XPPLJmwXB9lw","privKey":"OP67czWk0JxqrCfYxyjfARe4vMW5mhPtHiFJkosOYno="},"lastRemoteEphemeralKey":"BWsVTlolPyxoeZBBOSOPzuOL79UuGa9z7hvU8FUoRYkY","previousCounter":0,"rootKey":"blL7uaevB+jXJS5ebKEeHrFlFpGNuw1E5aNmW9HatSM="},"indexInfo":{"baseKey":"BShiGlaKOf/HJwTiOyRCAWFKDPtSC7skwyzdddIPJotG","baseKeyType":1,"closed":-1,"used":1713363936423,"created":1713363936423,"remoteIdentityKey":"BWGuxc0jWVgC0o67tI9Fp65SYhGDz3kG/SLInR3mqytU"},"_chains":{"BQjBTdVCG1eO1aLoyPAs8ktHgIQ3UwK4XPPLJmwXB9lw":{"chainKey":{"counter":0,"key":"wMKa0mJRhj0E3MoP9ortmjEurlZ9/ADdQ+eHzm8NZiM="},"chainType":1,"messageKeys":{}}},"pendingPreKey":{"signedKeyId":0,"baseKey":"BShiGlaKOf/HJwTiOyRCAWFKDPtSC7skwyzdddIPJotG"}}},"version":"v1"}