{"_sessions":{"BWgh00FprerMeD4HdmB9n+x0QCGOIWyTcgJwIKvbuixt":{"registrationId":1432261876,"currentRatchet":{"ephemeralKeyPair":{"pubKey":"BUYJaqrsnCfJKIeRPdsccBt5BaNVW10SZizZkMOj+Bcn","privKey":"GKKhqlYhh+UVq1bxZPZDCyLMwHfZBtNWVQu7/P1PFkI="},"lastRemoteEphemeralKey":"BaxaGm0uXwiAa3l/5o5csDiuhAb96CrLBvE7kd1PNW1Z","previousCounter":0,"rootKey":"f15cPTnP9XG5PIUcBLOxY/2AZJ1olkf7ckCTqJwfmhM="},"indexInfo":{"baseKey":"BWgh00FprerMeD4HdmB9n+x0QCGOIWyTcgJwIKvbuixt","baseKeyType":1,"closed":-1,"used":1713363936122,"created":1713363936122,"remoteIdentityKey":"Bf8s0J6puxj/nqFEpdDk1slS9yEqoBsi2Y3Qqmh6jss3"},"_chains":{"BUYJaqrsnCfJKIeRPdsccBt5BaNVW10SZizZkMOj+Bcn":{"chainKey":{"counter":0,"key":"H9W9yrKYeeyV+kHMQRkdbslS8uMrRnMc+dpxV3nse8I="},"chainType":1,"messageKeys":{}}},"pendingPreKey":{"signedKeyId":3,"baseKey":"BWgh00FprerMeD4HdmB9n+x0QCGOIWyTcgJwIKvbuixt","preKeyId":3123203}}},"version":"v1"}