{"_sessions":{"BVsV9kmFYGMtRHuNPXUkTHVAnncLsvmKCNCpTd2GC8AK":{"registrationId":1811160006,"currentRatchet":{"ephemeralKeyPair":{"pubKey":"BUWk0il/XNuckTfEOygGIvju7fkQVf2ECuT3aWiKA1w0","privKey":"OKG6rTCEHyVEdtbiJMydB1C67tvNTJtsxFw45oT8CEg="},"lastRemoteEphemeralKey":"BWLXsuSptr5VHvAg3zDPQ8pUbB3Q4pnTskgIQUgasTg1","previousCounter":0,"rootKey":"lO+Az4hGdVzCZhKEG+sUkJ/G+Q2W3cCwOLpZGU1elRY="},"indexInfo":{"baseKey":"BVsV9kmFYGMtRHuNPXUkTHVAnncLsvmKCNCpTd2GC8AK","baseKeyType":1,"closed":-1,"used":1713363935277,"created":1713363935277,"remoteIdentityKey":"Bek3anFxRkFLD5etBr4zsLhp8shRrmGPVSJCzgUAysd6"},"_chains":{"BUWk0il/XNuckTfEOygGIvju7fkQVf2ECuT3aWiKA1w0":{"chainKey":{"counter":0,"key":"VOjZvuy1cQjFmjgIsVOu3ndCY0rUawonPirxBQJYab0="},"chainType":1,"messageKeys":{}}},"pendingPreKey":{"signedKeyId":0,"baseKey":"BVsV9kmFYGMtRHuNPXUkTHVAnncLsvmKCNCpTd2GC8AK","preKeyId":15091}}},"version":"v1"}