{"_sessions":{"BWt3C6gDfrebg8KqPZIvcuvDdZ2SYemmyRXBDCTxNW9f":{"registrationId":1433034703,"currentRatchet":{"ephemeralKeyPair":{"pubKey":"BXYKs3YS0/4oI8U3qjI9oDn5CF1qBYAnPudtX6JdeZJU","privKey":"WAd1G4hCgzzmEZSkbk4p5wacj13+s02po5S9Nuz7AkE="},"lastRemoteEphemeralKey":"BdL2TmvJWCRQhEgjUFRcwRyXhF+sEs77VPpaGodeCYg7","previousCounter":0,"rootKey":"zNI2Ighg20c6+TmCJERMd6W6IC7vIrDH/P7t7HFCZh8="},"indexInfo":{"baseKey":"BWt3C6gDfrebg8KqPZIvcuvDdZ2SYemmyRXBDCTxNW9f","baseKeyType":1,"closed":1713363617677,"used":1713125149059,"created":1713118110704,"remoteIdentityKey":"BYA7ZYfbF0+a2tTwobyNOtvM/sNJ22yYRYOvT9W1BKpx"},"_chains":{"BdL2TmvJWCRQhEgjUFRcwRyXhF+sEs77VPpaGodeCYg7":{"chainKey":{"counter":0,"key":"kpp5loH5MdrdrG/v8RMFjgqQVQ8D0LsQfrhKjZwstGU="},"chainType":2,"messageKeys":{}},"BXYKs3YS0/4oI8U3qjI9oDn5CF1qBYAnPudtX6JdeZJU":{"chainKey":{"counter":-1,"key":"45bL/1zIyMhJ5hqtLf4qiTPi/hWNZDdyQVhSpKRHmLQ="},"chainType":1,"messageKeys":{}}}},"BS4IcFmVU0WMyxBhZ5b2xvEtb92c3/c6Ir3NoiULyK5G":{"registrationId":1433034703,"currentRatchet":{"ephemeralKeyPair":{"pubKey":"BSLzQXGaclgOGEF/dCOBH0FWmfyNEnDJwazzObvJUglw","privKey":"oI3hIWkwF4PBDLEszwahj4FgnyXTWLyuJ7NdTZF8H18="},"lastRemoteEphemeralKey":"BTv1J7QTU32HKsA1TdGDp3SiJTVz4mSILkkpGllLzWQ4","previousCounter":0,"rootKey":"3uNRugrW04fIjYPgAXwPq/umd5iaDNXqOUiV/C3Wqrk="},"indexInfo":{"baseKey":"BS4IcFmVU0WMyxBhZ5b2xvEtb92c3/c6Ir3NoiULyK5G","baseKeyType":2,"closed":-1,"used":1713363617684,"created":1713363617684,"remoteIdentityKey":"BYA7ZYfbF0+a2tTwobyNOtvM/sNJ22yYRYOvT9W1BKpx"},"_chains":{"BTv1J7QTU32HKsA1TdGDp3SiJTVz4mSILkkpGllLzWQ4":{"chainKey":{"counter":1,"key":"z1Yfiov7prDdsMOTzwJ8lC8uMoRsmBMcRS3ZIvtldPY="},"chainType":2,"messageKeys":{}},"BSLzQXGaclgOGEF/dCOBH0FWmfyNEnDJwazzObvJUglw":{"chainKey":{"counter":0,"key":"12wM+eQ4ssO3XUhKu/DTTyry7IBNuEmI+2sA+kEzmwo="},"chainType":1,"messageKeys":{}}}}},"version":"v1"}