{"_sessions":{"BQVXB99QOHjVNcgcLQDMsx73bLbJxqH0b0zeT0e41WcW":{"registrationId":788771954,"currentRatchet":{"ephemeralKeyPair":{"pubKey":"BduTiLj9N8I2LrvKmzcNZAEQm9DUX7XK4GGk56i4YQMN","privKey":"oEwFtzvyL1MXY66dBw3NZk6upe6qmMJ1cdcnkkG2qUg="},"lastRemoteEphemeralKey":"BYWQHU8j1hX3tg1tpPx+HXOsN4Y2GCNkkMgcBPv8iF1K","previousCounter":0,"rootKey":"8AHu++VHDTX7eVW3UeOmYRP4f8ea2s/boiItqyvSQlk="},"indexInfo":{"baseKey":"BQVXB99QOHjVNcgcLQDMsx73bLbJxqH0b0zeT0e41WcW","baseKeyType":1,"closed":-1,"used":1713363936918,"created":1713363936918,"remoteIdentityKey":"BcuLkOkqhuTHz7pby4ZK3QP/BE4Yllh4rXjbWUS1hHFP"},"_chains":{"BduTiLj9N8I2LrvKmzcNZAEQm9DUX7XK4GGk56i4YQMN":{"chainKey":{"counter":0,"key":"I615zzANYvo5w+8m6AtygzPwgwCtLzkx7KI87VGkVdY="},"chainType":1,"messageKeys":{}}},"pendingPreKey":{"signedKeyId":3,"baseKey":"BQVXB99QOHjVNcgcLQDMsx73bLbJxqH0b0zeT0e41WcW","preKeyId":16405628}}},"version":"v1"}