{"_sessions":{"BUWe17m00vlQvULpTsPDPCezYUJnjBFl1QLaltnmzJFd":{"registrationId":781949482,"currentRatchet":{"ephemeralKeyPair":{"pubKey":"BTd9/8vCnZpTPNXTXzVEc5JCFGVoP3svqE4nj8J+ha09","privKey":"4Lk5H0Trd7fJAgpfDKsdJ6stPdlY68IL0Txq570/Znk="},"lastRemoteEphemeralKey":"BT/gmRlngkZiCax6LLrNxLiTgm1/QPhBj3xH3YQ4V+tM","previousCounter":0,"rootKey":"YQXtEex/e7AYULzMMlRk/8QBSyPRcSxMUSByI5tff+8="},"indexInfo":{"baseKey":"BUWe17m00vlQvULpTsPDPCezYUJnjBFl1QLaltnmzJFd","baseKeyType":1,"closed":-1,"used":1713363937398,"created":1713363937398,"remoteIdentityKey":"Bcxp3+6JSI4wYfu13Y2kD/7TWiC+9sVea2nvwndF76Z3"},"_chains":{"BTd9/8vCnZpTPNXTXzVEc5JCFGVoP3svqE4nj8J+ha09":{"chainKey":{"counter":0,"key":"KITug4bVdGFVtqY1UqKvN99W2espMsQEffnE1Gdsel8="},"chainType":1,"messageKeys":{}}},"pendingPreKey":{"signedKeyId":0,"baseKey":"BUWe17m00vlQvULpTsPDPCezYUJnjBFl1QLaltnmzJFd","preKeyId":15398871}}},"version":"v1"}