{"_sessions":{"BU46danvWTHGV0QmWA2UV1JwV4DNajpdviTvLHKeJEc4":{"registrationId":82409949,"currentRatchet":{"ephemeralKeyPair":{"pubKey":"BQAAtDH4i6XIeswL66m7FjG+gg1574jQygBd2VRFbd8n","privKey":"OOgE7koBcWZZfKstw/K3qyXUdrMyn87yOkvD/YUn6nE="},"lastRemoteEphemeralKey":"BSmX+sqIM7d1vUc32LY5d71xkIVtbQRMss+A3Pj8WAVC","previousCounter":0,"rootKey":"+Qiuuw+ule2H3eHnylV1mIlxCrT4PxjsNiIHKXGj10M="},"indexInfo":{"baseKey":"BU46danvWTHGV0QmWA2UV1JwV4DNajpdviTvLHKeJEc4","baseKeyType":1,"closed":-1,"used":1713363934921,"created":1713363934921,"remoteIdentityKey":"BVfiPQ7oag7gy6qfT9mzFZsHI6KTu6lLxBYC9+J3L0Bn"},"_chains":{"BQAAtDH4i6XIeswL66m7FjG+gg1574jQygBd2VRFbd8n":{"chainKey":{"counter":0,"key":"8rdHQQe4s5CtKvPVudMi9RUD1Lwn1lcpgstm5cD0cz0="},"chainType":1,"messageKeys":{}}},"pendingPreKey":{"signedKeyId":2,"baseKey":"BU46danvWTHGV0QmWA2UV1JwV4DNajpdviTvLHKeJEc4","preKeyId":9006477}}},"version":"v1"}