{"_sessions":{"Bbs0MXkDb45PkKu/72nFIu9kZDhcwA9XOLbsolwxAQp8":{"registrationId":463374332,"currentRatchet":{"ephemeralKeyPair":{"pubKey":"BU6lzilljw0ZaFJ/Eeca+3xioYbLFqbphTPyjMMdt+4Q","privKey":"KHeglnhpbABv6JIJ6W36TGWumn/E57HwjeBmgG8W308="},"lastRemoteEphemeralKey":"BWS3AyC4xTLWXNfgn7FZ3jh1RH3QMO5oXbVHdx9Ewspl","previousCounter":0,"rootKey":"te6fZplpa70PAHsOaPVzEo+Auj82V0m1zMUYEtc2qQE="},"indexInfo":{"baseKey":"Bbs0MXkDb45PkKu/72nFIu9kZDhcwA9XOLbsolwxAQp8","baseKeyType":1,"closed":-1,"used":1713363937410,"created":1713363937410,"remoteIdentityKey":"BYMByo+J/wcmODd3PhQ2Y/lQQBRPfhOU6sRSZ+DRRkQ0"},"_chains":{"BU6lzilljw0ZaFJ/Eeca+3xioYbLFqbphTPyjMMdt+4Q":{"chainKey":{"counter":0,"key":"7c5p2nax4gHKApw69M0nipyJiYF0ygLfUO7ZdILbFFo="},"chainType":1,"messageKeys":{}}},"pendingPreKey":{"signedKeyId":1,"baseKey":"Bbs0MXkDb45PkKu/72nFIu9kZDhcwA9XOLbsolwxAQp8"}}},"version":"v1"}