{"_sessions":{"BUycSu5duS3ua3TUqdsxfer7mVM6XFygU/uBlcsDHd03":{"registrationId":1385906042,"currentRatchet":{"ephemeralKeyPair":{"pubKey":"BQ+ZsUn0+7HLPnWVv7WWia6p6Hs9CQC1Sgy3sDI1U6Jv","privKey":"oGE0DOkoLUQ0iT//jlbaPO6V3EhfsnSGlC33ks/Yjns="},"lastRemoteEphemeralKey":"Bf5kmIxH+QrVl+6FKtkzOQCn9oXaXl0ZFiyV0JMW1oVS","previousCounter":0,"rootKey":"PMO1cIw0rNoUb3aclKLIzN3IU0SzddlgF3J0xzxrAZU="},"indexInfo":{"baseKey":"BUycSu5duS3ua3TUqdsxfer7mVM6XFygU/uBlcsDHd03","baseKeyType":1,"closed":-1,"used":1713363936931,"created":1713363936931,"remoteIdentityKey":"BRlg2DgJSebUxP7KvpsSDQBq6eTxdkRDocETN6vTb1pu"},"_chains":{"BQ+ZsUn0+7HLPnWVv7WWia6p6Hs9CQC1Sgy3sDI1U6Jv":{"chainKey":{"counter":0,"key":"NZq2RAn8aYcXKmQD4bpb77vYScTx7DOdgRNYsA4FV9Y="},"chainType":1,"messageKeys":{}}},"pendingPreKey":{"signedKeyId":2,"baseKey":"BUycSu5duS3ua3TUqdsxfer7mVM6XFygU/uBlcsDHd03","preKeyId":8118212}}},"version":"v1"}