{"_sessions":{"BYRlugXClUxczrtX86FVf8rv8JpADgjznjp3pgFsUtUs":{"registrationId":813091019,"currentRatchet":{"ephemeralKeyPair":{"pubKey":"BSl6rttqEva3ZerrRHOvvfmBdgpizV2WhcCYduJ7TRpn","privKey":"qINNVr/5KXuOGwfyT+DG2RY228ksvxtV5oabGydRfk4="},"lastRemoteEphemeralKey":"BWZQKKzffwTSwjMKfP/khGExFGepbJw7H2Cuegz+cVk4","previousCounter":0,"rootKey":"NfuyLINho7dhUIvcz+BTdamnXZH5mlWE9JWeaLr2SME="},"indexInfo":{"baseKey":"BYRlugXClUxczrtX86FVf8rv8JpADgjznjp3pgFsUtUs","baseKeyType":1,"closed":-1,"used":1713363936631,"created":1713363936631,"remoteIdentityKey":"BYaVFanGFlVPNjALlZUPxerR2mLiHAOGkIYd63b6OkdB"},"_chains":{"BSl6rttqEva3ZerrRHOvvfmBdgpizV2WhcCYduJ7TRpn":{"chainKey":{"counter":0,"key":"YjQtJbN80mnX2m1iytehRs/qQkarjioBNHLkOgWht54="},"chainType":1,"messageKeys":{}}},"pendingPreKey":{"signedKeyId":3,"baseKey":"BYRlugXClUxczrtX86FVf8rv8JpADgjznjp3pgFsUtUs","preKeyId":5049425}}},"version":"v1"}