{"_sessions":{"BUMKAAWieQb0AG+k/mtacRWYW7DEbiH2VDjD3xF8CxVi":{"registrationId":1583218722,"currentRatchet":{"ephemeralKeyPair":{"pubKey":"BTaU+3vyJMrvJ+fICRPV5p11Xr6TWHuY6Zp99ldtwOJT","privKey":"qKn5mfPl28k9k0js2++HAd2jXfONlf2h1YS5Oi0dWFA="},"lastRemoteEphemeralKey":"BfQFqCHmrYHZcmDQl2AjnUjQOsjbxBMgREK5mM8uk7he","previousCounter":0,"rootKey":"3SB/F9V7hClzMSfS4+ZoaDPWgSgN01+YUmKro7g/PnE="},"indexInfo":{"baseKey":"BUMKAAWieQb0AG+k/mtacRWYW7DEbiH2VDjD3xF8CxVi","baseKeyType":1,"closed":-1,"used":1713363937122,"created":1713363937122,"remoteIdentityKey":"BdwRFPRz8sph8ijyXBgnVH04al66iHy0yMsgAItzsl8P"},"_chains":{"BTaU+3vyJMrvJ+fICRPV5p11Xr6TWHuY6Zp99ldtwOJT":{"chainKey":{"counter":0,"key":"MBi773zvC8m4Z+QWVGZQIDZM8tkHb4/OeDDp3A1zg/Y="},"chainType":1,"messageKeys":{}}},"pendingPreKey":{"signedKeyId":15,"baseKey":"BUMKAAWieQb0AG+k/mtacRWYW7DEbiH2VDjD3xF8CxVi"}}},"version":"v1"}