{"_sessions":{"BUSNh4HOjhBnjOExpNhfB1YWF3doZwrZVP5kzhq4IMVv":{"registrationId":277514725,"currentRatchet":{"ephemeralKeyPair":{"pubKey":"BZdcYSiLaay6FK2LsSEGbcv1+6/24b20/da6yt0r3pgk","privKey":"KA4SXNIvqJngxte9Bo6ZyGuXzkwJV24bUMEYzhi2kXw="},"lastRemoteEphemeralKey":"BRZofmLZOiCpCPGHAy5Bzvfa+iW+1gDwQ7TZRPbW669c","previousCounter":0,"rootKey":"VZFUHnikuI0Qv7QEj3aNiFt9ahtv0GgKF7JwaniqPpA="},"indexInfo":{"baseKey":"BUSNh4HOjhBnjOExpNhfB1YWF3doZwrZVP5kzhq4IMVv","baseKeyType":1,"closed":-1,"used":1713363936620,"created":1713363936620,"remoteIdentityKey":"BQHzX7lv0ffxHOuP2CVg+u/i5ZZWAnOHV39fEj6fGQkm"},"_chains":{"BZdcYSiLaay6FK2LsSEGbcv1+6/24b20/da6yt0r3pgk":{"chainKey":{"counter":0,"key":"q0H429LSkhQmhnZnSW0Ilch7UH9MCd4MQNiEnMbQN1k="},"chainType":1,"messageKeys":{}}},"pendingPreKey":{"signedKeyId":1,"baseKey":"BUSNh4HOjhBnjOExpNhfB1YWF3doZwrZVP5kzhq4IMVv","preKeyId":615481}}},"version":"v1"}