{"_sessions":{"BS0MnHFBMJdYKEZpOzRu0aYONjVq1ZE2H2mlEw9KvRwK":{"registrationId":994720592,"currentRatchet":{"ephemeralKeyPair":{"pubKey":"BSFGbVH1AVTezvk/GTFBRrnxEJy337jzmjg1NLoGqews","privKey":"+IXmw9ESQQ7ax53y+NCnEWd2t2oU9m4xnMu+LQMCqmg="},"lastRemoteEphemeralKey":"Ba56Sj+lkOXl9psxgcQ+t3VMCq5lc9jAcUmnhtBINkpJ","previousCounter":0,"rootKey":"lLotCsfD2vph4E9wG72bGdqLRmr03QcKZspXkhpI900="},"indexInfo":{"baseKey":"BS0MnHFBMJdYKEZpOzRu0aYONjVq1ZE2H2mlEw9KvRwK","baseKeyType":1,"closed":-1,"used":1713363936241,"created":1713363936241,"remoteIdentityKey":"BbxGVvnJOcJ/0NBVE4suRXFsz8Da/ddERthr2UK8sW1S"},"_chains":{"BSFGbVH1AVTezvk/GTFBRrnxEJy337jzmjg1NLoGqews":{"chainKey":{"counter":0,"key":"XG0Qom7SZhBD+AetzTlhxRlk8Ufil1WkwaAE9wg+kIg="},"chainType":1,"messageKeys":{}}},"pendingPreKey":{"signedKeyId":7,"baseKey":"BS0MnHFBMJdYKEZpOzRu0aYONjVq1ZE2H2mlEw9KvRwK","preKeyId":2980026}}},"version":"v1"}