{"_sessions":{"BWyA+VuOeapVxlIP7LeetUUdj/H9EYQC93sDPfcCc91R":{"registrationId":466,"currentRatchet":{"ephemeralKeyPair":{"pubKey":"BXkaXxGUbnYMCDKi9WoswbnI/S7Onk3ZgVE+7LXzc6g9","privKey":"kJq8VSiDDU597CWkMW2DPe/sFRPHGeu/7XY1KaJo9lU="},"lastRemoteEphemeralKey":"BY0e0FS1Tj46Ock9YnTxTeM6FwB6ajKx1arRGIoCRuVu","previousCounter":0,"rootKey":"K50DmVcF1VHDxBOJj3THIT1akGdVfMKtVmP7XVd3etM="},"indexInfo":{"baseKey":"BWyA+VuOeapVxlIP7LeetUUdj/H9EYQC93sDPfcCc91R","baseKeyType":1,"closed":-1,"used":1713363934508,"created":1713363934508,"remoteIdentityKey":"BRDpFrRQiES63DVHQ7x8iYduFsq3R0n14wABBbDeCLty"},"_chains":{"BXkaXxGUbnYMCDKi9WoswbnI/S7Onk3ZgVE+7LXzc6g9":{"chainKey":{"counter":0,"key":"vc9gyX0ZNKYipIGS1daOh3rzI73NkIN06SllknDPOoU="},"chainType":1,"messageKeys":{}}},"pendingPreKey":{"signedKeyId":1,"baseKey":"BWyA+VuOeapVxlIP7LeetUUdj/H9EYQC93sDPfcCc91R"}}},"version":"v1"}