{"_sessions":{"BdkCZzy8+Gdl1krG9JTI4ssm7rW8U7LhIeUNSsZ2dbxZ":{"registrationId":293764999,"currentRatchet":{"ephemeralKeyPair":{"pubKey":"BQ2SRS7MnaEP1Gs/LcsBe25Kd3dWcThIJxXpHDc5CMk1","privKey":"CErxEJHvtksAehRIW+gt/u3Tb33Luyk8fjN9sPG7lXo="},"lastRemoteEphemeralKey":"BejaJ6w/2ZhjdZm3ednHdkTBBQNKxjjVKxa/68SI9w1U","previousCounter":0,"rootKey":"q+33NuON0G04LCXR+cUeyt/VP9tC5C53fHvpj2FBqDE="},"indexInfo":{"baseKey":"BdkCZzy8+Gdl1krG9JTI4ssm7rW8U7LhIeUNSsZ2dbxZ","baseKeyType":1,"closed":-1,"used":1713363936942,"created":1713363936942,"remoteIdentityKey":"BQ0hlU7Oc0J1E1Iu/unceILoh5OM/bo9//zldGvUg0Mi"},"_chains":{"BQ2SRS7MnaEP1Gs/LcsBe25Kd3dWcThIJxXpHDc5CMk1":{"chainKey":{"counter":0,"key":"f4oemJJtLQZZAU/7ZENPR2IzwijAmkTAkL9OVYAdwzg="},"chainType":1,"messageKeys":{}}},"pendingPreKey":{"signedKeyId":10,"baseKey":"BdkCZzy8+Gdl1krG9JTI4ssm7rW8U7LhIeUNSsZ2dbxZ","preKeyId":14345817}}},"version":"v1"}