{"_sessions":{"Bb/FZX5+dAFCuqMNxW+Kg3cFcpSXqBbcpzPcqwVdfPow":{"registrationId":1413024311,"currentRatchet":{"ephemeralKeyPair":{"pubKey":"BXavIAAWxqe1jmmDMB1yC/j/sHcUn2Edelda4pfWsoMw","privKey":"sJHmVMU63ZAWdOO5t4wbm5gSdv6671KPRSFUBoWmBWA="},"lastRemoteEphemeralKey":"BbcOGiD/VbW4dNaWO2tnC5z463ytfOwNXB5gI9hyiY4j","previousCounter":0,"rootKey":"9QVcNX3I++4XmK5mHXdPSkcupqUPiB3lEquAL+AHhXw="},"indexInfo":{"baseKey":"Bb/FZX5+dAFCuqMNxW+Kg3cFcpSXqBbcpzPcqwVdfPow","baseKeyType":1,"closed":-1,"used":1713363935819,"created":1713363935819,"remoteIdentityKey":"BRQ2/Gf2HPKwNyEuLUGLCY5PDpLGfUhL3I4RdYgLRDYm"},"_chains":{"BXavIAAWxqe1jmmDMB1yC/j/sHcUn2Edelda4pfWsoMw":{"chainKey":{"counter":0,"key":"M0xRnEw/sahBieXMLqXwRONcdYvT8eD5632SsPlQyjA="},"chainType":1,"messageKeys":{}}},"pendingPreKey":{"signedKeyId":0,"baseKey":"Bb/FZX5+dAFCuqMNxW+Kg3cFcpSXqBbcpzPcqwVdfPow","preKeyId":8426659}}},"version":"v1"}