{"_sessions":{"BX6riHxv0ksFXwkvltvTzMRU12bnrZ41K50XswAVVNxy":{"registrationId":518693646,"currentRatchet":{"ephemeralKeyPair":{"pubKey":"BcK4zr4bIA8FK4ljJzXGMuAM7OYSDlS5vQYllql2FWd1","privKey":"MFGKge4e1R0Nb/01iz1kob4tP84KF8zEgy7S6M7SH0Y="},"lastRemoteEphemeralKey":"BQwUI/wzigxcTbPEC0mVkdhYQDIKcJPH1aFpdjogkVct","previousCounter":0,"rootKey":"34FmmJbNgJCMKYmKoFzqSs8lntWxum8B9wsHCB2wsFI="},"indexInfo":{"baseKey":"BX6riHxv0ksFXwkvltvTzMRU12bnrZ41K50XswAVVNxy","baseKeyType":1,"closed":-1,"used":1713363937383,"created":1713363937383,"remoteIdentityKey":"BV9XuTDiXHiXokc4Kf/gNrLa2lpdHjyZ2tjP5nNFk9xA"},"_chains":{"BcK4zr4bIA8FK4ljJzXGMuAM7OYSDlS5vQYllql2FWd1":{"chainKey":{"counter":0,"key":"dvOExd6veBULOMy7fHgzN6P4ut1MRy3N+LelEvvzBSs="},"chainType":1,"messageKeys":{}}},"pendingPreKey":{"signedKeyId":1,"baseKey":"BX6riHxv0ksFXwkvltvTzMRU12bnrZ41K50XswAVVNxy"}}},"version":"v1"}