{"_sessions":{"BZSXYaSrV0WfqPY/MOw/PdVf5Z/Z+smdpHW5PeTYRylD":{"registrationId":1776916276,"currentRatchet":{"ephemeralKeyPair":{"pubKey":"BYjra1XRRxstmRT9m1LFYYqgl3OrtL0nw41W5I2tX6FB","privKey":"gMZbqLwSvlPWAM5IP6WXllgveQk90nXKdDeaRTVRslc="},"lastRemoteEphemeralKey":"BeaCEdk4zFBfsXXxI8qv/d/mcnrnR5CbT6xqbLF9hE5q","previousCounter":0,"rootKey":"qTNlqEIsSp7tl+Li/YXy+TeLkvrIBoCaAtCHZvz877Q="},"indexInfo":{"baseKey":"BZSXYaSrV0WfqPY/MOw/PdVf5Z/Z+smdpHW5PeTYRylD","baseKeyType":1,"closed":-1,"used":1713363936997,"created":1713363936997,"remoteIdentityKey":"Bbya33pjxIkDImTqJcL9ZmVEif+/xaWEwsnOJWXZVZl6"},"_chains":{"BYjra1XRRxstmRT9m1LFYYqgl3OrtL0nw41W5I2tX6FB":{"chainKey":{"counter":0,"key":"qGlfsiqbTkFl5SAnMg1cbt5KkixByNgyr+EpTBfIFHw="},"chainType":1,"messageKeys":{}}},"pendingPreKey":{"signedKeyId":11113018,"baseKey":"BZSXYaSrV0WfqPY/MOw/PdVf5Z/Z+smdpHW5PeTYRylD","preKeyId":2441}}},"version":"v1"}