{"_sessions":{"BSl1Nu0HOreLDrWiLLCZ9GzvWt2ZQvFOTvZRfoUSwaMn":{"registrationId":3674,"currentRatchet":{"ephemeralKeyPair":{"pubKey":"Be3aIwPlaqX+Frv/aJ0oQcy6G1xN0UhQyF4YCo5bK781","privKey":"UAJhk+EOPEhuC0WuMEoL1+8g7fKAbWnFR8eQtFUB21A="},"lastRemoteEphemeralKey":"BV16h77HdyH6Rme0o5M/zBxssFsuwBOfKJEymUp7AuUt","previousCounter":0,"rootKey":"hhtfLdn7ViS53KXKDu0In7xBF4nyhHReGLJePG+b8iY="},"indexInfo":{"baseKey":"BSl1Nu0HOreLDrWiLLCZ9GzvWt2ZQvFOTvZRfoUSwaMn","baseKeyType":1,"closed":-1,"used":1713363935010,"created":1713363935010,"remoteIdentityKey":"Bd7D/iSnekw+2G/4cuQ4k8bLAWovMb+gB3yFiFTredNz"},"_chains":{"Be3aIwPlaqX+Frv/aJ0oQcy6G1xN0UhQyF4YCo5bK781":{"chainKey":{"counter":0,"key":"aH5ubGk5LUob2Zl6GeIpBUHHBBGZ9YmLhr4fnntVMts="},"chainType":1,"messageKeys":{}}},"pendingPreKey":{"signedKeyId":1,"baseKey":"BSl1Nu0HOreLDrWiLLCZ9GzvWt2ZQvFOTvZRfoUSwaMn","preKeyId":38}}},"version":"v1"}