{"_sessions":{"BcNjQiVOxV4O71ckzhUDaWjEAjKrVRN9BeLpvNV0kXlV":{"registrationId":1626494720,"currentRatchet":{"ephemeralKeyPair":{"pubKey":"BaR0p9kITPVPNSz12U4rb2B979SiuB84stNGiOYpxBhX","privKey":"OJpUqjjV59xItfIZxkBmdsWNJtWQjA5MSMTZHalmtVA="},"lastRemoteEphemeralKey":"BSc3K+dU0FMAMf+idcEGRCbgNW6qsfSQAo0pWWHdrNY6","previousCounter":0,"rootKey":"Nmk+WP1EE8UZBA+Lxwb8+FbYcI//Pw7/hdSWeN6weP0="},"indexInfo":{"baseKey":"BcNjQiVOxV4O71ckzhUDaWjEAjKrVRN9BeLpvNV0kXlV","baseKeyType":1,"closed":-1,"used":1713363935710,"created":1713363935710,"remoteIdentityKey":"BRDkHcfobmbzbL4hbEhFE43bssF8TEys0VF56b4X1Sx6"},"_chains":{"BaR0p9kITPVPNSz12U4rb2B979SiuB84stNGiOYpxBhX":{"chainKey":{"counter":0,"key":"ZaHIH5/uxl6ae097JqBPXjboYSYlStoH/aM+MUdiaNU="},"chainType":1,"messageKeys":{}}},"pendingPreKey":{"signedKeyId":0,"baseKey":"BcNjQiVOxV4O71ckzhUDaWjEAjKrVRN9BeLpvNV0kXlV","preKeyId":8685373}}},"version":"v1"}