{"_sessions":{"BbUKYA0sM52g/EB3uLvAeuWaiYCggbWB0eUe5uTMpa5U":{"registrationId":67,"currentRatchet":{"ephemeralKeyPair":{"pubKey":"BRecAK+o0TE9L0HBHUILbAqpSJ/fICmf1zYT0JTT5lkC","privKey":"gM4+qkZIbtC8vcvm0oMN81SKcf0J4pB7MK4tV1Nvd0M="},"lastRemoteEphemeralKey":"BcIRC49IvTnp67+Plsb5TB2xIUTRcRxPC11zKY5ODWcp","previousCounter":0,"rootKey":"6q0lHCkJ6Kg5PlLBJSR4kegXc//BPNdx0YHpDJ3npcA="},"indexInfo":{"baseKey":"BbUKYA0sM52g/EB3uLvAeuWaiYCggbWB0eUe5uTMpa5U","baseKeyType":1,"closed":-1,"used":1713363934782,"created":1713363934782,"remoteIdentityKey":"BTSSZmVLPI4Y635Rd3/fFzy4Lq/Qcwn6UbJgUjtBmekI"},"_chains":{"BRecAK+o0TE9L0HBHUILbAqpSJ/fICmf1zYT0JTT5lkC":{"chainKey":{"counter":0,"key":"gYxpp4gZmCzO05IuFB9dS+oJc9dPGVk+Kxz1S5BQuG4="},"chainType":1,"messageKeys":{}}},"pendingPreKey":{"signedKeyId":1,"baseKey":"BbUKYA0sM52g/EB3uLvAeuWaiYCggbWB0eUe5uTMpa5U"}}},"version":"v1"}