{"_sessions":{"BTQMMF+gVlStVDz5UrAHngZpikUKWleGr0DMmDvEZQMY":{"registrationId":789794781,"currentRatchet":{"ephemeralKeyPair":{"pubKey":"BXPnGWeF6O0++yMWy6W3Zse2T3d+42wgL2v8tuc0Zbx/","privKey":"QHj421ZkX2a5/JxeoxWBWW/kP9DSxQHfUzrE2zWzJnk="},"lastRemoteEphemeralKey":"BYbSR7zvGN6sY5ueBV2lKS99aXpAT4sx+WJ04EwTmjZy","previousCounter":0,"rootKey":"Jv5WBAT+nhP0eKwr7c3AFdwjiaGtF5o/e8pMO4MyP3w="},"indexInfo":{"baseKey":"BTQMMF+gVlStVDz5UrAHngZpikUKWleGr0DMmDvEZQMY","baseKeyType":1,"closed":-1,"used":1713363936708,"created":1713363936708,"remoteIdentityKey":"BYhKxO7W3uqaCNri6yzlgqzEXeHk7Tc7fM3+jbDMTwUz"},"_chains":{"BXPnGWeF6O0++yMWy6W3Zse2T3d+42wgL2v8tuc0Zbx/":{"chainKey":{"counter":0,"key":"dCMZZdoEiOkjedghA8whoI6BLs1vXf3r78aERkn90io="},"chainType":1,"messageKeys":{}}},"pendingPreKey":{"signedKeyId":20,"baseKey":"BTQMMF+gVlStVDz5UrAHngZpikUKWleGr0DMmDvEZQMY"}}},"version":"v1"}