{"_sessions":{"BX5pjcd3g5snfGWWXAnjKjAX0+vsbO1xtDeXFvXZQUI2":{"registrationId":936513951,"currentRatchet":{"ephemeralKeyPair":{"pubKey":"BWhl5IS3W3zcDlrmK9tlOe5bUWS6lyyoz+jwdt0qyLMG","privKey":"ePvuioyn8pQ0RY2T4fCyDDTdkbQJm7E/NCZ39NdJfEc="},"lastRemoteEphemeralKey":"BQ07L+quBrevTbajiuoB7D8FGX3lhn7ZD1TtFcSkYg9O","previousCounter":0,"rootKey":"Jjas/N5N3QWN6IGf4+Hdrf1JmsSt3ckwiamMJki0oqo="},"indexInfo":{"baseKey":"BX5pjcd3g5snfGWWXAnjKjAX0+vsbO1xtDeXFvXZQUI2","baseKeyType":1,"closed":-1,"used":1713363937327,"created":1713363937327,"remoteIdentityKey":"BdqAN+T4Xn1cPCtyJ0zw+cl0VvwwlBir13xEG75mDMsu"},"_chains":{"BWhl5IS3W3zcDlrmK9tlOe5bUWS6lyyoz+jwdt0qyLMG":{"chainKey":{"counter":0,"key":"y/qROgohBT0ouFTy1pUY4PCnUO7UriYIJ4XwitvMSTw="},"chainType":1,"messageKeys":{}}},"pendingPreKey":{"signedKeyId":5,"baseKey":"BX5pjcd3g5snfGWWXAnjKjAX0+vsbO1xtDeXFvXZQUI2","preKeyId":9175634}}},"version":"v1"}