{"_sessions":{"BQ4DCN2wU6tua7CfC9bF2BkQaZkcdaU7yss6YiCop0sN":{"registrationId":5836,"currentRatchet":{"ephemeralKeyPair":{"pubKey":"BcmhPeOQlxxwpmm3Ri/2PyeC3s00TeDaP6JHJrOySj0I","privKey":"KBnHPfYi4wRssPmdp77JWUuQvcm5njEcpWIS5DKmBH4="},"lastRemoteEphemeralKey":"BahqhKMzWNwm6Tn07UzErxhI4dBPJnduaJKVsoyxJAVB","previousCounter":0,"rootKey":"NX+A1YkxXR3CiH1VWmWi8/aJW7/IV8IWlPiOFaRCZpo="},"indexInfo":{"baseKey":"BQ4DCN2wU6tua7CfC9bF2BkQaZkcdaU7yss6YiCop0sN","baseKeyType":1,"closed":-1,"used":1713363934713,"created":1713363934713,"remoteIdentityKey":"Bb2HXNj85/wISlUWKuchocqGVUjU9SQ+UYv59wFyXdQu"},"_chains":{"BcmhPeOQlxxwpmm3Ri/2PyeC3s00TeDaP6JHJrOySj0I":{"chainKey":{"counter":0,"key":"CJzxQpqYO5foWLDPGQFSkaNrZVPJqhOCUDV7eEwQImQ="},"chainType":1,"messageKeys":{}}},"pendingPreKey":{"signedKeyId":1,"baseKey":"BQ4DCN2wU6tua7CfC9bF2BkQaZkcdaU7yss6YiCop0sN"}}},"version":"v1"}