{"_sessions":{"BRr2py0M0kFx+BC+f+TXvOkjcm0bpNSG6AaVC6y7Vv8/":{"registrationId":209739353,"currentRatchet":{"ephemeralKeyPair":{"pubKey":"BfdNPTofXu2YjLglRbTmrsO0027/M/r0NuCPgy6LBQNH","privKey":"MDwkKDLgz4AH74upOIY/RMTPBNRDe5TM2IS3vTj3q2s="},"lastRemoteEphemeralKey":"Bc9iF6DMrWHqc2TUBwZdxw11+97MZwetf7uvQsC6HA9V","previousCounter":0,"rootKey":"Arv6ULFXcw2S+n2iB2+Qe7yRYNzGwe88l+tXiX6BM9I="},"indexInfo":{"baseKey":"BRr2py0M0kFx+BC+f+TXvOkjcm0bpNSG6AaVC6y7Vv8/","baseKeyType":1,"closed":-1,"used":1713363936102,"created":1713363936102,"remoteIdentityKey":"Bet73jg6YT9rWG9Q3q9EdJQ6RLWb+k079spqNHroRosj"},"_chains":{"BfdNPTofXu2YjLglRbTmrsO0027/M/r0NuCPgy6LBQNH":{"chainKey":{"counter":0,"key":"NI8Pco2kbrfRCQP/4M68foQQA4Dr+Kxcsadkd5bBrI0="},"chainType":1,"messageKeys":{}}},"pendingPreKey":{"signedKeyId":4,"baseKey":"BRr2py0M0kFx+BC+f+TXvOkjcm0bpNSG6AaVC6y7Vv8/","preKeyId":3501041}}},"version":"v1"}