{"_sessions":{"BWB3OFg16YP0mzVwnPlreN0DQkhl0wNVrjlY3mxul/AH":{"registrationId":1990181596,"currentRatchet":{"ephemeralKeyPair":{"pubKey":"BaX3t/G+RwxNnVWc5iLw4sUG20+n3dxCu111+G50YFQk","privKey":"cK4OYx3swu0jYudMbpvn3BeZQy2Q0Z+vRBQppw9qW3Y="},"lastRemoteEphemeralKey":"BSSXaad4c6Q+vUUHHgKQ7xuaz8uyOaA8CW+iSwcFh08z","previousCounter":0,"rootKey":"gafBA5/pDuOMg87sVfiT2yNI2Uu0IRdHlKgHG2k+wZ8="},"indexInfo":{"baseKey":"BWB3OFg16YP0mzVwnPlreN0DQkhl0wNVrjlY3mxul/AH","baseKeyType":1,"closed":-1,"used":1713363935206,"created":1713363935206,"remoteIdentityKey":"BRXk8MdUiXWfh1UeCzvt8QINftKPCbtTJEgfoEt56fIb"},"_chains":{"BaX3t/G+RwxNnVWc5iLw4sUG20+n3dxCu111+G50YFQk":{"chainKey":{"counter":0,"key":"45Nt/LKhbcU9+MDOt3l2v+AIbI3slxFOr+S0BRd4CKg="},"chainType":1,"messageKeys":{}}},"pendingPreKey":{"signedKeyId":2,"baseKey":"BWB3OFg16YP0mzVwnPlreN0DQkhl0wNVrjlY3mxul/AH"}}},"version":"v1"}