{"_sessions":{"BWRdQOsRmLcFNIZoHtRHrg/JSROfWDWzgICbSED/J689":{"registrationId":270905569,"currentRatchet":{"ephemeralKeyPair":{"pubKey":"BZ4xViQ+5F6Mz+cE99y3ltswT+lBiw/ZjK9SMutFcctq","privKey":"SEzCU+uI8JtribwX94wn2sGE2hvKOLywQqEFYTlGXHE="},"lastRemoteEphemeralKey":"BQmT9lO8HwRLGAexkPo+5enPR/cJp9N143QUNXapOTJv","previousCounter":0,"rootKey":"XIq+PZVMVCcIG7pMVPDbpkTtb06VK5mRX0im98yQs/c="},"indexInfo":{"baseKey":"BWRdQOsRmLcFNIZoHtRHrg/JSROfWDWzgICbSED/J689","baseKeyType":1,"closed":-1,"used":1713363936216,"created":1713363936216,"remoteIdentityKey":"BeK3KRcjZ2E8U34pc1qa7Nh599NxzBVLCkAWMBaxfPtY"},"_chains":{"BZ4xViQ+5F6Mz+cE99y3ltswT+lBiw/ZjK9SMutFcctq":{"chainKey":{"counter":0,"key":"YtwnPLvmWbu5JhSbUGrEyEk7hOX0LaPkPjEhWaBCCbg="},"chainType":1,"messageKeys":{}}},"pendingPreKey":{"signedKeyId":0,"baseKey":"BWRdQOsRmLcFNIZoHtRHrg/JSROfWDWzgICbSED/J689"}}},"version":"v1"}