{"_sessions":{"BYrzJCz6mJycD61NCmeONdvUrrCnu1ueDCrAkzrgWAd1":{"registrationId":1373089500,"currentRatchet":{"ephemeralKeyPair":{"pubKey":"BY5fHVLlp33ywhiZnqLTy8a9zgcW6WVW7t2qhhXhPgh6","privKey":"wKoVNdbumU//8CUTBDIZLEaMQaME/q0ttbqITlVOUUY="},"lastRemoteEphemeralKey":"BVnVy1xza/I4weq/y/k1qq+ckO1LaJ8eq1SaBLOrBF8A","previousCounter":0,"rootKey":"ufQTh4SEtAk6JtyjMmhpVOmpk+u4PuCo+PX2Gy5fuVw="},"indexInfo":{"baseKey":"BYrzJCz6mJycD61NCmeONdvUrrCnu1ueDCrAkzrgWAd1","baseKeyType":1,"closed":-1,"used":1713363936615,"created":1713363936614,"remoteIdentityKey":"BSLSkU8BmSgD7vhdNgY0eIGrOnLh5MaGqXFzAanwVoFX"},"_chains":{"BY5fHVLlp33ywhiZnqLTy8a9zgcW6WVW7t2qhhXhPgh6":{"chainKey":{"counter":0,"key":"Etis0poVOHkmyDlhBDLo5bD3kvBEnp9fgVdoZLTbng8="},"chainType":1,"messageKeys":{}}},"pendingPreKey":{"signedKeyId":3,"baseKey":"BYrzJCz6mJycD61NCmeONdvUrrCnu1ueDCrAkzrgWAd1","preKeyId":14864060}}},"version":"v1"}