{"_sessions":{"BeD9uL8Q5m6IYYJiNcOVf1AM9jkDmwCvq/Tn0PooKexO":{"registrationId":2118015726,"currentRatchet":{"ephemeralKeyPair":{"pubKey":"BcmDjEmMTHRUav36iOduO9caduBRA+IWWT/Bg3UK58VU","privKey":"ANvOsEp2ff5qj/f2JKl9cSd+eJglFZmQKe7ChJ/Zx0s="},"lastRemoteEphemeralKey":"BUAUE6AEFuZoLdNHQgadbI+27FXowOR41A/6GM/6GrtZ","previousCounter":0,"rootKey":"CKx2JxxTxxsWwLVnbOI5M+Vrmr86aBjsW8+4AZAd8hM="},"indexInfo":{"baseKey":"BeD9uL8Q5m6IYYJiNcOVf1AM9jkDmwCvq/Tn0PooKexO","baseKeyType":1,"closed":-1,"used":1713363934489,"created":1713363934489,"remoteIdentityKey":"BcCKPmce/FAGMAaaipnMd6SxCIO5YVywYxHePKhXRmUS"},"_chains":{"BcmDjEmMTHRUav36iOduO9caduBRA+IWWT/Bg3UK58VU":{"chainKey":{"counter":0,"key":"+ck8MvJUulE/u8bIhIodiAnEDlrhep/sFTTc5rE44oQ="},"chainType":1,"messageKeys":{}}},"pendingPreKey":{"signedKeyId":1,"baseKey":"BeD9uL8Q5m6IYYJiNcOVf1AM9jkDmwCvq/Tn0PooKexO"}}},"version":"v1"}