{"_sessions":{"BelG/yTlJQ1PZT5OtuVB8LlkQLvLB/Yg4IyuMjwtYKZp":{"registrationId":692350580,"currentRatchet":{"ephemeralKeyPair":{"pubKey":"BaYL3rNNC/RgCefmWuaoRnV/d09eztuejD2eW+piOl8r","privKey":"0BcrJbCLXMoCo0ooIpZBCaC7AoeLArHpKO3yTP2BF0o="},"lastRemoteEphemeralKey":"BYXWXmHugFJJBAnlg13PG+ILo61inScUu9leoIHF2ado","previousCounter":0,"rootKey":"VfWGcSiaUsTHCg6+Y+0Ch0F8ZuFikE5ZGoxAyVB7hzg="},"indexInfo":{"baseKey":"BelG/yTlJQ1PZT5OtuVB8LlkQLvLB/Yg4IyuMjwtYKZp","baseKeyType":1,"closed":-1,"used":1713363937132,"created":1713363937132,"remoteIdentityKey":"BYkpCi2E75k6XxgbSPP92zuZTBmqKsI493EjFN/xGpVm"},"_chains":{"BaYL3rNNC/RgCefmWuaoRnV/d09eztuejD2eW+piOl8r":{"chainKey":{"counter":0,"key":"avLD4bto+OrsY/G7GxfShIgIzXD7XRrRWseTi8r0ISU="},"chainType":1,"messageKeys":{}}},"pendingPreKey":{"signedKeyId":0,"baseKey":"BelG/yTlJQ1PZT5OtuVB8LlkQLvLB/Yg4IyuMjwtYKZp","preKeyId":15330577}}},"version":"v1"}