{"_sessions":{"Bf8HcimmQAhHioVj5Rcf1XGgYxGx/5FxMIsnAtG6x0Y9":{"registrationId":1624573899,"currentRatchet":{"ephemeralKeyPair":{"pubKey":"Bd6FHhjWcR1ZI1OMziHXjgn800SNl2bL5MlAAEOwgHsq","privKey":"4FBSS+B2pvXUE39pxSE2WwiEuWnXgfAqNK6kT63BBG4="},"lastRemoteEphemeralKey":"BT8aCGNrcYze8eY+ZAilplf79qgBeDUKb+U7nwDbdLpc","previousCounter":0,"rootKey":"6MkkCIQRA0mYm9ekxzvS1+yw/JjKK6CbuElCfbPWGN4="},"indexInfo":{"baseKey":"Bf8HcimmQAhHioVj5Rcf1XGgYxGx/5FxMIsnAtG6x0Y9","baseKeyType":1,"closed":-1,"used":1713363936292,"created":1713363936292,"remoteIdentityKey":"BYgDMkHlarPXdgnaF9kSD9iNzp0cuLnUh31NcGF0/v8P"},"_chains":{"Bd6FHhjWcR1ZI1OMziHXjgn800SNl2bL5MlAAEOwgHsq":{"chainKey":{"counter":0,"key":"b/Zdy1RUn9SFI/umkBr2N+BaoeJBFpm/Q70OTtVv3UY="},"chainType":1,"messageKeys":{}}},"pendingPreKey":{"signedKeyId":4,"baseKey":"Bf8HcimmQAhHioVj5Rcf1XGgYxGx/5FxMIsnAtG6x0Y9","preKeyId":16046675}}},"version":"v1"}