{"_sessions":{"BXKS2VxUKTD1el++2na0S2hkcDmQ/EFbw8wXYA+as8gv":{"registrationId":445441522,"currentRatchet":{"ephemeralKeyPair":{"pubKey":"BUzShk0gzZDNZ3vQdLhTkCNwpNoU8/c4YC1PlJcMyidf","privKey":"aAjEHJxssWtg7n/R4x+LajBMSVNkjOmcGlbtSoK65lo="},"lastRemoteEphemeralKey":"BTcc1rdN4GuH+l2+5hClyYrUruM5KzDPtQCrrsc4jfgU","previousCounter":0,"rootKey":"n+62T04sPV/QW2IjDy8KKAAg8jP/2mm5HmxMhM+usqQ="},"indexInfo":{"baseKey":"BXKS2VxUKTD1el++2na0S2hkcDmQ/EFbw8wXYA+as8gv","baseKeyType":1,"closed":-1,"used":1713363936712,"created":1713363936712,"remoteIdentityKey":"BQjTYyDDxuwHRfAKj++5FBaVUinSnGJQdWMw17JAp8xn"},"_chains":{"BUzShk0gzZDNZ3vQdLhTkCNwpNoU8/c4YC1PlJcMyidf":{"chainKey":{"counter":0,"key":"v5cpquuigDZs1iYY8xUSvny0muSvJo65Ix+2QYci6N4="},"chainType":1,"messageKeys":{}}},"pendingPreKey":{"signedKeyId":6,"baseKey":"BXKS2VxUKTD1el++2na0S2hkcDmQ/EFbw8wXYA+as8gv"}}},"version":"v1"}