{"_sessions":{"BTp3XStjq8fuC+3bnSjRGpSwouu3mQPMxVMkVG7wA/Qp":{"registrationId":217,"currentRatchet":{"ephemeralKeyPair":{"pubKey":"Bah51zRR/hXVZYa33jQjmPbknzbYaOtFcwXmUrtisH80","privKey":"QDutrqgfSORn6A0EydN4i2AkeP+qnxoTa1zWTXpnslM="},"lastRemoteEphemeralKey":"BQoMyWVbsM9BATzyqeX78oavlrEw0E97MlFPo7WDFqp/","previousCounter":0,"rootKey":"ICRlqq8CdPTktSVSqn8yI+kbkljiY+CBdZ3tHGEUbpg="},"indexInfo":{"baseKey":"BTp3XStjq8fuC+3bnSjRGpSwouu3mQPMxVMkVG7wA/Qp","baseKeyType":2,"closed":-1,"used":1713364009999,"created":1713363911740,"remoteIdentityKey":"BbPbtTrPehCmBxpHItWXGICkCglrb49gRv3ix41A+1oP"},"_chains":{"BRwx2PpTZtVvgusY1i8dPmbEsUb7qTqDe0vpRB4izER8":{"chainKey":{"counter":0},"chainType":2,"messageKeys":{}},"BQoMyWVbsM9BATzyqeX78oavlrEw0E97MlFPo7WDFqp/":{"chainKey":{"counter":1,"key":"oqFx0RfK50GY41LsUsy608jusnrGei0nsqgiUciTmWA="},"chainType":2,"messageKeys":{}},"Bah51zRR/hXVZYa33jQjmPbknzbYaOtFcwXmUrtisH80":{"chainKey":{"counter":-1,"key":"ALlmgPIzI2ASz4hEQ5r9ZFtJXB5836SXPHNbdT0fs+4="},"chainType":1,"messageKeys":{}}}}},"version":"v1"}