{"_sessions":{"Bf4s2xdo7VFJM9vYYVbBpNkS5L4ukfUxHVxc0CMgFvZ4":{"registrationId":1313190918,"currentRatchet":{"ephemeralKeyPair":{"pubKey":"BUu0wGeb+hNlC93flgCXr0m9ObxlDqaIzVgBx1wEnTxD","privKey":"KPRb17eR9SxMh/ns7FhnQOYtOuayV5v/3T+gekhEhnI="},"lastRemoteEphemeralKey":"BTOSVYvI8zALtMc7pVzhTwADlHPN3ZaWclHBOhUO2KRJ","previousCounter":0,"rootKey":"/D+OXkQeO6sOzCCJGhm4EVhAXjYfD/sAsm9rcsEn/Zw="},"indexInfo":{"baseKey":"Bf4s2xdo7VFJM9vYYVbBpNkS5L4ukfUxHVxc0CMgFvZ4","baseKeyType":1,"closed":-1,"used":1713363935825,"created":1713363935825,"remoteIdentityKey":"BUgKa/afTYWthSF7t22OKqEVEP2Wp2oOZ1JbsX1r0hNf"},"_chains":{"BUu0wGeb+hNlC93flgCXr0m9ObxlDqaIzVgBx1wEnTxD":{"chainKey":{"counter":0,"key":"WSmCaMJDuUU03euYnyJYgoYpwenHhIf1HYKkdHSuBwc="},"chainType":1,"messageKeys":{}}},"pendingPreKey":{"signedKeyId":1,"baseKey":"Bf4s2xdo7VFJM9vYYVbBpNkS5L4ukfUxHVxc0CMgFvZ4","preKeyId":10882132}}},"version":"v1"}