{"_sessions":{"BTsZb1uIZs5yRZzrUJXv63K2Yc8izjm2tV25HLQsJvEw":{"registrationId":43,"currentRatchet":{"ephemeralKeyPair":{"pubKey":"BciSVTtXk+gQcd0NQhaLkpdA9NSW6aolY5iNYCWqkHxY","privKey":"AA4xl6epl+P+sAa64X0UEOfchWBTS4eAbQZJ1SxzOF4="},"lastRemoteEphemeralKey":"BcUF3ucRde8PeVdusj4Uho57h4bPHndEj0bW/sHPOmhB","previousCounter":0,"rootKey":"UKwnUdf6mMGRhpPuMCc3wvQxboJP2RG5RpJiYb99Zd4="},"indexInfo":{"baseKey":"BTsZb1uIZs5yRZzrUJXv63K2Yc8izjm2tV25HLQsJvEw","baseKeyType":1,"closed":-1,"used":1713363934934,"created":1713363934934,"remoteIdentityKey":"BZvSPbuMBlwr57PJDrAVJtUn9COoxwmGA0Qe8ctgny0F"},"_chains":{"BciSVTtXk+gQcd0NQhaLkpdA9NSW6aolY5iNYCWqkHxY":{"chainKey":{"counter":0,"key":"2CNyAgWlyaL0zWgHxhHft9/Ca7++ywaa4fNuVCuUzAg="},"chainType":1,"messageKeys":{}}},"pendingPreKey":{"signedKeyId":1,"baseKey":"BTsZb1uIZs5yRZzrUJXv63K2Yc8izjm2tV25HLQsJvEw"}}},"version":"v1"}