{"_sessions":{"BYE+GF0KFEL51Ihhg2x1TZRrPd3fWHkAQohGfF7JcbMt":{"registrationId":2020495927,"currentRatchet":{"ephemeralKeyPair":{"pubKey":"BZaHU1MEfc15m7VN5uGTGO9s3M47W5DYCxNUu/bCclta","privKey":"SLDewIuYZzln5xgUuZIm4hbUtjfLa4gYBG8oN7xxjUc="},"lastRemoteEphemeralKey":"BRj7i5q941oq749cBLIB2WCb1DYfznZLQFtxKYyRojs3","previousCounter":0,"rootKey":"giS4f7+Oxns2wFEcWGxbfhdqJNdthR9UEsqxyBaVqio="},"indexInfo":{"baseKey":"BYE+GF0KFEL51Ihhg2x1TZRrPd3fWHkAQohGfF7JcbMt","baseKeyType":1,"closed":-1,"used":1713363934501,"created":1713363934501,"remoteIdentityKey":"BZH+NVuCbT4T1mPDzRPZTOEXggvL+wCEFiDADdE2EmBf"},"_chains":{"BZaHU1MEfc15m7VN5uGTGO9s3M47W5DYCxNUu/bCclta":{"chainKey":{"counter":0,"key":"k/GtQzssgyME7frWP9yu9DBELA87DHyVrPrjdvAWheE="},"chainType":1,"messageKeys":{}}},"pendingPreKey":{"signedKeyId":1,"baseKey":"BYE+GF0KFEL51Ihhg2x1TZRrPd3fWHkAQohGfF7JcbMt"}}},"version":"v1"}