{"_sessions":{"BaL0c5nmanb293tVO4hEXcRbpts54Vm+a/+waqGz9qcS":{"registrationId":15170,"currentRatchet":{"ephemeralKeyPair":{"pubKey":"BVv3/nWqmI6J842K0jDHXJB7x0OqmPWX0uaBQByXDK51","privKey":"YLk9h7/sOlhtfFRdbcULU8aqZYC6uKIuMK5chMom8mo="},"lastRemoteEphemeralKey":"BRkpqv+7hV9aUPlR/dt7zWJr9KymYM4ht4SYxX1LJvEd","previousCounter":0,"rootKey":"YeBAjAFkYUBO2obk0qk+aYB/x8WehfgaDWNkx8xvSR0="},"indexInfo":{"baseKey":"BaL0c5nmanb293tVO4hEXcRbpts54Vm+a/+waqGz9qcS","baseKeyType":1,"closed":-1,"used":1713363934628,"created":1713363934628,"remoteIdentityKey":"Bf27CAomtvM8dkThncuaAs3zVqHseif4uE4EPQF1ytRI"},"_chains":{"BVv3/nWqmI6J842K0jDHXJB7x0OqmPWX0uaBQByXDK51":{"chainKey":{"counter":0,"key":"DBu41D93J7lAzVrVrN9obS0RDxAAUA0S0QKtJbMbXL0="},"chainType":1,"messageKeys":{}}},"pendingPreKey":{"signedKeyId":1,"baseKey":"BaL0c5nmanb293tVO4hEXcRbpts54Vm+a/+waqGz9qcS"}}},"version":"v1"}