{"_sessions":{"Bf78fAdlcVqu/ks+i9RKpGfQ9QbjY9+igUwSpgn1D8pU":{"registrationId":2051516,"currentRatchet":{"ephemeralKeyPair":{"pubKey":"BUXJYxblvEur5T4py6lWb46EvMa5NUNMr52PTPVYWOsp","privKey":"2PDxx1ghSPPObIFMTpCGDNAYgGjriu+hr5riwgwmEkI="},"lastRemoteEphemeralKey":"Bdlsr272BerexQFFi/e52sat81QaiwntzVpYKWVNZT49","previousCounter":0,"rootKey":"1KsPF35p3U9JTQ38mNX9gVD10EDHUTnFgtgfrm93LmE="},"indexInfo":{"baseKey":"Bf78fAdlcVqu/ks+i9RKpGfQ9QbjY9+igUwSpgn1D8pU","baseKeyType":1,"closed":-1,"used":1713363936333,"created":1713363936333,"remoteIdentityKey":"BW+r1VRerc2IVuzY3jntdbIkszqRwD2nLCE7mB1uCVA+"},"_chains":{"BUXJYxblvEur5T4py6lWb46EvMa5NUNMr52PTPVYWOsp":{"chainKey":{"counter":0,"key":"Uzgs27Pl2ZRcu8FauOTx/tJYgA6UamyN3XciEtGQdRg="},"chainType":1,"messageKeys":{}}},"pendingPreKey":{"signedKeyId":0,"baseKey":"Bf78fAdlcVqu/ks+i9RKpGfQ9QbjY9+igUwSpgn1D8pU","preKeyId":7213850}}},"version":"v1"}