{"_sessions":{"BYFhFUJ2lgZS4aYkjSE4W/vxYNP5oSPNOW2jwI90yMZ1":{"registrationId":837044399,"currentRatchet":{"ephemeralKeyPair":{"pubKey":"BX1QrmalVTB1Jfgs+NNA9ER9C/xK3et6OOqSa+31ktR0","privKey":"AMgtKgT67aFH9DqxmokJ5jg8Yr8BEKkxNjKb4WLrgUI="},"lastRemoteEphemeralKey":"BXJzeY2/OhXsQ1DZAa4W6ea3A8RTtJCeHC4Ls33d648z","previousCounter":0,"rootKey":"hTwUHVEeuM7w4upTYZ/gbBOWEhVfWrpCymCjGdfPDI4="},"indexInfo":{"baseKey":"BYFhFUJ2lgZS4aYkjSE4W/vxYNP5oSPNOW2jwI90yMZ1","baseKeyType":2,"closed":1713116169750,"used":1713116168684,"created":1713116168684,"remoteIdentityKey":"BSCvG53RCEyTrR0rPiUxia4ZsrXxLdKonqAhtUIWb1xE"},"_chains":{"BXJzeY2/OhXsQ1DZAa4W6ea3A8RTtJCeHC4Ls33d648z":{"chainKey":{"counter":1,"key":"vo0W5Vm0WdZoIjMEMOkWBa2y+73HXY6eBoO3xC5CzMk="},"chainType":2,"messageKeys":{}},"BX1QrmalVTB1Jfgs+NNA9ER9C/xK3et6OOqSa+31ktR0":{"chainKey":{"counter":-1,"key":"Ez5TSD1Dzwn2rr41xlbJZOJ8iC6Uf0gpQhYjpFYPnqc="},"chainType":1,"messageKeys":{}}}},"BeZwwKINwSvZFeMtkfRRVrmlEXWSOTB0I4JBZL5F9XsM":{"registrationId":837044399,"currentRatchet":{"ephemeralKeyPair":{"pubKey":"Bfdh06Z2rcuZUd7grMrgZKzGbaXWCv365GS95Kj5l3cU","privKey":"AF/bVvjfHv6nxsyTebF8jGSzHLB3uK4K9B3xaiNmLX8="},"lastRemoteEphemeralKey":"BWO+nM564KKU2+Y11XvCWVS9g6R2n4rXiV81A4FFBJIJ","previousCounter":0,"rootKey":"lIxjqdaYSrqozkcdHFW8MUE6nPWtLf/clIIxaVOVtUo="},"indexInfo":{"baseKey":"BeZwwKINwSvZFeMtkfRRVrmlEXWSOTB0I4JBZL5F9XsM","baseKeyType":2,"closed":1713116176344,"used":1713116169759,"created":1713116169759,"remoteIdentityKey":"BSCvG53RCEyTrR0rPiUxia4ZsrXxLdKonqAhtUIWb1xE"},"_chains":{"BWO+nM564KKU2+Y11XvCWVS9g6R2n4rXiV81A4FFBJIJ":{"chainKey":{"counter":0,"key":"AvXVNWhYFK/U4PxfzdGxS4npbYvHV6GsWrC11KsT/6o="},"chainType":2,"messageKeys":{}},"Bfdh06Z2rcuZUd7grMrgZKzGbaXWCv365GS95Kj5l3cU":{"chainKey":{"counter":-1,"key":"1J+PFDeHZ+Rdjl9P1BOayGuzPMSKJYT4ffvjqOKnlfQ="},"chainType":1,"messageKeys":{}}}},"BROP9cpzUzNjQhK+5TnyLPsWBMdz5pQvrbbc9uTrYe0/":{"registrationId":837044399,"currentRatchet":{"ephemeralKeyPair":{"pubKey":"BQYjlLfozd94v7GPCyq+3RHLnOYab/jsSezLUFIn8YRF","privKey":"KBhMVHKa+yEd800mfcUtzlfIHI8Q1sXErE/+d7rPYF0="},"lastRemoteEphemeralKey":"BR1IRFSGrstwIFs/Bhq/7Qwg9Po+ycAh31unt/qkUd9u","previousCounter":30,"rootKey":"qPSUsDByp9amjOZbmJ0TZh4jryB3A+zNcjTEk1HwxR8="},"indexInfo":{"baseKey":"BROP9cpzUzNjQhK+5TnyLPsWBMdz5pQvrbbc9uTrYe0/","baseKeyType":2,"closed":1713344907226,"used":1713120792930,"created":1713116176490,"remoteIdentityKey":"BSCvG53RCEyTrR0rPiUxia4ZsrXxLdKonqAhtUIWb1xE"},"_chains":{"BZze9LZPp2x6DkPdFFyK7BfgjtYqqGPNrcWg3Gyef4EK":{"chainKey":{"counter":1},"chainType":2,"messageKeys":{}},"BVIPUT3Jp3gij0/GkcygXX/XdCPOG7p9x5RtGxq0D4oh":{"chainKey":{"counter":0},"chainType":2,"messageKeys":{}},"BeF1sfB55ynY+Qi3Qs+sS9hTyrENq7jS7G0Y0AEa0xYj":{"chainKey":{"counter":0},"chainType":2,"messageKeys":{}},"BdajxUVHC91j1YEAAQdNMKxDbtj7Xo48UTfYJADs3qkB":{"chainKey":{"counter":1},"chainType":2,"messageKeys":{}},"BTnJ6Lsul6fGDFfkYaaW+Y6A8RTPsnW4CqSXF+n5WeQ/":{"chainKey":{"counter":0},"chainType":2,"messageKeys":{}},"BbgvL8eRbgSmjoyKd7QfnS8PS1mKhFT3O2bfGToFh0g9":{"chainKey":{"counter":0},"chainType":2,"messageKeys":{}},"BS39FUvbcO81D8vAd//BL4OXwaCAe5PCIqiZar9ifVJW":{"chainKey":{"counter":0},"chainType":2,"messageKeys":{}},"BRyR2SkSsNVl2Vso3+vRZqhf9DOaZ/gVf1MBSLEB8YUx":{"chainKey":{"counter":0},"chainType":2,"messageKeys":{}},"BSqGy+f1q0glYeVdXIA083ilfEy8TbTK93bMhYpBb1Rj":{"chainKey":{"counter":0},"chainType":2,"messageKeys":{}},"BRwq43VqeRDlCR4HowYdfxsNNhECm+wBWfl22d+Ui+Fj":{"chainKey":{"counter":0},"chainType":2,"messageKeys":{}},"BbLdbKVgOti8LNqUgbZv1sPpVvg4UdzgLRKC1ydHrnhB":{"chainKey":{"counter":0},"chainType":2,"messageKeys":{}},"BY+33oqxT7iKuRctL1x+vpsIuygW5I1qKya9tnKvaiJF":{"chainKey":{"counter":0},"chainType":2,"messageKeys":{}},"BUqJYcFxl2UsGzB1HGmjRxt2A0RJ6QuT5QX7UBefzTwn":{"chainKey":{"counter":0},"chainType":2,"messageKeys":{}},"BaE4zMZS/OMYcExZlJFWEjyMbyGw1HAdnNLSM+nexWNT":{"chainKey":{"counter":0},"chainType":2,"messageKeys":{}},"BY/3mE3JH2dWobErnq/v1ss5DPHH0Y/DoabWTIJqB3Vx":{"chainKey":{"counter":0},"chainType":2,"messageKeys":{}},"BVTM517JrKM8U6U31ULdGCs35HMm7SBzJSsEqwB5ai4u":{"chainKey":{"counter":0},"chainType":2,"messageKeys":{}},"BXRjTTBsZtBH5kEh07L7GEUmaRr+WSTAxLhu/MxTxiUy":{"chainKey":{"counter":0},"chainType":2,"messageKeys":{}},"BfJWSlCUYL+PE8NB/9Sw4BpY9Ue3TjvFq+wzF/kwlNtY":{"chainKey":{"counter":0},"chainType":2,"messageKeys":{}},"Bay8KDvz5UcGEY+j/85wBl5X/p84Qe+puO23/QUXPCE/":{"chainKey":{"counter":0},"chainType":2,"messageKeys":{}},"Bcy5c8isPnbHM1QtIbPQ2w6TzPC61q2nvCQj7MZXsZpC":{"chainKey":{"counter":0},"chainType":2,"messageKeys":{}},"BQ+b0DeN3Ql7vJG2A0M3AG6s8GQitjg4wIVpqa0Rnu9D":{"chainKey":{"counter":0},"chainType":2,"messageKeys":{}},"BTi0AYYVYhKb59CY6AVCpOf5c+QmsP+JdC0ppIIVRcBJ":{"chainKey":{"counter":0},"chainType":2,"messageKeys":{}},"BYlHCZGm8J0nMg33ZgpXwV7CFsyoPJcbjLC1ve8qxCdi":{"chainKey":{"counter":0},"chainType":2,"messageKeys":{}},"BeebrPrkgVU6vL+6HtnzC0P+MYVum1KR+f3ZU/352h8D":{"chainKey":{"counter":0},"chainType":2,"messageKeys":{}},"BT/+V6bIoWlmEcu0nPbq8nvonErwKTBIYvzKSRbvDpky":{"chainKey":{"counter":0},"chainType":2,"messageKeys":{}},"BV+5Yd17iBKr0ILkkGlZWv94BnP0il0tKgfuahQCi6UE":{"chainKey":{"counter":0},"chainType":2,"messageKeys":{}},"BRAyTKbUNClF2oX0r2EsZQNnYmvMyzJsMsauwSwugCdq":{"chainKey":{"counter":0},"chainType":2,"messageKeys":{}},"BRF9tuAayAb4+ltqBFvt6yfezEKZZ/1+tj/Ae7WP9bFy":{"chainKey":{"counter":1},"chainType":2,"messageKeys":{}},"Bf4/ZrpPlBJSkjGdHcgvIu8UO0NWiBaFBlQqPNTSlVMl":{"chainKey":{"counter":0},"chainType":2,"messageKeys":{}},"BR1IRFSGrstwIFs/Bhq/7Qwg9Po+ycAh31unt/qkUd9u":{"chainKey":{"counter":1,"key":"eLiSLnOGDrm8oase9yXulluNUC3g3JKzNPey6Y4Edko="},"chainType":2,"messageKeys":{}},"BQYjlLfozd94v7GPCyq+3RHLnOYab/jsSezLUFIn8YRF":{"chainKey":{"counter":8,"key":"gHSIc97fi0jPOoNT3wt+jRngANNHM4Cq0AlfYYubaCk="},"chainType":1,"messageKeys":{}}}},"BYvuPUqgQ/mdwdOBFyyNIAiiHWsjzgBIOwWXTZrOcgU7":{"registrationId":837044399,"currentRatchet":{"ephemeralKeyPair":{"pubKey":"BaaFqpjpaWREY5MwqWH7gXqVfv6UD2N/WVMuZRNeaKEN","privKey":"ADwUd+DBdAFqte6JPTOKGmI/f6s9pU1ADCZUltnGDHA="},"lastRemoteEphemeralKey":"BVevDdssOzyInjjqxBo6aNNR37AXPmSuVDFiiCHsiY9d","previousCounter":0,"rootKey":"xQxqhjwO9MltVfNw5cZ+7w84Jbl56FOKWNDPcie0Qqs="},"indexInfo":{"baseKey":"BYvuPUqgQ/mdwdOBFyyNIAiiHWsjzgBIOwWXTZrOcgU7","baseKeyType":2,"closed":1713346390853,"used":1713345110498,"created":1713344907232,"remoteIdentityKey":"BSCvG53RCEyTrR0rPiUxia4ZsrXxLdKonqAhtUIWb1xE"},"_chains":{"BZ3LUE0n1RfSG+tHjOjMrjZBPehj/1C4EKHjOQO9xqBH":{"chainKey":{"counter":0},"chainType":2,"messageKeys":{}},"Be7TI8ks5ikds2Yh4R4PofYWUWd6UcdXGJPfhBy8iDx/":{"chainKey":{"counter":0},"chainType":2,"messageKeys":{}},"BcPPSmcV/EQJg4rlzG3clMv9Yl/FhkOt93hWlficroNF":{"chainKey":{"counter":0},"chainType":2,"messageKeys":{}},"BYZX6txg9YU2IinoPB1R7RCvWg3fajuYiDsScoTKZbFA":{"chainKey":{"counter":0},"chainType":2,"messageKeys":{}},"BVevDdssOzyInjjqxBo6aNNR37AXPmSuVDFiiCHsiY9d":{"chainKey":{"counter":0,"key":"XBbeLJ6qTvK/ISEFabSqlND0tRShD+gJlUnLxZRKv9g="},"chainType":2,"messageKeys":{}},"BaaFqpjpaWREY5MwqWH7gXqVfv6UD2N/WVMuZRNeaKEN":{"chainKey":{"counter":-1,"key":"CTfO2u05mMShBgXlqv6hB0izWyfL0q+az8W2vxFBhw4="},"chainType":1,"messageKeys":{}}}},"BaHb9TV9CEt+1HAno9MPZ5XFfo4OPvvjY/PeAlv4Bo4N":{"registrationId":837044399,"currentRatchet":{"ephemeralKeyPair":{"pubKey":"BQNImn3uekmn5EvCLVaOT/b2PJoWknYImm+Pth+VnCxF","privKey":"0HZgF2kbxWFsYwylTYWvRMiHHXzOFer7gxEWvGnqL38="},"lastRemoteEphemeralKey":"BTU9QL+j4d/+WHNiMVOwkJ6d5YFf6ExOIDKnl71GTOxX","previousCounter":2,"rootKey":"vdnvA5lVf1s1qT2lKNm5mKFAmF2porEZd+zqC800jE8="},"indexInfo":{"baseKey":"BaHb9TV9CEt+1HAno9MPZ5XFfo4OPvvjY/PeAlv4Bo4N","baseKeyType":2,"closed":-1,"used":1713370018954,"created":1713346390858,"remoteIdentityKey":"BSCvG53RCEyTrR0rPiUxia4ZsrXxLdKonqAhtUIWb1xE"},"_chains":{"BQLrDbSmj05uwkLU58cHwMCI0XiZZl7tlMWwvM5o+wEU":{"chainKey":{"counter":0},"chainType":2,"messageKeys":{}},"BcipampAy+t2tetZ9UUw+/U+KeQQKFF3qas2YClIQdkO":{"chainKey":{"counter":0},"chainType":2,"messageKeys":{}},"BfxomMOu58JwwCCr+urYNCrrt7/aqnGaN3BT9W4k1Qku":{"chainKey":{"counter":0},"chainType":2,"messageKeys":{}},"BWXNqNOzW3bkSbvBjbme+H2+K/6G6UlUdJprRX+FkzEu":{"chainKey":{"counter":1},"chainType":2,"messageKeys":{}},"BZTVsQ8QxUDLkAuI+0Du+KCKP/czYVFy/Ta4UoDetS9P":{"chainKey":{"counter":0},"chainType":2,"messageKeys":{}},"BTdskEuIbS2KxFvVFrJ9/UT5KlP/hCoPBeBuBr0SfKwz":{"chainKey":{"counter":0},"chainType":2,"messageKeys":{}},"Bd1utNayLzeGk+HC6fa2n8APY3ieR5wwt97SU2a+Ri15":{"chainKey":{"counter":0},"chainType":2,"messageKeys":{}},"BVlKa7QcYSd/9trF45TzgRsnkDi6LJfsh/im6XUeo3Bx":{"chainKey":{"counter":0},"chainType":2,"messageKeys":{}},"BcTMx7RD0GqWBCQIsUXoQZWip3FFGysupa2ijcxl/Asf":{"chainKey":{"counter":0},"chainType":2,"messageKeys":{}},"BUJvHaZPQGuLWjPgNe/cxmT/gnKCPzRbxG72ZzZZ50pg":{"chainKey":{"counter":0},"chainType":2,"messageKeys":{}},"BcRNmChsDQBHxXRR8JshDCbqLbpnP6CdLS9qxMStZyRJ":{"chainKey":{"counter":1},"chainType":2,"messageKeys":{}},"BcitTyWwb0K2kO8F3yl+cad3u5llH0qg/k1jLqy8h8M9":{"chainKey":{"counter":1},"chainType":2,"messageKeys":{}},"BWeDkcXKti1zLdXv2iTbrcGi3f/WP9AWFZAHrdxs3V1d":{"chainKey":{"counter":0},"chainType":2,"messageKeys":{}},"BRH7Hi1s8bhPsLzFy8kO+OzaBnVemdxbodgjcPLzg45V":{"chainKey":{"counter":0},"chainType":2,"messageKeys":{}},"BTBwwAVeZgD2bq9kDrw/kguNTBYbWDtJ7T5y73M4jl5/":{"chainKey":{"counter":0},"chainType":2,"messageKeys":{}},"BeRDp8iyETHvjAe30ex8Ov8eQs8QPctOVPMX1WcqpINm":{"chainKey":{"counter":0},"chainType":2,"messageKeys":{}},"BU3PlLyhpVc8zMzk7VST6gQU+NEKDUYf+J/EKl+hGQ5+":{"chainKey":{"counter":0},"chainType":2,"messageKeys":{}},"BWWgT8RbQYdL5+XHrai9gp/JOp9+Y64ZtD/X9+Wm0UZa":{"chainKey":{"counter":0},"chainType":2,"messageKeys":{}},"BZhqb6/Dhlw0NEHIoEhl4rHTahFGQ7Z0Fk/grf18Wlw2":{"chainKey":{"counter":0},"chainType":2,"messageKeys":{}},"BbVAR3+xhuRA8H+tfRUnSegkQOIboOKYOUoxEHbcPpUj":{"chainKey":{"counter":4},"chainType":2,"messageKeys":{}},"BVAI/Zn0BsM62gZBHDeHkSelKgWqysf325lQEiU4qktL":{"chainKey":{"counter":0},"chainType":2,"messageKeys":{}},"BYD5yXiQpKCGOnpyYPr1jPcDv9TixiVVYmut2uFervZc":{"chainKey":{"counter":1},"chainType":2,"messageKeys":{}},"BT0TjhyWA0lYozqCGbJBppu61adqXVzLXixuBeWlwqQj":{"chainKey":{"counter":0},"chainType":2,"messageKeys":{}},"BaT1hE8j8ZXsXQQEofKPaZRPoZu+k8coKBs4D1o810Nw":{"chainKey":{"counter":0},"chainType":2,"messageKeys":{}},"BUxp1Cj/qFYhjFwbuyz3hQJZXlhZKVrAlUQbevxMPvxb":{"chainKey":{"counter":0},"chainType":2,"messageKeys":{}},"BZYP+Q2ZYbIH8yzM0/JK5YLqrpSVYvFTlXtwSsUE/rUD":{"chainKey":{"counter":0},"chainType":2,"messageKeys":{}},"Bd14xTU5KmV9dfD4/Jfhgxb/kQpFFbiskdjTXNt9mL9f":{"chainKey":{"counter":0},"chainType":2,"messageKeys":{}},"BbtrhseIurQmWwxR88iaqimGXRaRK5vMG1ujQ0FravsV":{"chainKey":{"counter":0},"chainType":2,"messageKeys":{}},"Bf/faDEr00ak6XOg1Pbomh6hojQOLWQX+35deTGX56xv":{"chainKey":{"counter":0},"chainType":2,"messageKeys":{}},"BY+VjaVMR6wuSYXpX8QC2q9vIrZbSuqmEvRV/k+4dvUz":{"chainKey":{"counter":0},"chainType":2,"messageKeys":{}},"Bf8pnfh6187Xz0Lx5YYjadSdRayRal73zk7LFp+6r2AR":{"chainKey":{"counter":0},"chainType":2,"messageKeys":{}},"BdzeJKajsu4HL1b2lu5LiIAQ/391pPcRYLduSuOzW0MI":{"chainKey":{"counter":0},"chainType":2,"messageKeys":{}},"BZXv1HyInWf87x2VLp7IJomDiccr19tlOXPmAkm5jtdn":{"chainKey":{"counter":1},"chainType":2,"messageKeys":{}},"BRJkJqxZs4dw1TM/XcUVWGwEB8G9LYoapwPLIJZu5dRK":{"chainKey":{"counter":0},"chainType":2,"messageKeys":{}},"Bc3FfjyTzaFkwFWlyVTylrZtuvoO1Treo5H+aytNPk0L":{"chainKey":{"counter":1},"chainType":2,"messageKeys":{}},"BfvASsYw2qhSt3IbjamwpdH/v+Yfa4QYVMG+oZLiT4JU":{"chainKey":{"counter":0},"chainType":2,"messageKeys":{}},"BcTkeIUt9A6YMmWH7dwZE75911kDByKLNvlkhG73MDtX":{"chainKey":{"counter":0},"chainType":2,"messageKeys":{}},"BaoawIQW4Xf3YgygIoKzSvHKjf2XgIE38iAAIe4QCZow":{"chainKey":{"counter":0},"chainType":2,"messageKeys":{}},"BY04ONmSn4YZARMH/flOZhv7q5i+nss+E3OlB5TZct9Y":{"chainKey":{"counter":0},"chainType":2,"messageKeys":{}},"BYH1oQ93v8T3VHtUXdPWQ3BN2GyRGguzq4fpprMfcwZk":{"chainKey":{"counter":0},"chainType":2,"messageKeys":{}},"Be90LLEl2aY0Gho3Ao3sFNPQrSmczAbgGaSH4j0gNr9a":{"chainKey":{"counter":0},"chainType":2,"messageKeys":{}},"BVUeGZh/8oCiyLR1KuFC3ILNC8A+H7B6wCw7sldfiIdE":{"chainKey":{"counter":0},"chainType":2,"messageKeys":{}},"BfEmGzazLrWzp5HsMk9gTtveZThVki2rPKosunaDduxV":{"chainKey":{"counter":0},"chainType":2,"messageKeys":{}},"BZQ2Z40O7jR3ZqWI5csgPfRQDwzMxB2cTI+m+Pw0MJU5":{"chainKey":{"counter":0},"chainType":2,"messageKeys":{}},"BeO7wxrx+bfbilCO0NHiJpb/SbRtBvGRiFZGflMjlvEY":{"chainKey":{"counter":0},"chainType":2,"messageKeys":{}},"BXM3d4BqpdSbBF0JHNBVTOJ8Tn+IyHe60icp2u5Uo7QE":{"chainKey":{"counter":0},"chainType":2,"messageKeys":{}},"BWnC6XtuN9fsXKCEmsb+gpf3s2HWb3/nZomGLY+pMO8z":{"chainKey":{"counter":0},"chainType":2,"messageKeys":{}},"BSSqE5S5MGsQvucDW5zUA76GXoCBLpHIBJ6tsyIsiuNJ":{"chainKey":{"counter":0},"chainType":2,"messageKeys":{}},"BdV/m9xErPwpMeYBMpQKQ9YCI9j9LR/7dDgfEsgs08Mx":{"chainKey":{"counter":0},"chainType":2,"messageKeys":{}},"BX+yB01zb2TVNr9ITIgQw660zpdRNr8haZJ7Jv7VCi5U":{"chainKey":{"counter":0},"chainType":2,"messageKeys":{}},"BcDa4a9b2wJGtilCpSdBERpMVhs1NMk6VlVnykFeprNL":{"chainKey":{"counter":0},"chainType":2,"messageKeys":{}},"BfFWLU8JDQ7bkrm1w+m7eV2VKYwYVaUUKXgUDfcgwGhh":{"chainKey":{"counter":2},"chainType":2,"messageKeys":{}},"Bc+AeAFFF9QaGwZeHe48Ld12lWf9CmTmPgtkBEQzR6or":{"chainKey":{"counter":0},"chainType":2,"messageKeys":{}},"BTU9QL+j4d/+WHNiMVOwkJ6d5YFf6ExOIDKnl71GTOxX":{"chainKey":{"counter":0,"key":"a4OO/P1MOssdPphKxhQaHEetx75wPfIqBtZ7L8kpBB0="},"chainType":2,"messageKeys":{}},"BQNImn3uekmn5EvCLVaOT/b2PJoWknYImm+Pth+VnCxF":{"chainKey":{"counter":0,"key":"/Jd/488ekNktar+IsL3PP2WNXaRYBpUPGuoPHCk7QSE="},"chainType":1,"messageKeys":{}}}}},"version":"v1"}