{"_sessions":{"BVbxuHqFP5oFVz8A+d+1NyrJbLweCZhQd+qlRII95khF":{"registrationId":580753333,"currentRatchet":{"ephemeralKeyPair":{"pubKey":"BR2rU31EFIMsIIqyghqN+xEzdBzQk94JX+IcioOAdPgv","privKey":"cJN85+QrbiHD/uAuBPuhl2fMnDqiq8omAaglUva78FU="},"lastRemoteEphemeralKey":"BV1G16e495Ww3M2Phj+nWTgPhBjFNzBNEd8H+zR3ZlQT","previousCounter":0,"rootKey":"fE5OvNn7EULCt33nEss6S0O93EZMgBHi2UlF7cx4hpI="},"indexInfo":{"baseKey":"BVbxuHqFP5oFVz8A+d+1NyrJbLweCZhQd+qlRII95khF","baseKeyType":1,"closed":-1,"used":1713363936828,"created":1713363936828,"remoteIdentityKey":"BVsjauYpaX/10HSAUcEO7XteRa3WR+hxg29y5Cl5nOBq"},"_chains":{"BR2rU31EFIMsIIqyghqN+xEzdBzQk94JX+IcioOAdPgv":{"chainKey":{"counter":0,"key":"jEhd1t7eX68f4m0tl9Wg7BW95EqHIyy1cu2eGcsgACE="},"chainType":1,"messageKeys":{}}},"pendingPreKey":{"signedKeyId":0,"baseKey":"BVbxuHqFP5oFVz8A+d+1NyrJbLweCZhQd+qlRII95khF","preKeyId":10293292}}},"version":"v1"}