{"_sessions":{"BVCUbz/nYX5TX0AG+X++ynyCyd2UBoIj3cjc4DbbgsAc":{"registrationId":1149863039,"currentRatchet":{"ephemeralKeyPair":{"pubKey":"BYYvsBSS4vUq0I7S0+s2WRf4jjDOOslBWIcMK7AOJUhz","privKey":"eMJj9Inr3g1Z3+G4sjurQ3NdNJovE8VKFTUB9MoThWk="},"lastRemoteEphemeralKey":"BX66AIzpubFRkA6XiBwKcgHao/flNvldFtf/efcukNEM","previousCounter":0,"rootKey":"jyR6AoIzjaK7ho8Ogjf7pOSVBJbqRCsNB5sqr4KA4Tg="},"indexInfo":{"baseKey":"BVCUbz/nYX5TX0AG+X++ynyCyd2UBoIj3cjc4DbbgsAc","baseKeyType":1,"closed":-1,"used":1713363935718,"created":1713363935718,"remoteIdentityKey":"BQ0OrlqPfxapzQlA9oCNPYtufe+W54hmQ77hJZovjxdH"},"_chains":{"BYYvsBSS4vUq0I7S0+s2WRf4jjDOOslBWIcMK7AOJUhz":{"chainKey":{"counter":0,"key":"ddAmZoRPBm4Tc4BxgNdfc8a3Cq/aFe/hfa3XpSXS3uI="},"chainType":1,"messageKeys":{}}},"pendingPreKey":{"signedKeyId":0,"baseKey":"BVCUbz/nYX5TX0AG+X++ynyCyd2UBoIj3cjc4DbbgsAc","preKeyId":12711792}}},"version":"v1"}