{"_sessions":{"BYE12KvZgYXGkCqvVyppSXy+AXOs9M3q703TJ4M8/RtX":{"registrationId":223,"currentRatchet":{"ephemeralKeyPair":{"pubKey":"BYZhFaAtERdvTLTLwHHuKDumyyWIXiWo/JGKyX4qovQt","privKey":"6E8b44dqVbkaPYpRM1FjyoKuLiCG68oiTXqz2MJkMGw="},"lastRemoteEphemeralKey":"BX+awvMx+uXYXF35COXPJNhPNyAxcMSgWa5m3n/PYowj","previousCounter":0,"rootKey":"1JCNqlluME1LffEh2vxCrTh6F/2UacIeUta9WFyWYS4="},"indexInfo":{"baseKey":"BYE12KvZgYXGkCqvVyppSXy+AXOs9M3q703TJ4M8/RtX","baseKeyType":2,"closed":-1,"used":1713364082254,"created":1713363912212,"remoteIdentityKey":"BTnab78byWTLr1PO76leYte/Laqo3fEPdbvnnJ4f83hw"},"_chains":{"BSIbGc1vd9aOyElwcBA2A5ZOXYs2XRttOMLhOmAbnyh+":{"chainKey":{"counter":0},"chainType":2,"messageKeys":{}},"BX+awvMx+uXYXF35COXPJNhPNyAxcMSgWa5m3n/PYowj":{"chainKey":{"counter":3,"key":"uKrfFVWnEnJXvVIKAb+UneMqtyRPOSFVtXjlUjAVXRg="},"chainType":2,"messageKeys":{}},"BYZhFaAtERdvTLTLwHHuKDumyyWIXiWo/JGKyX4qovQt":{"chainKey":{"counter":-1,"key":"mFMs6EnvbO/7dtBhm4d+y3CTJwy8I2o+/jzZOLxmYoA="},"chainType":1,"messageKeys":{}}}}},"version":"v1"}