{"_sessions":{"BdQ8CM8zARv9AoFWiUqrHWbEEyu1fZJ2dG1joIfyS9lw":{"registrationId":1320368850,"currentRatchet":{"ephemeralKeyPair":{"pubKey":"BZYUSSrZQHL8SblSh3RIQs7Y6vbMMutVQGoY8TB+zLIl","privKey":"AMP9JkByOokbic+/rtlCUuQ3ohRjnYfqu8Bs+YGdYFA="},"lastRemoteEphemeralKey":"BcVQxgSMu2Te5OjmcimCSYE/WptUlEGaEcuoLA/hjrcS","previousCounter":0,"rootKey":"K+08dXOKYMx4VojhwLdJ6CPDOsI/3Q1/mSFKKQprhKM="},"indexInfo":{"baseKey":"BdQ8CM8zARv9AoFWiUqrHWbEEyu1fZJ2dG1joIfyS9lw","baseKeyType":1,"closed":-1,"used":1713363937184,"created":1713363937184,"remoteIdentityKey":"BZV0OiwvVhl3x716R0xGbJzyYhDfqOkQ1pfhu4H4hdYz"},"_chains":{"BZYUSSrZQHL8SblSh3RIQs7Y6vbMMutVQGoY8TB+zLIl":{"chainKey":{"counter":0,"key":"pMtCXzKfZm9YzEt23uAo2UY7YsDeC9FiPD5zN5GwxLQ="},"chainType":1,"messageKeys":{}}},"pendingPreKey":{"signedKeyId":3,"baseKey":"BdQ8CM8zARv9AoFWiUqrHWbEEyu1fZJ2dG1joIfyS9lw","preKeyId":8820022}}},"version":"v1"}