{"_sessions":{"BXt57j92/l/2Z81pvBUZgKCEbWOA1zyCYN8s4tKkyFkR":{"registrationId":408777143,"currentRatchet":{"ephemeralKeyPair":{"pubKey":"Be0RYjgqokrnJd1LqGOoN9y6sPW60K1u131X22mqaloR","privKey":"UNSF/Yh3Zwct3UZ2KZDhWv7ZUOBFNmLeNs4lO4RTPF4="},"lastRemoteEphemeralKey":"Bd3leXSOOf69Nb57B4eJzQjpzcuqkJSzskyNzcvjWW1F","previousCounter":0,"rootKey":"q66T+RXSvbJLVhJBtU2sIWC7YZg1GNZh8IXiIa4D5pk="},"indexInfo":{"baseKey":"BXt57j92/l/2Z81pvBUZgKCEbWOA1zyCYN8s4tKkyFkR","baseKeyType":1,"closed":-1,"used":1713363935919,"created":1713363935919,"remoteIdentityKey":"BSRdFUUeWTGkjNdngoOPaQhrbS4pXUYepGhEgxvxukEi"},"_chains":{"Be0RYjgqokrnJd1LqGOoN9y6sPW60K1u131X22mqaloR":{"chainKey":{"counter":0,"key":"cVjvWR0XPGmR8WMP/S3vEpBZj3GM2Z/wKWd9DIO7Hv8="},"chainType":1,"messageKeys":{}}},"pendingPreKey":{"signedKeyId":45,"baseKey":"BXt57j92/l/2Z81pvBUZgKCEbWOA1zyCYN8s4tKkyFkR","preKeyId":14924226}}},"version":"v1"}