{"_sessions":{"BVESkdGti0wtcawhGcnHzw7xj8KmLsssQgXgOWtiQbtq":{"registrationId":946802980,"currentRatchet":{"ephemeralKeyPair":{"pubKey":"BYraAsQIfkWKY1qCQTXFtmaM+m5KQgWZWfWVgYNSge9Q","privKey":"4LUb5/Ipci7/KTcaiQVUBYMHB3qi4q/olr9lg40VZW0="},"lastRemoteEphemeralKey":"BQojzvErHFEFQbz03xnMGjVjhcJwJuMuLL9WqViTzLZv","previousCounter":0,"rootKey":"aHSR6Cw1A7gHg/iMlXZYgzTuVAopTrdFN/wcHGadsOs="},"indexInfo":{"baseKey":"BVESkdGti0wtcawhGcnHzw7xj8KmLsssQgXgOWtiQbtq","baseKeyType":1,"closed":-1,"used":1713363936609,"created":1713363936609,"remoteIdentityKey":"BV65Bsrj1sTFYx8lmyDyjhkANGXThv56P6cnp/OwHqgZ"},"_chains":{"BYraAsQIfkWKY1qCQTXFtmaM+m5KQgWZWfWVgYNSge9Q":{"chainKey":{"counter":0,"key":"KYMMaV1tvQDvZbZeXCOgLOetYdHRFOdwq/l3ppQBGeI="},"chainType":1,"messageKeys":{}}},"pendingPreKey":{"signedKeyId":7,"baseKey":"BVESkdGti0wtcawhGcnHzw7xj8KmLsssQgXgOWtiQbtq","preKeyId":8179864}}},"version":"v1"}