{"_sessions":{"BR40/V7+9z1CLS0BmLSMgc2tuVblI2HCfwpFxKGuY0Fo":{"registrationId":89606021,"currentRatchet":{"ephemeralKeyPair":{"pubKey":"BdqOjZMRlOM/Lgo8UOgNIsip9CzBy8ZAML7pd7CvzaAl","privKey":"SJ1xbX8nRT5/ocvb704hAgK54ZgkSBCA90167jHb030="},"lastRemoteEphemeralKey":"BX/+anUsMSDbJ6ckx+Ez66fsYD6JcCeJ2bSPeONVcCwI","previousCounter":0,"rootKey":"36udrp0xu/LIydlPuSfw5r2pAqVc7Tn0sww8kumN8BM="},"indexInfo":{"baseKey":"BR40/V7+9z1CLS0BmLSMgc2tuVblI2HCfwpFxKGuY0Fo","baseKeyType":1,"closed":-1,"used":1713363936412,"created":1713363936412,"remoteIdentityKey":"BVvpjv/1ZcGt9lcgixD6eRJ6poKekWwx8bvZBQurSDBk"},"_chains":{"BdqOjZMRlOM/Lgo8UOgNIsip9CzBy8ZAML7pd7CvzaAl":{"chainKey":{"counter":0,"key":"AWuEq4Unems5yzDVdFkPvEGuVz8RM75CDoVMPC/lfyA="},"chainType":1,"messageKeys":{}}},"pendingPreKey":{"signedKeyId":1,"baseKey":"BR40/V7+9z1CLS0BmLSMgc2tuVblI2HCfwpFxKGuY0Fo","preKeyId":6192901}}},"version":"v1"}