{"_sessions":{"BdOJxMR6jXNGhelMUll6TW7UcTg0/Udgx+DXT02wyzIs":{"registrationId":570634417,"currentRatchet":{"ephemeralKeyPair":{"pubKey":"BUcf593lOniSeigy9TL8vGNjaPOrk5tpftju5H9huL5c","privKey":"QIqKElEHiCiH5idQSuZgHTNfcazAzOMeI90ryF83eF8="},"lastRemoteEphemeralKey":"BX4PUM/vEIek1yTHk9ehfajiorCQIKSlVMWtpx1lDTJ8","previousCounter":0,"rootKey":"dWlgATQ/u7j2y2KavE+l++lp//mmo/bDTRr2YN+JxoU="},"indexInfo":{"baseKey":"BdOJxMR6jXNGhelMUll6TW7UcTg0/Udgx+DXT02wyzIs","baseKeyType":1,"closed":-1,"used":1713363937214,"created":1713363937214,"remoteIdentityKey":"BUHP6h7PnXawpRuikdo3NrNsPYW3qfUIazTsfRfXKchj"},"_chains":{"BUcf593lOniSeigy9TL8vGNjaPOrk5tpftju5H9huL5c":{"chainKey":{"counter":0,"key":"VUvQUm0E+JTf85XulmpD+0Ii4Syz26aBRONeAaq/zm8="},"chainType":1,"messageKeys":{}}},"pendingPreKey":{"signedKeyId":1,"baseKey":"BdOJxMR6jXNGhelMUll6TW7UcTg0/Udgx+DXT02wyzIs","preKeyId":457159}}},"version":"v1"}