{"_sessions":{"BUgEymVydFh5uc3vWauNmA7SOeOM01bno1DWhCskfAt7":{"registrationId":1038853353,"currentRatchet":{"ephemeralKeyPair":{"pubKey":"BXYFmc2UEhWdQA1wapUXws7pY9lS0Ru5BzE+HCxtExxy","privKey":"aBJ7gLyJTU3d7nKhbx6oa/V0da6Sf2oP5dUWh5lVnV8="},"lastRemoteEphemeralKey":"Bf+KlCQx7cDqydbLJCGp5wU2XTz3JgP7sYRtNZR/AYQ3","previousCounter":0,"rootKey":"3gomZlzwGSM1rD0YtYXpA4C/dvppdoae/WI2KrbMZV4="},"indexInfo":{"baseKey":"BUgEymVydFh5uc3vWauNmA7SOeOM01bno1DWhCskfAt7","baseKeyType":1,"closed":-1,"used":1713363937003,"created":1713363937003,"remoteIdentityKey":"Bddbb5OV3rqkjmRrpx63BrAgzhx5xw7/CgZeYixz7bxo"},"_chains":{"BXYFmc2UEhWdQA1wapUXws7pY9lS0Ru5BzE+HCxtExxy":{"chainKey":{"counter":0,"key":"eyq4QjysEWU/Y89RFqDe0kaSXOnByFxLySZm2n4hJdw="},"chainType":1,"messageKeys":{}}},"pendingPreKey":{"signedKeyId":11839751,"baseKey":"BUgEymVydFh5uc3vWauNmA7SOeOM01bno1DWhCskfAt7","preKeyId":9005}}},"version":"v1"}