{"_sessions":{"BY1XVcqOY7OD25/O/YV0cFClUjTeWB+tsEfq+kaaJj51":{"registrationId":845341628,"currentRatchet":{"ephemeralKeyPair":{"pubKey":"BRFGoJbzj7+OEyH5xuVMB3842h5l0TVzL+lroRJUkehj","privKey":"AD2NTVgE+KbCOR59OJfZz/BcapwzPJn0boYJovItw0Q="},"lastRemoteEphemeralKey":"BWWEVnmSbJTXV0KuYg7PHQ06nh7XPF1MU6FqO4gZ6NY+","previousCounter":0,"rootKey":"EEs77fJ3ZgvsoXrj6Umu3NDg8gU6sRhoBgFiSUZLNqQ="},"indexInfo":{"baseKey":"BY1XVcqOY7OD25/O/YV0cFClUjTeWB+tsEfq+kaaJj51","baseKeyType":1,"closed":-1,"used":1713363937097,"created":1713363937097,"remoteIdentityKey":"Bc2D/eXNUOKQ27j4IVcW+k6XpdBpj4qWhQrmuaIFs8cw"},"_chains":{"BRFGoJbzj7+OEyH5xuVMB3842h5l0TVzL+lroRJUkehj":{"chainKey":{"counter":0,"key":"Z7+4Lb/P0CIlSzPh6MZ2koFlSp8w04gkXyBAy8FR5F4="},"chainType":1,"messageKeys":{}}},"pendingPreKey":{"signedKeyId":12,"baseKey":"BY1XVcqOY7OD25/O/YV0cFClUjTeWB+tsEfq+kaaJj51","preKeyId":13348932}}},"version":"v1"}