{"_sessions":{"BZavHs9Ej/ibys/+4a3gSalOuttJX4quP+kxye0NGlZR":{"registrationId":1618324481,"currentRatchet":{"ephemeralKeyPair":{"pubKey":"BbKql2Gf/A+2fEUfDcYT+xUo4ZjRv4scx1aoeeGwbcVC","privKey":"sHDaxqr9ah6P3whLaMo90GArFthEI6YHo7Do3aj0ZXU="},"lastRemoteEphemeralKey":"BdUYkMzo5+TAa3aVxUq/xdtp5ZM4hUfjVHdYnm3x8+01","previousCounter":0,"rootKey":"9dJ2sWNXAinkA3ylQV/eMlX8JSD1TqhW9OHA6gLLUgM="},"indexInfo":{"baseKey":"BZavHs9Ej/ibys/+4a3gSalOuttJX4quP+kxye0NGlZR","baseKeyType":1,"closed":1713355847156,"used":1713118110686,"created":1713118110686,"remoteIdentityKey":"BTZdipclSBxKCuBl0bnddlcvMK3iM00kitpiBgIHQ7ZC"},"_chains":{"BbKql2Gf/A+2fEUfDcYT+xUo4ZjRv4scx1aoeeGwbcVC":{"chainKey":{"counter":0,"key":"sj05ZBE9F1WhhIwz6vExol/MOKXF3XRbBdsk166ZgSk="},"chainType":1,"messageKeys":{}}},"pendingPreKey":{"signedKeyId":0,"baseKey":"BZavHs9Ej/ibys/+4a3gSalOuttJX4quP+kxye0NGlZR","preKeyId":10883638}},"BX6u5ET6l/ksC8P1EzNCw9DtHVJ7CS8xVzQSO/Iph85a":{"registrationId":1618324481,"currentRatchet":{"ephemeralKeyPair":{"pubKey":"BTTyzC3VJw/SY52h40+vkpn4XnVl6JaYPnRSSBVkqs8T","privKey":"UNkixqxzmsCFB0OJSo/xmY/XbcK+b0zGPbB3lA/YSm8="},"lastRemoteEphemeralKey":"BTPOxSy79y0lN1cfA7cWgxLCgcR68UKbCIRoCk1xDeIL","previousCounter":0,"rootKey":"SWtIQec/swBh60Ws9gSftnvwXA9cbdV7tIdNWBzPMNM="},"indexInfo":{"baseKey":"BX6u5ET6l/ksC8P1EzNCw9DtHVJ7CS8xVzQSO/Iph85a","baseKeyType":2,"closed":1713355847828,"used":1713355847198,"created":1713355847198,"remoteIdentityKey":"BTZdipclSBxKCuBl0bnddlcvMK3iM00kitpiBgIHQ7ZC"},"_chains":{"BTPOxSy79y0lN1cfA7cWgxLCgcR68UKbCIRoCk1xDeIL":{"chainKey":{"counter":0,"key":"cJv9q4AkeY+Lxuq5eg601zTRo8Dz0PejqKrHwSlLdV8="},"chainType":2,"messageKeys":{}},"BTTyzC3VJw/SY52h40+vkpn4XnVl6JaYPnRSSBVkqs8T":{"chainKey":{"counter":-1,"key":"T1faziy8yyba1udRZH33Unoy/ao+q3oWTLAbyKaAkNs="},"chainType":1,"messageKeys":{}}}},"BePDzFWDuV4DRmHrp4HX5G79j7v2zEtWlHXz+wXnVT1P":{"registrationId":1618324481,"currentRatchet":{"ephemeralKeyPair":{"pubKey":"Bamj2kBxOen18H2fbyZvPj7mjcQ0mcjAa1N5zZgaUvIw","privKey":"GHyev5KVjrK5YSsdC1hvtB6fYkHHtbJ0fxmAaZ8PT2w="},"lastRemoteEphemeralKey":"BbtQOd3Eh7RF2D4riLZ96L9ESzUJaG0ZsyvaDhh/Ps5y","previousCounter":0,"rootKey":"CzwhHXkI8JQjzYiodvi0m9xqPtmhpLXTRs/vDXVm2tc="},"indexInfo":{"baseKey":"BePDzFWDuV4DRmHrp4HX5G79j7v2zEtWlHXz+wXnVT1P","baseKeyType":2,"closed":-1,"used":1713357360817,"created":1713355847836,"remoteIdentityKey":"BTZdipclSBxKCuBl0bnddlcvMK3iM00kitpiBgIHQ7ZC"},"_chains":{"BTEY84IYiq7cYyrk8pFhaxw4Jlne1rzKeHMhiyyp72Aj":{"chainKey":{"counter":0},"chainType":2,"messageKeys":{}},"BaREui8btUMmwgPtScJsIujIqICJp/hbN8oRWkDo+RxK":{"chainKey":{"counter":3},"chainType":2,"messageKeys":{"0":"qZ+XDGkdZ9/s26GQC7X/fTcFmEyciMFkscaqXehA7IQ="}},"BbtQOd3Eh7RF2D4riLZ96L9ESzUJaG0ZsyvaDhh/Ps5y":{"chainKey":{"counter":2,"key":"ERSBY8BHfGPql18RifWF6iZUNwCFIufdnEwZzct+sdI="},"chainType":2,"messageKeys":{}},"Bamj2kBxOen18H2fbyZvPj7mjcQ0mcjAa1N5zZgaUvIw":{"chainKey":{"counter":1,"key":"hwcWsneGtocxnJX40G0d62I1CzUEw0+yrhXGNQNnGmc="},"chainType":1,"messageKeys":{}}}}},"version":"v1"}