{"_sessions":{"BbbdWKcPW484gcWG43sMe3QBmaafGbWNIdyzlLARmDRe":{"registrationId":1400174024,"currentRatchet":{"ephemeralKeyPair":{"pubKey":"BWCiLrSw3S2zXhxGwQYS3ID35DCIx1NfYSBRiMKoNJ01","privKey":"wEpJn/Ie/0bVwVziOYtEIcoHAnnMuGnOEjhVuIu130s="},"lastRemoteEphemeralKey":"BaVKLzPH48Pv5OSlEu9pPbQvYBJ052lpilhgbNJn7bpQ","previousCounter":0,"rootKey":"8w32IB6dt9/xJzC89k4kDImJHQRa8cK1iJIsS/OhFwE="},"indexInfo":{"baseKey":"BbbdWKcPW484gcWG43sMe3QBmaafGbWNIdyzlLARmDRe","baseKeyType":1,"closed":-1,"used":1713363935701,"created":1713363935701,"remoteIdentityKey":"BdYW+dwH6TmLFlA4FcpjXF2SGhRXzCKfp08BEwBop14s"},"_chains":{"BWCiLrSw3S2zXhxGwQYS3ID35DCIx1NfYSBRiMKoNJ01":{"chainKey":{"counter":0,"key":"7lmV5TA/BcG9/SZxBTfWTQXfvBk7p4x27OdBdDNccl8="},"chainType":1,"messageKeys":{}}},"pendingPreKey":{"signedKeyId":9,"baseKey":"BbbdWKcPW484gcWG43sMe3QBmaafGbWNIdyzlLARmDRe","preKeyId":7045011}}},"version":"v1"}