{"_sessions":{"BbrQx4HNK4XA7LWshgGt02XTP4Se0M/V0MHLZzyzuBNb":{"registrationId":2036655256,"currentRatchet":{"ephemeralKeyPair":{"pubKey":"BY0Fo7LGWG7T6DwUNFyoqhTwdDKP9NlsS1KY10WvmVx4","privKey":"MIQxtCuXh5y0RHQglRiK86Vg81iA6xevEynj4Ylh1HQ="},"lastRemoteEphemeralKey":"BbbVZeJLgXEs0Qf1Zxx9XbXqekyzWMFJm+ZP67qiQTEc","previousCounter":0,"rootKey":"vxsA2a62+0TDWLvn1cVzPnDaAVHQUTUmIVRFa3nQY3E="},"indexInfo":{"baseKey":"BbrQx4HNK4XA7LWshgGt02XTP4Se0M/V0MHLZzyzuBNb","baseKeyType":1,"closed":-1,"used":1713363936314,"created":1713363936314,"remoteIdentityKey":"BTLysncxV6yxkP7rIQC/UgO3E41XhyhS91pA3glccTVQ"},"_chains":{"BY0Fo7LGWG7T6DwUNFyoqhTwdDKP9NlsS1KY10WvmVx4":{"chainKey":{"counter":0,"key":"0VxdKch4J52FoRCOlfGhdIE03+qSCj6uGabfI2mpQa8="},"chainType":1,"messageKeys":{}}},"pendingPreKey":{"signedKeyId":12,"baseKey":"BbrQx4HNK4XA7LWshgGt02XTP4Se0M/V0MHLZzyzuBNb","preKeyId":13822248}}},"version":"v1"}