{"_sessions":{"BexlUMi4c7CgwAY1BLw/uEjB5jHlyFzgK2ysukIBLbtW":{"registrationId":1557003883,"currentRatchet":{"ephemeralKeyPair":{"pubKey":"BfW3Cv//ma4Ls1OXYuz4oIp9EV5uGlHRF+3KgcCrZScp","privKey":"eNEQXW8nA6p1sxN8YkFZvYil6l8BzDFDURH12nDxLXQ="},"lastRemoteEphemeralKey":"BU+Wf8EHvFegpaRG62b0RS+8Xa9NKP0qlHJlHJesB3ZN","previousCounter":0,"rootKey":"NQpUfksm97+udDo9mYgBzLSstHD2XuVtrjGc76BInC4="},"indexInfo":{"baseKey":"BexlUMi4c7CgwAY1BLw/uEjB5jHlyFzgK2ysukIBLbtW","baseKeyType":1,"closed":-1,"used":1713363936740,"created":1713363936740,"remoteIdentityKey":"BTsEFG2Nz+3DwvUZ4KZheOywa+C6DTg/8kJ42KxpCfp/"},"_chains":{"BfW3Cv//ma4Ls1OXYuz4oIp9EV5uGlHRF+3KgcCrZScp":{"chainKey":{"counter":0,"key":"JBDa/zhwa0nTOxC7yvByk+TC1TPBLFI6P/lm4KpLEFk="},"chainType":1,"messageKeys":{}}},"pendingPreKey":{"signedKeyId":3,"baseKey":"BexlUMi4c7CgwAY1BLw/uEjB5jHlyFzgK2ysukIBLbtW","preKeyId":9767174}}},"version":"v1"}