{"_sessions":{"BXu5rGBwGj7m4OQiFI1JW2bYDPJhgMQxUA7EyvX/1RVc":{"registrationId":1958419950,"currentRatchet":{"ephemeralKeyPair":{"pubKey":"BVJitaMxfbJ9j4vHvqTs/8wkVFUO0vKMXkTsF9oeMDt7","privKey":"ALWmxepCSS7UbRf5Zdo9aeWq4ThO4fmz67LwtJV4wUY="},"lastRemoteEphemeralKey":"BU/LJJUOj8RKrrdCpR9dyg1gAqCEW9+I2LNXfG/TxEhn","previousCounter":0,"rootKey":"Ul7bh2XrkUutfwz1I/eK+WJ+v/asTZd6BHx3uFNaQC8="},"indexInfo":{"baseKey":"BXu5rGBwGj7m4OQiFI1JW2bYDPJhgMQxUA7EyvX/1RVc","baseKeyType":1,"closed":-1,"used":1713363936023,"created":1713363936023,"remoteIdentityKey":"BdhOWaY1V68rBFvH5uYMhJbjhchbscka/Gg0Y71DFGBS"},"_chains":{"BVJitaMxfbJ9j4vHvqTs/8wkVFUO0vKMXkTsF9oeMDt7":{"chainKey":{"counter":0,"key":"o0BdHIRXQ84/XzGGzsBGZO+S9hnhaoz04SaUotHZzP8="},"chainType":1,"messageKeys":{}}},"pendingPreKey":{"signedKeyId":2,"baseKey":"BXu5rGBwGj7m4OQiFI1JW2bYDPJhgMQxUA7EyvX/1RVc"}}},"version":"v1"}