{"_sessions":{"BYUAVvtl8UPRZ4jV+uxcy6ta6kVHjcVircSxJTOteIcK":{"registrationId":2077406644,"currentRatchet":{"ephemeralKeyPair":{"pubKey":"BZ7U0rQl8GtsT/Ld79YozoZrwviOez8mcmGiXksRu51K","privKey":"MN3nFkMDdTo8acQR9nvazAC97o3XJ2NVv0ud7vs4tWA="},"lastRemoteEphemeralKey":"BZW6frA5CIl7+/mGEdk5d6IPPSqw3GQcPgo4I5bqPz1K","previousCounter":0,"rootKey":"RCCakJsMZIrPCi6D/vEg1No8w8pX33ai7tt0DZIXcGQ="},"indexInfo":{"baseKey":"BYUAVvtl8UPRZ4jV+uxcy6ta6kVHjcVircSxJTOteIcK","baseKeyType":1,"closed":-1,"used":1713363936319,"created":1713363936319,"remoteIdentityKey":"BVNpSCeLdMljChwbSoMR5OqlAQX5USOcXLY6OuveCusg"},"_chains":{"BZ7U0rQl8GtsT/Ld79YozoZrwviOez8mcmGiXksRu51K":{"chainKey":{"counter":0,"key":"b783oEHQOemSu2qVeEqab25Ijhn3nbvBAV/ivDCslzw="},"chainType":1,"messageKeys":{}}},"pendingPreKey":{"signedKeyId":10,"baseKey":"BYUAVvtl8UPRZ4jV+uxcy6ta6kVHjcVircSxJTOteIcK"}}},"version":"v1"}