{"_sessions":{"BfyMJMc142KKpCpz5tCKzKljVs1zP9MrCOrnGP5TYKp2":{"registrationId":509275557,"currentRatchet":{"ephemeralKeyPair":{"pubKey":"BQ1H0jEo6iV7jf8nRa4SzoZUcLgG/Sr7leVoDnQ2i9gj","privKey":"IPGRjs3LIbMoK11xcBWzFVu3+lqaxfNv4FaoTKZHI3U="},"lastRemoteEphemeralKey":"BcQCsKEvlMe+/RREivVlfQ5HsRI/ROHwlDQtPnPpbWIn","previousCounter":0,"rootKey":"cwR1CzCwWOZ199SY/8cPZENbe8F30u3ItGH0IpKvPIQ="},"indexInfo":{"baseKey":"BfyMJMc142KKpCpz5tCKzKljVs1zP9MrCOrnGP5TYKp2","baseKeyType":1,"closed":-1,"used":1713363936912,"created":1713363936912,"remoteIdentityKey":"Bb42vqSaQJu+saRE7pzsCWrG3tdNcgzni7B+lfIvT4Ni"},"_chains":{"BQ1H0jEo6iV7jf8nRa4SzoZUcLgG/Sr7leVoDnQ2i9gj":{"chainKey":{"counter":0,"key":"Pr8VOretBDhzQpToHAVzqsKc6R/JslTr2aACzsKusgA="},"chainType":1,"messageKeys":{}}},"pendingPreKey":{"signedKeyId":22,"baseKey":"BfyMJMc142KKpCpz5tCKzKljVs1zP9MrCOrnGP5TYKp2","preKeyId":5091253}}},"version":"v1"}