{"_sessions":{"BVXFNIErXRAV0pw4YvKEAJMIp2g7nM3vFWdcTWwPmsRD":{"registrationId":1889166616,"currentRatchet":{"ephemeralKeyPair":{"pubKey":"BW0mxJJogZi5mK9tI0myYEKfhFZymXXVFSsRsLOoE60X","privKey":"iB3jHbCg1RxLNEJNBWl1k4WMlazavDHLQNuJ0yPeckU="},"lastRemoteEphemeralKey":"BQsbyivKgmyEJtgth9esO1WB0/B8ymWZZHXCKhx5fbpg","previousCounter":0,"rootKey":"ZjL+oyZDICA6zNmW7SyRG0d/TPl4Qib6Xe94pbHtIco="},"indexInfo":{"baseKey":"BVXFNIErXRAV0pw4YvKEAJMIp2g7nM3vFWdcTWwPmsRD","baseKeyType":1,"closed":-1,"used":1713363937295,"created":1713363937295,"remoteIdentityKey":"BYAHW0fNZnxQVC3A6b29YtHwmvhZDzcD6npes6JYx6k7"},"_chains":{"BW0mxJJogZi5mK9tI0myYEKfhFZymXXVFSsRsLOoE60X":{"chainKey":{"counter":0,"key":"XYUyCSxTAv26Qp0Sp8Oo4EUCW3emUni0q3B6NfeGUlY="},"chainType":1,"messageKeys":{}}},"pendingPreKey":{"signedKeyId":1,"baseKey":"BVXFNIErXRAV0pw4YvKEAJMIp2g7nM3vFWdcTWwPmsRD","preKeyId":8866342}}},"version":"v1"}