{"_sessions":{"BdoBnkHQWtIFnpVD5nM5b7ITg7QbXHJN1TccKobThR4j":{"registrationId":866683038,"currentRatchet":{"ephemeralKeyPair":{"pubKey":"BSUaxn/BLh+m7FzrvKfHrMPC+N4YxIPrWuDEZwvy0lF+","privKey":"iK1OvG9fv3MC5TGHHEpGYYJMx+PLrIkd8L/Gqv6DyE8="},"lastRemoteEphemeralKey":"BYZPb6Vj+xW/fK3OHVtVOYZYC2M1kuabNwsYWXjChZQ6","previousCounter":0,"rootKey":"mBL3S5F1Rj0t/43GHGr1A2zfW48sa3behRx5Mxrr/JI="},"indexInfo":{"baseKey":"BdoBnkHQWtIFnpVD5nM5b7ITg7QbXHJN1TccKobThR4j","baseKeyType":1,"closed":-1,"used":1713363936980,"created":1713363936980,"remoteIdentityKey":"BR2w/MkcoU0MDQHsaOz4Ef478dVrWb3aGEUTpVwBCYMR"},"_chains":{"BSUaxn/BLh+m7FzrvKfHrMPC+N4YxIPrWuDEZwvy0lF+":{"chainKey":{"counter":0,"key":"NJdxR2qzkiPD/PCZxG8C7MoHIF4uR9t0RiZI1HNQIsw="},"chainType":1,"messageKeys":{}}},"pendingPreKey":{"signedKeyId":2,"baseKey":"BdoBnkHQWtIFnpVD5nM5b7ITg7QbXHJN1TccKobThR4j"}}},"version":"v1"}