{"_sessions":{"BYT/9a6f2YkIOQGlxY1WvRIDyGy2+yePM/RRrFJ3GXd8":{"registrationId":1409027970,"currentRatchet":{"ephemeralKeyPair":{"pubKey":"BUBhcAPOPXDOWhozIirbZRwWSFxJfG4iF1W8vSzHX+cf","privKey":"MOt4Rkx6vfxpDHB4/ZsDeakM97MAAE86icA+iM2jJXY="},"lastRemoteEphemeralKey":"BfbWBhSMQuSYxUHiw9UycLCM2CDNiluJh1U0YXQr8LVa","previousCounter":0,"rootKey":"NhjBU64pz94o3SaonCzOefF/V5VZgltg8iQOoq15dec="},"indexInfo":{"baseKey":"BYT/9a6f2YkIOQGlxY1WvRIDyGy2+yePM/RRrFJ3GXd8","baseKeyType":1,"closed":-1,"used":1713363935413,"created":1713363935413,"remoteIdentityKey":"BUQn2X4Sz1vG/23Y8D8Xak3NbWoEoMCM4pXau1BZr/4l"},"_chains":{"BUBhcAPOPXDOWhozIirbZRwWSFxJfG4iF1W8vSzHX+cf":{"chainKey":{"counter":0,"key":"uwSm2F91nXbGjuj0DozXt4SPmHbZKYBr0wbTYOeBEWo="},"chainType":1,"messageKeys":{}}},"pendingPreKey":{"signedKeyId":6,"baseKey":"BYT/9a6f2YkIOQGlxY1WvRIDyGy2+yePM/RRrFJ3GXd8","preKeyId":13217913}}},"version":"v1"}