{"_sessions":{"BZJNZZ3eV7pIBM4ewloPqbRID3xoZR6vgqGWGNbf4jsd":{"registrationId":860425423,"currentRatchet":{"ephemeralKeyPair":{"pubKey":"BWdkYBQBZTPDt3oVmBpCF8vPoePYDxaYnqLfD3nNNLVX","privKey":"YBmkF5kq/odh97VdExQkOn++oTVtdwVf4cgiFSfSPVY="},"lastRemoteEphemeralKey":"BTLyqeqh7izz/84VPkaH1sKQvd1A2kWW7/XP088PHAhT","previousCounter":0,"rootKey":"yyeuGXzSPg3g0J68UH0dy9vHufYp8Q76l1O6TX+XjlQ="},"indexInfo":{"baseKey":"BZJNZZ3eV7pIBM4ewloPqbRID3xoZR6vgqGWGNbf4jsd","baseKeyType":1,"closed":-1,"used":1713363937020,"created":1713363937020,"remoteIdentityKey":"BXmhDBO/9O21DbIV1KrJT0Pw8W+8P5LA6+03DU7YLQ4V"},"_chains":{"BWdkYBQBZTPDt3oVmBpCF8vPoePYDxaYnqLfD3nNNLVX":{"chainKey":{"counter":0,"key":"i9kqqPkL5skPnAo+2V/f46Ao36fsuw1gq/aDdkERN7Y="},"chainType":1,"messageKeys":{}}},"pendingPreKey":{"signedKeyId":10,"baseKey":"BZJNZZ3eV7pIBM4ewloPqbRID3xoZR6vgqGWGNbf4jsd","preKeyId":1260523}}},"version":"v1"}