{"_sessions":{"BTGx7IpuIChn1EYRgNG3su3ka6d7HwS4Smw7BSYMg9EQ":{"registrationId":2130873216,"currentRatchet":{"ephemeralKeyPair":{"pubKey":"BeDgOx9ttc6wK+XiS0drps1u/tlfU4VWXzHfTgPUODc3","privKey":"yDy8XQZbwMsVuFKL9oZjBrJeSIuy/RWUri5pRbjo50s="},"lastRemoteEphemeralKey":"BQu+zxLLQBYnwGsVSJYIhJ2jM/IulPDogYvXcac5SNIk","previousCounter":0,"rootKey":"KbP54wDvN9l5AkdqUACqQ8jduP6yV629LOiMG23vrAI="},"indexInfo":{"baseKey":"BTGx7IpuIChn1EYRgNG3su3ka6d7HwS4Smw7BSYMg9EQ","baseKeyType":1,"closed":-1,"used":1713363935312,"created":1713363935312,"remoteIdentityKey":"Bb7p0mZRjHQSgxTTZiDX0+XFsubs+SnvJoTERmaufz8S"},"_chains":{"BeDgOx9ttc6wK+XiS0drps1u/tlfU4VWXzHfTgPUODc3":{"chainKey":{"counter":0,"key":"BQ19edXwBf0RPrDpL8dRNPhzjBr7TfHywyC1vWpHJgI="},"chainType":1,"messageKeys":{}}},"pendingPreKey":{"signedKeyId":1,"baseKey":"BTGx7IpuIChn1EYRgNG3su3ka6d7HwS4Smw7BSYMg9EQ","preKeyId":4974344}}},"version":"v1"}