{"_sessions":{"BWE5oLjErXFHDjy6OEk1GNuosyuxuKkfT0lt2QLXy95K":{"registrationId":361897194,"currentRatchet":{"ephemeralKeyPair":{"pubKey":"BV1yOa/ccDErXM2O4lE6/rg7czcSb/K7Ix8xeWAboIde","privKey":"OCQpsYCAhcapmtyXTlAMKbON7rotbwrXp+37ZV3W2nY="},"lastRemoteEphemeralKey":"BerxZXMfz5pQw9Wtz8jj9+ddymW1Ki1VKODIUady9sM9","previousCounter":0,"rootKey":"lp9CmkDakdO+Y4LleUM68eL1FHIWpi3eB3aDTsisVxo="},"indexInfo":{"baseKey":"BWE5oLjErXFHDjy6OEk1GNuosyuxuKkfT0lt2QLXy95K","baseKeyType":1,"closed":-1,"used":1713363935615,"created":1713363935615,"remoteIdentityKey":"Bc+YHGrO7hObKZQVnXN+HNzBuWUMf3eVuHZCTGTewK1S"},"_chains":{"BV1yOa/ccDErXM2O4lE6/rg7czcSb/K7Ix8xeWAboIde":{"chainKey":{"counter":0,"key":"mLfBPXETCX70SwkUkKm4hsojmZOHxVea0MfT3uLlXLU="},"chainType":1,"messageKeys":{}}},"pendingPreKey":{"signedKeyId":0,"baseKey":"BWE5oLjErXFHDjy6OEk1GNuosyuxuKkfT0lt2QLXy95K","preKeyId":11422167}}},"version":"v1"}