{"_sessions":{"BUEoVgQNFPg1pF5r6llPLdjT4p7EVmArf8tBAzO1/c5I":{"registrationId":1036135587,"currentRatchet":{"ephemeralKeyPair":{"pubKey":"BW3X8RhOHofKUCOL90S7db/S5BNyATjU888oM6Hb14wO","privKey":"YCbRYJIOoU5oqpoeHsbXOHbzwpEf3djKF0Vgk1nY6Gk="},"lastRemoteEphemeralKey":"BTO+15hAYfDhWFrNFQZ/kRslk9Q8rvjiz3BJboylV0Jt","previousCounter":0,"rootKey":"3twH/GdY3W4vCP6uFEakOvXI9XQBOmgV91qHx3eFLyg="},"indexInfo":{"baseKey":"BUEoVgQNFPg1pF5r6llPLdjT4p7EVmArf8tBAzO1/c5I","baseKeyType":1,"closed":-1,"used":1713363936947,"created":1713363936947,"remoteIdentityKey":"BTPP06egpNI/DeM70LHpBhCF/SdmWVIJ2dEsRo6mcjh5"},"_chains":{"BW3X8RhOHofKUCOL90S7db/S5BNyATjU888oM6Hb14wO":{"chainKey":{"counter":0,"key":"322XYfy57E2AA5GaP5k0TKN8T60XtpR8KeqM9rFWJGQ="},"chainType":1,"messageKeys":{}}},"pendingPreKey":{"signedKeyId":4,"baseKey":"BUEoVgQNFPg1pF5r6llPLdjT4p7EVmArf8tBAzO1/c5I"}}},"version":"v1"}