{"_sessions":{"BanY33RqN8E4ny3Pep3GOZmXSWSlOg+xKSsOa/9zVC8M":{"registrationId":144032874,"currentRatchet":{"ephemeralKeyPair":{"pubKey":"BQoBPxCKBLIISE0psng4YA6X3tGzhwh4XhZ4+cNo+8ET","privKey":"OLslsgGtMpGFM4Lnu8wCRh9vfMEBtUXKUJpvzIl7/Gc="},"lastRemoteEphemeralKey":"Ba4TH9A1Mx3UcIQJaoBuWaml3wBPOD9/zUqwOGQOcLx9","previousCounter":0,"rootKey":"ojIgf7pZpjCA7pEPQGr2xPGx4/sLUixeTHEmfU6e2Os="},"indexInfo":{"baseKey":"BanY33RqN8E4ny3Pep3GOZmXSWSlOg+xKSsOa/9zVC8M","baseKeyType":1,"closed":-1,"used":1713363936435,"created":1713363936435,"remoteIdentityKey":"BVOjX9DmFt54ix3WSXm2kRlGXENeZHQS6G1etLs+iIR4"},"_chains":{"BQoBPxCKBLIISE0psng4YA6X3tGzhwh4XhZ4+cNo+8ET":{"chainKey":{"counter":0,"key":"IhtJoeEtD2+ul1tvgQxNN3pdTKryuumb4l/14ZBpfFo="},"chainType":1,"messageKeys":{}}},"pendingPreKey":{"signedKeyId":10949971,"baseKey":"BanY33RqN8E4ny3Pep3GOZmXSWSlOg+xKSsOa/9zVC8M","preKeyId":4932}}},"version":"v1"}