{"_sessions":{"BfoHY0+yj/axEA4MFwrUIMWciVE3zqvzllsgdLo+tVpO":{"registrationId":1440264151,"currentRatchet":{"ephemeralKeyPair":{"pubKey":"BSnt7D9Cutb6KdNo+RLQQOiMBTYae0apXD3MPaVZHuJY","privKey":"sAQMhiODCjncrEGonw7sxXJHfdZPvQjd1dKTvVq/Sn4="},"lastRemoteEphemeralKey":"BZmkRp2ipWosHWEae5U2TObXjXEkmmVpWUjI9P2oy90s","previousCounter":0,"rootKey":"K8UGJIzwHbtCz+uCDrYef1LGoyXNTUCgmVjs69bie+s="},"indexInfo":{"baseKey":"BfoHY0+yj/axEA4MFwrUIMWciVE3zqvzllsgdLo+tVpO","baseKeyType":1,"closed":-1,"used":1713363937220,"created":1713363937220,"remoteIdentityKey":"BQzBwMqpUpHt6SoqYH4xjw21QpnZfXom1/sFTZGfFQh6"},"_chains":{"BSnt7D9Cutb6KdNo+RLQQOiMBTYae0apXD3MPaVZHuJY":{"chainKey":{"counter":0,"key":"C4pM77ygSxb3Ml3kHJXx/Yn2IHJOczgJt0Wgm54J8Nc="},"chainType":1,"messageKeys":{}}},"pendingPreKey":{"signedKeyId":0,"baseKey":"BfoHY0+yj/axEA4MFwrUIMWciVE3zqvzllsgdLo+tVpO","preKeyId":16561513}}},"version":"v1"}