{"_sessions":{"BazEhdNNcTEdzqLrflBGGaHKxJbqBteZfRN048T8/X84":{"registrationId":1209190310,"currentRatchet":{"ephemeralKeyPair":{"pubKey":"BUqzu282bmket9YZzOZGBnqmzGKtT5j+Af9G97RpvTB7","privKey":"IBz5CeZJTheUH9qxb+c2XsGFPUcHryxZ7FVquuKdLV0="},"lastRemoteEphemeralKey":"BeM1kP/SS5w+a5rDuBmQPRHYDewaMwJhm2d9qVJcudpE","previousCounter":0,"rootKey":"YZck/gw3q/ZNKVshhBkJt2JW83LrfZz3+qiQu3pB0PE="},"indexInfo":{"baseKey":"BazEhdNNcTEdzqLrflBGGaHKxJbqBteZfRN048T8/X84","baseKeyType":1,"closed":-1,"used":1713363935629,"created":1713363935629,"remoteIdentityKey":"BbYuTElDYbw89L9P/UnJBMiQcNPgl4VFRuf6T6sIOldl"},"_chains":{"BUqzu282bmket9YZzOZGBnqmzGKtT5j+Af9G97RpvTB7":{"chainKey":{"counter":0,"key":"swiKRZ9q9brfI1m0uPl/qMqNOQVg9qpzNHKNBP1kgds="},"chainType":1,"messageKeys":{}}},"pendingPreKey":{"signedKeyId":1,"baseKey":"BazEhdNNcTEdzqLrflBGGaHKxJbqBteZfRN048T8/X84","preKeyId":11811899}}},"version":"v1"}