{"_sessions":{"BVg74GDjWsv7a1H6xsZ38RC0k4Ev+nh2XfKMFRre+fM3":{"registrationId":2013100592,"currentRatchet":{"ephemeralKeyPair":{"pubKey":"BX+wzyONeq0gkJmwCHgg/D05UP3KrDTdzfnevlr7G7Jc","privKey":"iHLhPDn6YYLnP5BXJP3NfFDlYUrFe+UvIPvi5aPRW1Q="},"lastRemoteEphemeralKey":"BRhpQ70JUFalizfaddQLG6uDPvpJP0ya7zLXGwVPWgsI","previousCounter":0,"rootKey":"7IOcikIn47KDV7hi+MEBMyaPrqSRjjj6DMA5buu5OTg="},"indexInfo":{"baseKey":"BVg74GDjWsv7a1H6xsZ38RC0k4Ev+nh2XfKMFRre+fM3","baseKeyType":1,"closed":-1,"used":1713363937404,"created":1713363937404,"remoteIdentityKey":"BXTnwSVsCkWiTgbbDVc4ezy1SUM2D0/4EqkpJ+va1VkH"},"_chains":{"BX+wzyONeq0gkJmwCHgg/D05UP3KrDTdzfnevlr7G7Jc":{"chainKey":{"counter":0,"key":"y3+eNAA+hYk/vaZOLHGKozGdFEFCpKYGfRzukUr3OtE="},"chainType":1,"messageKeys":{}}},"pendingPreKey":{"signedKeyId":1,"baseKey":"BVg74GDjWsv7a1H6xsZ38RC0k4Ev+nh2XfKMFRre+fM3","preKeyId":2539363}}},"version":"v1"}