{"_sessions":{"BRvUY1RNvAA8RHRUyd1WsPeYuk30m843e2j12AmQ1dol":{"registrationId":1179483110,"currentRatchet":{"ephemeralKeyPair":{"pubKey":"Be9oH0MiOFoVty2Wjc/3r1qsk3zFQLT+OvF2RI3mVPRj","privKey":"sKkLOYrvWhjb7Zm9wmxm+ur9bUmXqfZNxPZBTuzSjEw="},"lastRemoteEphemeralKey":"BQmI/sqxpfitVJRuE8zTPXK1WHcP69zJ2UYXkVodLjkR","previousCounter":0,"rootKey":"2ApPWR+leipRauTOdZ3KCP7lvOPXziDA1wmI0zxf2RU="},"indexInfo":{"baseKey":"BRvUY1RNvAA8RHRUyd1WsPeYuk30m843e2j12AmQ1dol","baseKeyType":1,"closed":-1,"used":1713363935885,"created":1713363935885,"remoteIdentityKey":"Bc9nHBj5xPYCa9VFfgCUqwMCXCz0GIOiHnCoURL4J3Vz"},"_chains":{"Be9oH0MiOFoVty2Wjc/3r1qsk3zFQLT+OvF2RI3mVPRj":{"chainKey":{"counter":0,"key":"cOSfv5xZnffXhjch9bM43OikpThMYUYeBCOjq/xIhzw="},"chainType":1,"messageKeys":{}}},"pendingPreKey":{"signedKeyId":1,"baseKey":"BRvUY1RNvAA8RHRUyd1WsPeYuk30m843e2j12AmQ1dol"}}},"version":"v1"}