{"_sessions":{"BWmh+khsZQApxl40y7NrHjHDcxLIt5yAYj857GgDynwJ":{"registrationId":344520549,"currentRatchet":{"ephemeralKeyPair":{"pubKey":"BTe07KRXb1g7SpRVHtQHcYx7TLKjz+Lhi65FnHzC4tFA","privKey":"6ACSvk6dQjVIvdfMLlkO0UQFT1NCRYOY/jTqRoOjuls="},"lastRemoteEphemeralKey":"BXaR/sqsiYks9YLoBmQzRIzDBtoySoqccP9J0zT6+p0z","previousCounter":0,"rootKey":"6knJflj+8nlL7dz6LnETRvYsn0NCPIgNWMs7t0Mj0Hg="},"indexInfo":{"baseKey":"BWmh+khsZQApxl40y7NrHjHDcxLIt5yAYj857GgDynwJ","baseKeyType":1,"closed":-1,"used":1713363936005,"created":1713363936005,"remoteIdentityKey":"BdGHn78s/KxBGBPmae/4YUkPoN7gdruiH8t7r42fBuNa"},"_chains":{"BTe07KRXb1g7SpRVHtQHcYx7TLKjz+Lhi65FnHzC4tFA":{"chainKey":{"counter":0,"key":"MklCpmnCiMNbykJQzZZSG9YayoXl9kKpVXoDLwHwGa4="},"chainType":1,"messageKeys":{}}},"pendingPreKey":{"signedKeyId":0,"baseKey":"BWmh+khsZQApxl40y7NrHjHDcxLIt5yAYj857GgDynwJ","preKeyId":8673440}}},"version":"v1"}