{"_sessions":{"BT8xwI03TfvwuWShQfQ/Du0qT60d201w8xNnO8xOVtdh":{"registrationId":1133160777,"currentRatchet":{"ephemeralKeyPair":{"pubKey":"BU13efJ9+F3VtcNj2oAjr9bp03GpvNlb2Vv4qwJZU/M8","privKey":"8Fz9Lp49Ft85W4SbvTt6IvcXpPw0QwIgDDDnTDoKnEk="},"lastRemoteEphemeralKey":"BXmkLxksvP6c8NGnodr7edw6Jz9CSxmMkcKe41wJLt5f","previousCounter":0,"rootKey":"ZC7XdZ/osfybiKzm1A7534tRYnnMhezSlCC/yXTq1Bw="},"indexInfo":{"baseKey":"BT8xwI03TfvwuWShQfQ/Du0qT60d201w8xNnO8xOVtdh","baseKeyType":1,"closed":-1,"used":1713363936507,"created":1713363936507,"remoteIdentityKey":"BUMse3YOfVuAj/RVe26wThEU6h7GFas1c5Ra7VUoF3Qc"},"_chains":{"BU13efJ9+F3VtcNj2oAjr9bp03GpvNlb2Vv4qwJZU/M8":{"chainKey":{"counter":0,"key":"8HZU0uvULaZJ6ez0fYr5YvmsvA6Q+lResKPjgI3dBQY="},"chainType":1,"messageKeys":{}}},"pendingPreKey":{"signedKeyId":1,"baseKey":"BT8xwI03TfvwuWShQfQ/Du0qT60d201w8xNnO8xOVtdh","preKeyId":10427954}}},"version":"v1"}