{"_sessions":{"BauUhqfQIiLx4ou9c/GaH7QWvNcyktAmAOPJYN+G2Uod":{"registrationId":761420392,"currentRatchet":{"ephemeralKeyPair":{"pubKey":"BcMcVszs23L9laI5Ii0cjuTGq+wVbYhKRnUSQNTaaVFZ","privKey":"kGSZ/bFEH676WNN8zyjOz0oEy09Vx9D3GGf/zGKnMG4="},"lastRemoteEphemeralKey":"BVGMASl0cG1jH2UOu9a2tqEE7VBOjjPzNAAfKJ86JJpA","previousCounter":0,"rootKey":"JetZPFCErFeXgrbRjdkuwBVSlfAujBzxk12JiOZg/Tg="},"indexInfo":{"baseKey":"BauUhqfQIiLx4ou9c/GaH7QWvNcyktAmAOPJYN+G2Uod","baseKeyType":1,"closed":-1,"used":1713363936834,"created":1713363936834,"remoteIdentityKey":"BcaHJVZu9EVJYfwNRVc8PXbvMS6m2b5vF1DesK4AqgZ3"},"_chains":{"BcMcVszs23L9laI5Ii0cjuTGq+wVbYhKRnUSQNTaaVFZ":{"chainKey":{"counter":0,"key":"c8agGMs1wuFcIiT7Wvi2z4njXBnUs/ezWRsHN9xbvjI="},"chainType":1,"messageKeys":{}}},"pendingPreKey":{"signedKeyId":2,"baseKey":"BauUhqfQIiLx4ou9c/GaH7QWvNcyktAmAOPJYN+G2Uod","preKeyId":717291}}},"version":"v1"}