{"_sessions":{"Bc9lmJRrhvlr04avGDrJNTXo3he6PiZNNo6ke0yTEqtI":{"registrationId":1086481130,"currentRatchet":{"ephemeralKeyPair":{"pubKey":"BQvp4V8L9XELAK80f9mvvdmHzJ6riG5mE1806rMCEh4U","privKey":"CCENQJ+glJUI8mbFsfQ6DOYCRCfe/4cV+ZmvsSsbKmc="},"lastRemoteEphemeralKey":"BcqHd4aKXVD5sYky1Zw8h8mhNd7/RbByowd8AAbdtCVJ","previousCounter":0,"rootKey":"H/77yc3h/THoFBIhXg1i1PZlE+gIG0umX/BwNO9ABQk="},"indexInfo":{"baseKey":"Bc9lmJRrhvlr04avGDrJNTXo3he6PiZNNo6ke0yTEqtI","baseKeyType":1,"closed":-1,"used":1713363935210,"created":1713363935210,"remoteIdentityKey":"BW4sVTRrwy6SPRLdRbWRTFkbG7kz0wCZrQFKLAidK4th"},"_chains":{"BQvp4V8L9XELAK80f9mvvdmHzJ6riG5mE1806rMCEh4U":{"chainKey":{"counter":0,"key":"4wcDrtGy62niFLncgzV76O2Z2BeAmoyGQtUm17x8xtI="},"chainType":1,"messageKeys":{}}},"pendingPreKey":{"signedKeyId":0,"baseKey":"Bc9lmJRrhvlr04avGDrJNTXo3he6PiZNNo6ke0yTEqtI"}}},"version":"v1"}