{"_sessions":{"BTER5ca9nX5cioau8ai4AdZFOEDw5TIEFIrHhrP5v6Zo":{"registrationId":1804170693,"currentRatchet":{"ephemeralKeyPair":{"pubKey":"BZ6+o2wWI1TfLRSNYWsTbcPPy6TTNs5lVU0z48Xd7tFk","privKey":"QACKBxEuy/bdKdcfi7L2ZzkI8ea/hCDDkwCm36/3SFA="},"lastRemoteEphemeralKey":"BaYuqJDs5xYaC3Hvpgv550Nw+icO8TFJcjjJAocZou0f","previousCounter":0,"rootKey":"i6ClHFA8YAO5pl0uGVG6vwFsm76RmvHyG0Yux4UV9XA="},"indexInfo":{"baseKey":"BTER5ca9nX5cioau8ai4AdZFOEDw5TIEFIrHhrP5v6Zo","baseKeyType":1,"closed":-1,"used":1713363936418,"created":1713363936418,"remoteIdentityKey":"BQqmhGVWGnmj1BuzBOlYNtFYTDaPA0vEU872G4ojF/hF"},"_chains":{"BZ6+o2wWI1TfLRSNYWsTbcPPy6TTNs5lVU0z48Xd7tFk":{"chainKey":{"counter":0,"key":"yzNAiLNBOJyDBeH6Na3K47gaDRZiMoZPPNi+qfvfFY4="},"chainType":1,"messageKeys":{}}},"pendingPreKey":{"signedKeyId":21,"baseKey":"BTER5ca9nX5cioau8ai4AdZFOEDw5TIEFIrHhrP5v6Zo","preKeyId":3386201}}},"version":"v1"}