{"_sessions":{"BSw/foYG67ikzwGtLzhcOfT1xRclv3ZSM6/eOOmFkmR3":{"registrationId":2011233896,"currentRatchet":{"ephemeralKeyPair":{"pubKey":"BS1440tdgo1f+ucqnqxZbDKw2eAvz+pRiL73i3nqV4hF","privKey":"6MHD8t0bPNNvO6c5qYhbMJUBipChLxnHiS7vW88WoGg="},"lastRemoteEphemeralKey":"BT2ovkGJIP2laVwtIUW4bb2M8k2pLRnaVQQAhP7delkn","previousCounter":0,"rootKey":"elK82J+mHy65f73IGijLNoAL9k7lG/mMyT7PXFWjm1k="},"indexInfo":{"baseKey":"BSw/foYG67ikzwGtLzhcOfT1xRclv3ZSM6/eOOmFkmR3","baseKeyType":1,"closed":-1,"used":1713363937321,"created":1713363937321,"remoteIdentityKey":"BeqwTyaamlPZkW/mqU7iVx/LvC0DYn+x+YIt8LsdIdwU"},"_chains":{"BS1440tdgo1f+ucqnqxZbDKw2eAvz+pRiL73i3nqV4hF":{"chainKey":{"counter":0,"key":"0wknZA4TpbkcZmpmZsFySUP08sKecdvFb+sZbkSmryE="},"chainType":1,"messageKeys":{}}},"pendingPreKey":{"signedKeyId":13080568,"baseKey":"BSw/foYG67ikzwGtLzhcOfT1xRclv3ZSM6/eOOmFkmR3","preKeyId":63562}}},"version":"v1"}