{"_sessions":{"BaeW/rky0K5Hx4dSylA5j7eJsRoPWGQ5sd6gB1MOmftY":{"registrationId":381607847,"currentRatchet":{"ephemeralKeyPair":{"pubKey":"BWi8nLx2maX20hINNyMvTwY+vj6MWRAQ6Fm0ezfkn6lc","privKey":"OE/2GL/ElgerRpNwx/oVooS0GqibGd5ey1Myyjt+AUA="},"lastRemoteEphemeralKey":"BXHSrxAFCCycgVTerE18Bd/0ti72nNzJ/+rUFoJpOE9u","previousCounter":0,"rootKey":"uA0YpdVtryMRhrc79v3ljvpKRq1PqLAVhC5m9+bWBY4="},"indexInfo":{"baseKey":"BaeW/rky0K5Hx4dSylA5j7eJsRoPWGQ5sd6gB1MOmftY","baseKeyType":1,"closed":-1,"used":1713363934729,"created":1713363934729,"remoteIdentityKey":"BeDSNPcaKiaEc1oZWzZ0D31pTnl6Z3DB2EwzsjS0S5kG"},"_chains":{"BWi8nLx2maX20hINNyMvTwY+vj6MWRAQ6Fm0ezfkn6lc":{"chainKey":{"counter":0,"key":"ssWeyo1UNUQuflEBQthAioQOQvENiBJTT+y5JurzZ2s="},"chainType":1,"messageKeys":{}}},"pendingPreKey":{"signedKeyId":1,"baseKey":"BaeW/rky0K5Hx4dSylA5j7eJsRoPWGQ5sd6gB1MOmftY"}}},"version":"v1"}