{"_sessions":{"BT5CISEgOngxa/Pgzqvc6CN1kexSVJaO+S/xHpZOL44G":{"registrationId":2058451717,"currentRatchet":{"ephemeralKeyPair":{"pubKey":"Bfd3a7T9k2uQ16UHZxhOEx+kQkHNjzlHvZ1iEysSDzQw","privKey":"eCxSlSxj2BmG7FB0OoXB+/o/zE7UuqwGRy4l23/rKEY="},"lastRemoteEphemeralKey":"BQBomgkwiNvZIVh3LkhQYLTVcT+PMlWiMaqnU1BTAxEE","previousCounter":0,"rootKey":"8BC+DT6P9X3X0vZMYdFq1wjO4/5YFuKO4BD2TrbI3T8="},"indexInfo":{"baseKey":"BT5CISEgOngxa/Pgzqvc6CN1kexSVJaO+S/xHpZOL44G","baseKeyType":1,"closed":-1,"used":1713363937233,"created":1713363937233,"remoteIdentityKey":"BdF1UZl0tp1GwzHDa2jjFiCJV4LPKWOjB/Ifsg+jMOkP"},"_chains":{"Bfd3a7T9k2uQ16UHZxhOEx+kQkHNjzlHvZ1iEysSDzQw":{"chainKey":{"counter":0,"key":"E66F94UKO933lKoBovGcUyRdSOBJyAvtbfXApmx8xi0="},"chainType":1,"messageKeys":{}}},"pendingPreKey":{"signedKeyId":1,"baseKey":"BT5CISEgOngxa/Pgzqvc6CN1kexSVJaO+S/xHpZOL44G","preKeyId":16285401}}},"version":"v1"}