{"_sessions":{"BZZHAPLWvkqQoLAvUhNF0L2L0vzsM2YASGFvEcUru9wm":{"registrationId":1945356918,"currentRatchet":{"ephemeralKeyPair":{"pubKey":"BXj7xF+bE0jago445eOVrSIAfU3oNdEdH/aptHGsr/R5","privKey":"wPLum8D5xq7FIbi970fBVyvDBh/4VhSWB7mmc8G5IEo="},"lastRemoteEphemeralKey":"BVCWntrnvMDkL0Eq/2Ho8V0bAGCkrgduRFE1vew6jhAy","previousCounter":0,"rootKey":"R2qZVO8MCFCqyIeAhRSkYulkTbTjk1kpw7Z3KUj+K7E="},"indexInfo":{"baseKey":"BZZHAPLWvkqQoLAvUhNF0L2L0vzsM2YASGFvEcUru9wm","baseKeyType":1,"closed":-1,"used":1713363935832,"created":1713363935832,"remoteIdentityKey":"BTFf7V9ikU+dSqi69DkVCzUP7FoHNXiKG+r8sb4YJwVo"},"_chains":{"BXj7xF+bE0jago445eOVrSIAfU3oNdEdH/aptHGsr/R5":{"chainKey":{"counter":0,"key":"dELcdOBqeecViSvBcAMqDA2I9idjG5HaXrpfUWSqnGM="},"chainType":1,"messageKeys":{}}},"pendingPreKey":{"signedKeyId":1,"baseKey":"BZZHAPLWvkqQoLAvUhNF0L2L0vzsM2YASGFvEcUru9wm","preKeyId":5620359}}},"version":"v1"}