{"_sessions":{"BXjBtxFuY4b1QyrIiU55+IidBZTJJ9mjU/Itr+Xu2mYF":{"registrationId":218,"currentRatchet":{"ephemeralKeyPair":{"pubKey":"BT6qO565PeUrwTxO0vy0fE6+T4XMWFCjFNeVVZBs0QhQ","privKey":"IClzjWlGMicysXxVZXkJYGjAbG6fgNrztRSCfQw4nl8="},"lastRemoteEphemeralKey":"BfgH+Fe892TTjpJwM3IF3OEYhH8IIgYFen5Bw/QNF5sm","previousCounter":0,"rootKey":"DRrenVEVuUMLoN6F4b+oLZRPRKzabO3WgTljSZe41ok="},"indexInfo":{"baseKey":"BXjBtxFuY4b1QyrIiU55+IidBZTJJ9mjU/Itr+Xu2mYF","baseKeyType":1,"closed":-1,"used":1713363934601,"created":1713363934601,"remoteIdentityKey":"Bc3wevSVePLvg6vDLQX4FenFdU6pjA4/l+Ik5o8Dfapa"},"_chains":{"BT6qO565PeUrwTxO0vy0fE6+T4XMWFCjFNeVVZBs0QhQ":{"chainKey":{"counter":0,"key":"w0x1Od6AuyfjIEkRXNnIP5oDubN2NOeqaY9oJurnALY="},"chainType":1,"messageKeys":{}}},"pendingPreKey":{"signedKeyId":1,"baseKey":"BXjBtxFuY4b1QyrIiU55+IidBZTJJ9mjU/Itr+Xu2mYF"}}},"version":"v1"}