{"_sessions":{"BQQS9iJdKGZcv0useRpJB03OCdH0mAK6wJk93BbZkBAL":{"registrationId":2068883035,"currentRatchet":{"ephemeralKeyPair":{"pubKey":"BfN6upXCT+sS8YsAAOwcl3AzCYZGeUbaRSo5hagyqMgb","privKey":"0KYFNPu9yPstFVbdkBWN0OzQmJojaQ/58WhzJ6K6l20="},"lastRemoteEphemeralKey":"BcgWOrKcoRYYHYqWfGGIdOuWb/aldjh2ogPtd2FYp/0v","previousCounter":0,"rootKey":"KkMxyDanPOakhh6H3YMDQ6A+FS+1rzts1UVJwsHmg48="},"indexInfo":{"baseKey":"BQQS9iJdKGZcv0useRpJB03OCdH0mAK6wJk93BbZkBAL","baseKeyType":1,"closed":-1,"used":1713363936227,"created":1713363936227,"remoteIdentityKey":"BSCn1P3dfJ1IXN5HZVbIZ3Tl/z0VLuwQRAiSfC7NqHx4"},"_chains":{"BfN6upXCT+sS8YsAAOwcl3AzCYZGeUbaRSo5hagyqMgb":{"chainKey":{"counter":0,"key":"Fdy2S0eYxYyINlO+OlCP9JCPQWtAA6gKi50fzshEFus="},"chainType":1,"messageKeys":{}}},"pendingPreKey":{"signedKeyId":17,"baseKey":"BQQS9iJdKGZcv0useRpJB03OCdH0mAK6wJk93BbZkBAL","preKeyId":2773959}}},"version":"v1"}