{"_sessions":{"BU3MMOipS2OPa++EK7WAR122ekqjXKrlOL6rP2OJ8hkQ":{"registrationId":972557029,"currentRatchet":{"ephemeralKeyPair":{"pubKey":"BVwlxwz4MYWzRoevfSlK8ouf5fOq+4GWWKPpDHJ6mvcu","privKey":"GHI8zenybIE3U8Ag5jIHNXhJihBmotT3BuCbvsBWJ30="},"lastRemoteEphemeralKey":"BUVrU62SSvqMDOFhNovdlIHWs5Nkp1NR6wIUN+OY8AUW","previousCounter":0,"rootKey":"/wvvbp4T4qd6xVg85vIJcbnaIWzxQrcjPgZiWilsb9s="},"indexInfo":{"baseKey":"BU3MMOipS2OPa++EK7WAR122ekqjXKrlOL6rP2OJ8hkQ","baseKeyType":1,"closed":-1,"used":1713363936522,"created":1713363936522,"remoteIdentityKey":"BXTocrT45ZuJw2N32Fh1TQPD0PXcFcJZu2iZ080bF2Y7"},"_chains":{"BVwlxwz4MYWzRoevfSlK8ouf5fOq+4GWWKPpDHJ6mvcu":{"chainKey":{"counter":0,"key":"M4g3MApJuTDsHY8avMmtYwvGpOVkUM9OpN1Za2BXxLc="},"chainType":1,"messageKeys":{}}},"pendingPreKey":{"signedKeyId":0,"baseKey":"BU3MMOipS2OPa++EK7WAR122ekqjXKrlOL6rP2OJ8hkQ"}}},"version":"v1"}