{"_sessions":{"BfQKBn8D/TO4gntnNg2xLFxVIJ2zWN3Kih28wpWWsYB/":{"registrationId":775313118,"currentRatchet":{"ephemeralKeyPair":{"pubKey":"BaJKTvBfaQCugKi5Kzj7fE9YKRbH9yA4S3enD/D6AKFX","privKey":"GMzv6SUWFCnobKb5dY4q2vydnJhq9qZR31/AIJME92k="},"lastRemoteEphemeralKey":"BawnOA3qUX6kwMKvgDSz3hccbg7eOugRVToZ6m0atFkp","previousCounter":0,"rootKey":"sfa9GbGbty+/DpN/fqpiWizayscBhAJFdxE4ByK9QVQ="},"indexInfo":{"baseKey":"BfQKBn8D/TO4gntnNg2xLFxVIJ2zWN3Kih28wpWWsYB/","baseKeyType":1,"closed":-1,"used":1713363936297,"created":1713363936297,"remoteIdentityKey":"BRYx/cYaTIKLAqHMLKoHeaxfwDOHqck7SYkuH7PpKqkl"},"_chains":{"BaJKTvBfaQCugKi5Kzj7fE9YKRbH9yA4S3enD/D6AKFX":{"chainKey":{"counter":0,"key":"NYKkwWKVxo06cqwNzwJlDK1GX47eMb9F2/P1yYLIeMs="},"chainType":1,"messageKeys":{}}},"pendingPreKey":{"signedKeyId":1,"baseKey":"BfQKBn8D/TO4gntnNg2xLFxVIJ2zWN3Kih28wpWWsYB/"}}},"version":"v1"}