{"_sessions":{"BQPVxSyUsCIPEFvzh5KKlYsMGajrcOjicwdFjMlxvYJc":{"registrationId":742945515,"currentRatchet":{"ephemeralKeyPair":{"pubKey":"BdA7UUDY19FQJYK2j9SPUTO10wWOjHlYbi2IT74lwHh8","privKey":"gK9h+u26JSbRqj9Z/4EVrWQIg7OYZ7neHLIMgjKbans="},"lastRemoteEphemeralKey":"BQq7i4FYXnydyEL6eHCviZslYsDTUmiGxuvZ1QTiVuIW","previousCounter":0,"rootKey":"I9KtZ/Tgurp8ns2mjMwk5VQ3nE2C7W7QPxeJA/8Sl8c="},"indexInfo":{"baseKey":"BQPVxSyUsCIPEFvzh5KKlYsMGajrcOjicwdFjMlxvYJc","baseKeyType":1,"closed":-1,"used":1713363936802,"created":1713363936802,"remoteIdentityKey":"Bc+BWWs0cr33WwV/dYf/GZQGQXrLL/CsFs6EuwTYHhA0"},"_chains":{"BdA7UUDY19FQJYK2j9SPUTO10wWOjHlYbi2IT74lwHh8":{"chainKey":{"counter":0,"key":"atR/z3+gLjnY4ytInyFTHigvZTltttVGzOqMldm6GBQ="},"chainType":1,"messageKeys":{}}},"pendingPreKey":{"signedKeyId":0,"baseKey":"BQPVxSyUsCIPEFvzh5KKlYsMGajrcOjicwdFjMlxvYJc","preKeyId":7549374}}},"version":"v1"}