{"_sessions":{"BdO1ZmXyqqb4XMF9b9lhnKi8PMcMgD3TMKiDAZq9FuhX":{"registrationId":1760534485,"currentRatchet":{"ephemeralKeyPair":{"pubKey":"BSjdWiMqTe4LPlFx07ozE6WUg9njttL8/zxczyziy8d+","privKey":"OIxh8i+bOyH/lgkkOqXynSNCFHMIqlqe7JzFJZLqH3M="},"lastRemoteEphemeralKey":"BeZMHG4bpmGgWiBh48azyBGbN3fJFbdk3fr502mTSR4n","previousCounter":0,"rootKey":"JzLAu94Wvf5s11OvaLKhy1SBzM2PGgAl2ogvn8Dqy8M="},"indexInfo":{"baseKey":"BdO1ZmXyqqb4XMF9b9lhnKi8PMcMgD3TMKiDAZq9FuhX","baseKeyType":1,"closed":-1,"used":1713363935726,"created":1713363935726,"remoteIdentityKey":"BSr17V2znYezrNbGFaqvG5Cb4CYndOtfPIb9VGnJIrpR"},"_chains":{"BSjdWiMqTe4LPlFx07ozE6WUg9njttL8/zxczyziy8d+":{"chainKey":{"counter":0,"key":"4gYoajuPb3/LXMIW2u7ZzWI+TNsaWmdwocK4HV4kCPU="},"chainType":1,"messageKeys":{}}},"pendingPreKey":{"signedKeyId":0,"baseKey":"BdO1ZmXyqqb4XMF9b9lhnKi8PMcMgD3TMKiDAZq9FuhX","preKeyId":13354045}}},"version":"v1"}