{"_sessions":{"BZ0va6rjizzkfptWCqGoKffsYJlAq080necmmG0aweAw":{"registrationId":3082,"currentRatchet":{"ephemeralKeyPair":{"pubKey":"BYrIkgfZph9KrxIX/QGkVtJifrKLXwMssy0aSZMBv7gc","privKey":"iIoNmum3tQw1rze1vBv+PKNFAr8Kz16epiryOfx9/GM="},"lastRemoteEphemeralKey":"BRbp1/ya/ICg+ouprmO/si/NTfgYgtf7PdLbIZJlHYkj","previousCounter":0,"rootKey":"XK4vZuXafJS2nGucpAKsKMUKDRqz1i2tVppwLpTPPZI="},"indexInfo":{"baseKey":"BZ0va6rjizzkfptWCqGoKffsYJlAq080necmmG0aweAw","baseKeyType":1,"closed":-1,"used":1713363934913,"created":1713363934913,"remoteIdentityKey":"BSbmRcgTkPN+7wIbG8Qx7OZ9dcElHbm+gUnBNbu/CVA/"},"_chains":{"BYrIkgfZph9KrxIX/QGkVtJifrKLXwMssy0aSZMBv7gc":{"chainKey":{"counter":0,"key":"hTQbU53UPMJgsTKImeE+p1GpsAYUeGfO/x/ajrRq9Ro="},"chainType":1,"messageKeys":{}}},"pendingPreKey":{"signedKeyId":1,"baseKey":"BZ0va6rjizzkfptWCqGoKffsYJlAq080necmmG0aweAw","preKeyId":1145}}},"version":"v1"}