{"_sessions":{"BYQHUCd37JLNCTMuRagISwWuzzRKYXIrl2Q8VOJHT7h1":{"registrationId":1169996452,"currentRatchet":{"ephemeralKeyPair":{"pubKey":"BTd5aoI+PJGt4VflulZRl1xirDd4Ly2RqKGTn3QYweRU","privKey":"SEbNP3wWUslrHh7FDputgc0Cf/UZ2BYlHf/28ABEgHo="},"lastRemoteEphemeralKey":"BSq6+6PRPKkzHWpoJEhuyafwqkr0xPTRp3kGI3AZVBUk","previousCounter":0,"rootKey":"zUxKb5whVz3JEhK3cfPY4M1IHky8ftqWheH2C7LPE00="},"indexInfo":{"baseKey":"BYQHUCd37JLNCTMuRagISwWuzzRKYXIrl2Q8VOJHT7h1","baseKeyType":1,"closed":-1,"used":1713363936797,"created":1713363936797,"remoteIdentityKey":"BU+suu13Y0MJAJlllVd19NhTmyEaaf+x1ZIRS/NZUF4x"},"_chains":{"BTd5aoI+PJGt4VflulZRl1xirDd4Ly2RqKGTn3QYweRU":{"chainKey":{"counter":0,"key":"Ultm4m1YB/vpj+6Sm9L8yJUK4ksUoWy8+EqmQG1EtPo="},"chainType":1,"messageKeys":{}}},"pendingPreKey":{"signedKeyId":0,"baseKey":"BYQHUCd37JLNCTMuRagISwWuzzRKYXIrl2Q8VOJHT7h1","preKeyId":14482805}}},"version":"v1"}