{"_sessions":{"BWGsyISQwYFU0RNtxG4YkTDDXUI4WxCrwnPs+7G19DYn":{"registrationId":247,"currentRatchet":{"ephemeralKeyPair":{"pubKey":"BQNx0DZrXSuJTXnS7v1CdcN5RMYGlS7XW62EoofobCYU","privKey":"iAlrzlTXOnbfr2xtNIQ8ifEvq5LQ4xigoK19DbAp+l8="},"lastRemoteEphemeralKey":"BbK588IKtrQg8IC+Z020CLim/sbdEetpFkNqogciXkQI","previousCounter":0,"rootKey":"DOlgA3VlNH20bm7gmQiQnu2Xs1gOS1kOVje+P/F+VW4="},"indexInfo":{"baseKey":"BWGsyISQwYFU0RNtxG4YkTDDXUI4WxCrwnPs+7G19DYn","baseKeyType":1,"closed":-1,"used":1713363934881,"created":1713363934881,"remoteIdentityKey":"Bfn9/KxUs1r1FggJLcAsXjL2jlRQcD9vjd9apKhD/7sj"},"_chains":{"BQNx0DZrXSuJTXnS7v1CdcN5RMYGlS7XW62EoofobCYU":{"chainKey":{"counter":0,"key":"CiDZ9uvcvTzUKMUtq0oMLNgEEoasTMeKwAQ7UTWZyVM="},"chainType":1,"messageKeys":{}}},"pendingPreKey":{"signedKeyId":1,"baseKey":"BWGsyISQwYFU0RNtxG4YkTDDXUI4WxCrwnPs+7G19DYn"}}},"version":"v1"}