{"_sessions":{"Bf22evdFcKYG0wHVYmTmjkWoQCkTJ/m4x7Y5kNRArRoZ":{"registrationId":23390657,"currentRatchet":{"ephemeralKeyPair":{"pubKey":"BRmRzHjuZD2BnJvV2v5Gtraq3e50Oi4dCwI/XMbdvnEH","privKey":"CJx6auSX4MsatdvdgGfjErvAj7LikXdVFPKcLMm1jEA="},"lastRemoteEphemeralKey":"BW7qxm2kZbdB8TLGLoNuEU2i3sfAc5MJmLCHRAeI4uYn","previousCounter":0,"rootKey":"R/4XKxKmoJhrvxwGz0JwLnA/4n8nctOJcVab8mEUH9Q="},"indexInfo":{"baseKey":"Bf22evdFcKYG0wHVYmTmjkWoQCkTJ/m4x7Y5kNRArRoZ","baseKeyType":1,"closed":-1,"used":1713363936602,"created":1713363936602,"remoteIdentityKey":"BRo1e91inqBNV1dcrnAq/9IWl2wWO8RK74BYBk/14MVc"},"_chains":{"BRmRzHjuZD2BnJvV2v5Gtraq3e50Oi4dCwI/XMbdvnEH":{"chainKey":{"counter":0,"key":"l4DEcZExkOeEUg5/c5EPuEwt2M9Y0SEeI2KrJ4nht4o="},"chainType":1,"messageKeys":{}}},"pendingPreKey":{"signedKeyId":8,"baseKey":"Bf22evdFcKYG0wHVYmTmjkWoQCkTJ/m4x7Y5kNRArRoZ","preKeyId":2892117}}},"version":"v1"}