{"_sessions":{"BTpeMt0kOJBIGBStaa16U8y0l9t+SomiK/z+0C92zH19":{"registrationId":159,"currentRatchet":{"ephemeralKeyPair":{"pubKey":"BdzIO1xFxjiTj7eeOX7o1LJL+s/JZAuaHyXxpk/qmoIr","privKey":"wBJchTs4zArpeIaLGEOibZ7oRqKltEF8d8jjCqUuE1w="},"lastRemoteEphemeralKey":"BW1Fk6A2O+W1CtyTPJ0WfxzYUqUJ6m47K5T/AuNCSQsJ","previousCounter":0,"rootKey":"Ts9hteV7G7qZqMaJQeerBSebjbRrR+g8/idAu3uNLAk="},"indexInfo":{"baseKey":"BTpeMt0kOJBIGBStaa16U8y0l9t+SomiK/z+0C92zH19","baseKeyType":1,"closed":-1,"used":1713363934415,"created":1713363934415,"remoteIdentityKey":"BRaXNdR2dSA79HlythCdX8xUnGfZKtVtcEI+Puv2EOUk"},"_chains":{"BdzIO1xFxjiTj7eeOX7o1LJL+s/JZAuaHyXxpk/qmoIr":{"chainKey":{"counter":0,"key":"gTijCjC5bHw5Qu9QMDlMAfrjvJaF6mBx1vH0ze6bgro="},"chainType":1,"messageKeys":{}}},"pendingPreKey":{"signedKeyId":1,"baseKey":"BTpeMt0kOJBIGBStaa16U8y0l9t+SomiK/z+0C92zH19"}}},"version":"v1"}