{"_sessions":{"BY8JIKY2qbT3o/ydVGB6L0kATV480jKYWHL5/2UfKpts":{"registrationId":1573,"currentRatchet":{"ephemeralKeyPair":{"pubKey":"BYI/s86EEwFLb61zbv34Vy1b9Z3Iiy8fPkZuhqvX3vYh","privKey":"sNhX64lVMPNQFIkocLOsmCUw2GJ9h6WuAZ/9H4sFsFQ="},"lastRemoteEphemeralKey":"BTxmFuItXyreg3CREOgfQ6xk/Zl96pJD5mQ3bebCLZkd","previousCounter":0,"rootKey":"qmrZIrsKQrFtXXpPX55zzKGvveGM/aLmpHEeA31LoWU="},"indexInfo":{"baseKey":"BY8JIKY2qbT3o/ydVGB6L0kATV480jKYWHL5/2UfKpts","baseKeyType":1,"closed":-1,"used":1713363934681,"created":1713363934681,"remoteIdentityKey":"BeE6st154wbdz6wc0Snfv0pogurK5AU06CrI/ipOkJlt"},"_chains":{"BYI/s86EEwFLb61zbv34Vy1b9Z3Iiy8fPkZuhqvX3vYh":{"chainKey":{"counter":0,"key":"GtPQMAHQpfPVO2Yq1ud7BziU1wb+B8+9+2nOIf80kHo="},"chainType":1,"messageKeys":{}}},"pendingPreKey":{"signedKeyId":1,"baseKey":"BY8JIKY2qbT3o/ydVGB6L0kATV480jKYWHL5/2UfKpts","preKeyId":1061}}},"version":"v1"}