{"_sessions":{"BdoL0TPy50CV9qwqLTD5dokmH9xf4V7eqQn40+Upmds0":{"registrationId":951185365,"currentRatchet":{"ephemeralKeyPair":{"pubKey":"BSOR0yCPWBLymiu938xQxoSJMY1oJwmyjykyS+xw/g9k","privKey":"sLpzpO7wPDTfIZGAV8pGkWIJxF4U0V/Lckz1pXq0Lm8="},"lastRemoteEphemeralKey":"BXcpWXZY6GpIjhO98KFm6xYhS74Ep56D7I/8eI5vagtQ","previousCounter":0,"rootKey":"K9BvbAfM59tERTMRVnK9RrlLo2wixyFflbO5NDo88vo="},"indexInfo":{"baseKey":"BdoL0TPy50CV9qwqLTD5dokmH9xf4V7eqQn40+Upmds0","baseKeyType":1,"closed":-1,"used":1713363937423,"created":1713363937423,"remoteIdentityKey":"BccrFh0H5hzzKgIL1yp4ioEPWpMwP6ZWk2OCtQTc5L8C"},"_chains":{"BSOR0yCPWBLymiu938xQxoSJMY1oJwmyjykyS+xw/g9k":{"chainKey":{"counter":0,"key":"85f+G4ZeFnfQqrznirVinUZeTuPGRFeMSISEfDqZe/g="},"chainType":1,"messageKeys":{}}},"pendingPreKey":{"signedKeyId":1,"baseKey":"BdoL0TPy50CV9qwqLTD5dokmH9xf4V7eqQn40+Upmds0","preKeyId":8696627}}},"version":"v1"}