{"_sessions":{"BQrE5PG9D8S7SLU8kKu0N4GwuCIBkUhg3HcxfMisOLBZ":{"registrationId":172,"currentRatchet":{"ephemeralKeyPair":{"pubKey":"BfEZda8O3lqwIoU6lFowpGkvi+z3tSWDp6zhZtMMOgES","privKey":"4Pz9MyZumzbhuHG86RAX3MVLbWH/2pqJmog0kGCPQG8="},"lastRemoteEphemeralKey":"Beppgo6j+CncFyfNHiVtjE7sCiCqMpXa6kpt3wNCIV9J","previousCounter":0,"rootKey":"VqywIDo4IEqk1uCVnQClCim1CA/8LbzQIapluPuq4qw="},"indexInfo":{"baseKey":"BQrE5PG9D8S7SLU8kKu0N4GwuCIBkUhg3HcxfMisOLBZ","baseKeyType":1,"closed":-1,"used":1713363934980,"created":1713363934980,"remoteIdentityKey":"BQmX6XWfXFWDtj+C4V8EBOJe4rjohdb/xNDurI+4Z+pH"},"_chains":{"BfEZda8O3lqwIoU6lFowpGkvi+z3tSWDp6zhZtMMOgES":{"chainKey":{"counter":0,"key":"snB1JNT6CZd4MuQSHmd9n/53/ddaiy/q3Eft3+OZukM="},"chainType":1,"messageKeys":{}}},"pendingPreKey":{"signedKeyId":1,"baseKey":"BQrE5PG9D8S7SLU8kKu0N4GwuCIBkUhg3HcxfMisOLBZ"}}},"version":"v1"}