{"_sessions":{"BeQKdWNx5aS9DAcLGpZf4o9+k9Qjn25uKqpEr4GAo2JW":{"registrationId":996957260,"currentRatchet":{"ephemeralKeyPair":{"pubKey":"BUQd9YBZrM7U0zA3Ssd7w9BCDYmB/Gjw+ofzZlf8b6gM","privKey":"kLAKLqcmW5A32nXJZbNYdrh5b7csXb4/aL2vlyZHa1o="},"lastRemoteEphemeralKey":"BS1NJGwcQHXRjxxsrSpWRCpk4FCOTdBJ30Gu8PlmZSde","previousCounter":0,"rootKey":"caAVlkY/7OCicghlEsl0173ypptBBxH960x678uDpYA="},"indexInfo":{"baseKey":"BeQKdWNx5aS9DAcLGpZf4o9+k9Qjn25uKqpEr4GAo2JW","baseKeyType":1,"closed":-1,"used":1713369988234,"created":1713363936822,"remoteIdentityKey":"BRxaQulmpvWyTzDOVFT9vZGhnINM+G44kP9CMZ8Kp8po"},"_chains":{"BS1NJGwcQHXRjxxsrSpWRCpk4FCOTdBJ30Gu8PlmZSde":{"chainKey":{"counter":0,"key":"C2twFKkA6pUyfmU4G7eLDcrPyKPkcfgVhY0e8b3iBi8="},"chainType":2,"messageKeys":{}},"BUQd9YBZrM7U0zA3Ssd7w9BCDYmB/Gjw+ofzZlf8b6gM":{"chainKey":{"counter":-1,"key":"arqKK8cIIEiVd5WN5/zkXgXuv7lHmzTkWzTZlYOYvz8="},"chainType":1,"messageKeys":{}}}}},"version":"v1"}