{"_sessions":{"BRbjvQzlWBbVTaYukeo94tDisshnx3az4FoyGXh4VyFP":{"registrationId":960443150,"currentRatchet":{"ephemeralKeyPair":{"pubKey":"BSdiIEadJh6cojPorXsQkjUS32Mk7hnTSZOo1ISBR55C","privKey":"CMyHBQIbkZsHK1ropkP+DD4mEXft3XgCJbOuF1000HI="},"lastRemoteEphemeralKey":"BUYR+jzLDOkWoBICx3gjjwudQKyPYjR9Q1QTRF5ILqhw","previousCounter":0,"rootKey":"K52T/FKA2YWefWOXl3DWqLIiibhmGUhdtAc1noQMhrs="},"indexInfo":{"baseKey":"BRbjvQzlWBbVTaYukeo94tDisshnx3az4FoyGXh4VyFP","baseKeyType":1,"closed":-1,"used":1713363936077,"created":1713363936077,"remoteIdentityKey":"BZaiWzK3ztscqOSLV/vz7bf3vnG6V4mTOj2oGL3u2KI/"},"_chains":{"BSdiIEadJh6cojPorXsQkjUS32Mk7hnTSZOo1ISBR55C":{"chainKey":{"counter":0,"key":"8B7JhoAlPjpAkXW7N7DJ6B7BFzXUmhmNeFn+qfe68tM="},"chainType":1,"messageKeys":{}}},"pendingPreKey":{"signedKeyId":1,"baseKey":"BRbjvQzlWBbVTaYukeo94tDisshnx3az4FoyGXh4VyFP","preKeyId":11990952}}},"version":"v1"}