{"_sessions":{"BQBHuACmHUs0M3hDmwpA8i+R6x3J+X8Kv+eeqiZdGE4y":{"registrationId":443189960,"currentRatchet":{"ephemeralKeyPair":{"pubKey":"BWrzO0JnN2WcZKj2XutAXAzPXJysBs60UD0wSZ62xK8L","privKey":"0EDH2MMnC2lZf29jmMY7bGZ5RUHe7yUYib2X81hc9l4="},"lastRemoteEphemeralKey":"Be/H0/Aqtvxxvh0Kjat3QqNBbjrbuMtHd0GuzKeqV2pT","previousCounter":0,"rootKey":"SPtpQONeeB8V0BIInMUPQ5Q696WuMUM46XRcKW8KKgc="},"indexInfo":{"baseKey":"BQBHuACmHUs0M3hDmwpA8i+R6x3J+X8Kv+eeqiZdGE4y","baseKeyType":1,"closed":-1,"used":1713363934814,"created":1713363934814,"remoteIdentityKey":"BXINpT7wL1ND+r/RjTNsi/23jCpIFsA3ASRiTg2cum53"},"_chains":{"BWrzO0JnN2WcZKj2XutAXAzPXJysBs60UD0wSZ62xK8L":{"chainKey":{"counter":0,"key":"Mp6anYKTnBfFGn4Awd+EmeFvK/HWyRIQ18rKSb3jjFc="},"chainType":1,"messageKeys":{}}},"pendingPreKey":{"signedKeyId":0,"baseKey":"BQBHuACmHUs0M3hDmwpA8i+R6x3J+X8Kv+eeqiZdGE4y","preKeyId":8613019}}},"version":"v1"}