{"_sessions":{"BXjlCrZFzDP0N8zSQuzsFx91t7+jl1TmgCRnUdB2DAM/":{"registrationId":1482061321,"currentRatchet":{"ephemeralKeyPair":{"pubKey":"BT908i9Uy/jYwhcaKHgoEWefmZqqV5yBsmLlNRRncPV+","privKey":"AB0G5mfwpCYU4VNLZjDaLj2lpGiWoDR1EpC2bFp10X8="},"lastRemoteEphemeralKey":"Bcdw9Kj3WfS9LCg79mkshk+fH+g6kjRECcNaUIuT/7oA","previousCounter":0,"rootKey":"e+za+acmB2x+RY7R2+XYd0/OjmlwNCMz3mn+gMKZLWo="},"indexInfo":{"baseKey":"BXjlCrZFzDP0N8zSQuzsFx91t7+jl1TmgCRnUdB2DAM/","baseKeyType":1,"closed":-1,"used":1713118110711,"created":1713118110711,"remoteIdentityKey":"BfQtlMOTTeINMeucTOlhjNH/8tWVh2tboEOn2vDde8N/"},"_chains":{"BT908i9Uy/jYwhcaKHgoEWefmZqqV5yBsmLlNRRncPV+":{"chainKey":{"counter":0,"key":"BM03wFcI+EhxWsDJTIWWXAasSYgeSJyHQU7KlwshDBA="},"chainType":1,"messageKeys":{}}},"pendingPreKey":{"signedKeyId":3900376,"baseKey":"BXjlCrZFzDP0N8zSQuzsFx91t7+jl1TmgCRnUdB2DAM/","preKeyId":387}}},"version":"v1"}