{"_sessions":{"BTw9FvByh/1hySHlm3uS+62N/kJKrgJKLQZE/RX7f9dP":{"registrationId":13567,"currentRatchet":{"ephemeralKeyPair":{"pubKey":"Baonwhte3x7klUTk8eTOLtHl3Rbhm6roPI4Is9lvdsI4","privKey":"+LGwdbhbV1laz03vWSi15CDoc6UpYZBt6cFDORlzcWI="},"lastRemoteEphemeralKey":"BXNeF0UxU2JwDKBgHYcMBhQCZfLFPj9ZVj8emtdkBe5V","previousCounter":0,"rootKey":"CZuqlDi4S6IoCo4NwZ9Fn8rU1iuzYqlp5ReZGnnPDQE="},"indexInfo":{"baseKey":"BTw9FvByh/1hySHlm3uS+62N/kJKrgJKLQZE/RX7f9dP","baseKeyType":1,"closed":-1,"used":1713363934519,"created":1713363934519,"remoteIdentityKey":"Bf5JSvNxRmIkCTUFBhIijR/ACpPyb/r51ZZz8HFSE9EU"},"_chains":{"Baonwhte3x7klUTk8eTOLtHl3Rbhm6roPI4Is9lvdsI4":{"chainKey":{"counter":0,"key":"d+tJTM4XMbeNUDXImr7bQLvT5qdtW4dKuS7LxoRW+WI="},"chainType":1,"messageKeys":{}}},"pendingPreKey":{"signedKeyId":1,"baseKey":"BTw9FvByh/1hySHlm3uS+62N/kJKrgJKLQZE/RX7f9dP"}}},"version":"v1"}