{"_sessions":{"Be/LPqJPVRCLs7lwkL1if1AaydQmBPjbqgnt5ggU+pVX":{"registrationId":257806767,"currentRatchet":{"ephemeralKeyPair":{"pubKey":"BUXm2QKtLOhcQ4E/ZdEzpIOrMxBykyl3+Y0tOCMmIzUO","privKey":"6FChlxEM6JZzWz837mcSiIdLhBZQ3L9X21P+AgmBDW0="},"lastRemoteEphemeralKey":"BUQ6nd35qPFM38oG0zlP5xIcYNVibh71bUPtT54qy78W","previousCounter":0,"rootKey":"+VEQN4bT80yfp58eO6s4lpqDuVovFe0j8tgqSVvUlnA="},"indexInfo":{"baseKey":"Be/LPqJPVRCLs7lwkL1if1AaydQmBPjbqgnt5ggU+pVX","baseKeyType":1,"closed":-1,"used":1713363937308,"created":1713363937308,"remoteIdentityKey":"BQ3JRMi+5pM28miNWuLtb226uSQChScQr8ACxzwAPacx"},"_chains":{"BUXm2QKtLOhcQ4E/ZdEzpIOrMxBykyl3+Y0tOCMmIzUO":{"chainKey":{"counter":0,"key":"yfPFuN3km1SFASZ+oxg9VfVVb8GncOJFybDd3ww9Efs="},"chainType":1,"messageKeys":{}}},"pendingPreKey":{"signedKeyId":1,"baseKey":"Be/LPqJPVRCLs7lwkL1if1AaydQmBPjbqgnt5ggU+pVX"}}},"version":"v1"}