{"_sessions":{"BbCmuT7kaXbEL+EXR/QszBYgnph5mQU18DbzHB8OvW8M":{"registrationId":915371822,"currentRatchet":{"ephemeralKeyPair":{"pubKey":"BfaBycWPKqrW6uwMZwq7Q5LdMDvU+uBit8v0fWxS7Cxm","privKey":"mK8BFK1o8wZao3AggWcieIe/BSM4Ce2NVTlfrXCwx14="},"lastRemoteEphemeralKey":"BZ0Kbo9rteqGf6SuuvwjkFzZ/BrtUlw+EJ0PaPHmip0a","previousCounter":0,"rootKey":"rHTrVFxGm7EpzqI2F9K2bnwe6EKNgYvM6p1HC9wzJrQ="},"indexInfo":{"baseKey":"BbCmuT7kaXbEL+EXR/QszBYgnph5mQU18DbzHB8OvW8M","baseKeyType":1,"closed":-1,"used":1713363936717,"created":1713363936717,"remoteIdentityKey":"BXGUNVvEriw/wgrDr6EgMsSomXj+wir7G0WhADY3ljxA"},"_chains":{"BfaBycWPKqrW6uwMZwq7Q5LdMDvU+uBit8v0fWxS7Cxm":{"chainKey":{"counter":0,"key":"cjZP6WIRY6x2BEaaFYFTy7Z3/M8AB0JAId8FAENZbAU="},"chainType":1,"messageKeys":{}}},"pendingPreKey":{"signedKeyId":0,"baseKey":"BbCmuT7kaXbEL+EXR/QszBYgnph5mQU18DbzHB8OvW8M"}}},"version":"v1"}