{"_sessions":{"BZD+TM82Mp9UHZg4dW2mBspSrv644asTIWQCmVAAmJt/":{"registrationId":789259598,"currentRatchet":{"ephemeralKeyPair":{"pubKey":"BUswK3HSODpulWn9SoPpsjDsXQc3VxA1QyDUGlGOoP84","privKey":"GJU6L7nGejSEvSf/KhcBxLbcKtytdCqn6UrnZimbb10="},"lastRemoteEphemeralKey":"BQyUrygRUThrtpD/ELQKnkQOapT3j8mWu0DhlgTxcxJ8","previousCounter":0,"rootKey":"+95agrv3f2cPaABDTH1XJu/YGNsrOzPaV+QdPkHRXuU="},"indexInfo":{"baseKey":"BZD+TM82Mp9UHZg4dW2mBspSrv644asTIWQCmVAAmJt/","baseKeyType":1,"closed":-1,"used":1713363936327,"created":1713363936327,"remoteIdentityKey":"Bf1y3cukD+oU8EqNU9TSIKaD/w1m5X4k30FBomC15f96"},"_chains":{"BUswK3HSODpulWn9SoPpsjDsXQc3VxA1QyDUGlGOoP84":{"chainKey":{"counter":0,"key":"ztXz2of+7W1r6Q5QwUrtjzEWIvJeWEy3e6NxmYxaA98="},"chainType":1,"messageKeys":{}}},"pendingPreKey":{"signedKeyId":4,"baseKey":"BZD+TM82Mp9UHZg4dW2mBspSrv644asTIWQCmVAAmJt/","preKeyId":14048634}}},"version":"v1"}