{"_sessions":{"BSyW08A0OsGeeHPu831AKsfWbNzzixYhvSqogkk77TkA":{"registrationId":643884789,"currentRatchet":{"ephemeralKeyPair":{"pubKey":"BeGsQ74BcInFz/z9QlqY8tSZeXNtwGHZ0lSA4KBK0y5r","privKey":"mPOPAopdobC3KvKYBvjqoFpmvBYi6Dr8M+iCWaaLHHI="},"lastRemoteEphemeralKey":"BW/AYhcmcvh+uFF7t2WOSKhHPAXrT2ssPSIZnFXPjd5H","previousCounter":0,"rootKey":"D0PhIeRo7k1dhxZrh1ET/iZPxmiJLshraFZzn19IaQo="},"indexInfo":{"baseKey":"BSyW08A0OsGeeHPu831AKsfWbNzzixYhvSqogkk77TkA","baseKeyType":1,"closed":-1,"used":1713363937227,"created":1713363937227,"remoteIdentityKey":"BXTdae9aeYhgBsfIwjQ1HHaBHhRiUROnpHi3BDD2WpdQ"},"_chains":{"BeGsQ74BcInFz/z9QlqY8tSZeXNtwGHZ0lSA4KBK0y5r":{"chainKey":{"counter":0,"key":"voy3lcHnHsTtKh6yWidF2Pm3KyGM3H2PzeWqR7kwtfY="},"chainType":1,"messageKeys":{}}},"pendingPreKey":{"signedKeyId":2,"baseKey":"BSyW08A0OsGeeHPu831AKsfWbNzzixYhvSqogkk77TkA","preKeyId":13747355}}},"version":"v1"}