{"_sessions":{"BUDI5xVUzke9gS4cl2nu5k9CXCAqTmlclSxUOblavUY9":{"registrationId":179,"currentRatchet":{"ephemeralKeyPair":{"pubKey":"BeAxgQpmH4EPukyP2EE3npX8yWj7BWLG21YfrMfSikci","privKey":"aPdliZVsjI9vddky6YIcx3oQB2qLigrjcZj4Hj5+D2o="},"lastRemoteEphemeralKey":"BbQznbWzhHSH1DFuq/A0ymLBVOjOsGNMWJIFYr8hGoNA","previousCounter":0,"rootKey":"TIb0eUZvA8J39xl52zNeR2PJ6+dAjdZPuWGOiNB1trQ="},"indexInfo":{"baseKey":"BUDI5xVUzke9gS4cl2nu5k9CXCAqTmlclSxUOblavUY9","baseKeyType":1,"closed":-1,"used":1713363934706,"created":1713363934706,"remoteIdentityKey":"BS4mZQpjyg3ly2Fn4X/wIeNzfk3JNHWwOQ3WgN5zz50l"},"_chains":{"BeAxgQpmH4EPukyP2EE3npX8yWj7BWLG21YfrMfSikci":{"chainKey":{"counter":0,"key":"p4976ETpO6zeaWqC4SJY7+ogcqyQyAzMwNMJKPkFHJM="},"chainType":1,"messageKeys":{}}},"pendingPreKey":{"signedKeyId":1,"baseKey":"BUDI5xVUzke9gS4cl2nu5k9CXCAqTmlclSxUOblavUY9"}}},"version":"v1"}