{"_sessions":{"BZyRUVmde2LsvQsH/r2hQopY1HO1tv6jpZoba3EmMnJf":{"registrationId":949020062,"currentRatchet":{"ephemeralKeyPair":{"pubKey":"BUP9GHgbZKv8k/hYyFTvX30NmawpgFtxU2KY238jeVRY","privKey":"0L6jXfUPawiOHBjAdGjW8wW7Yz9aGnu1BmQOmi5nGlE="},"lastRemoteEphemeralKey":"BUw96x3i2FgHx5/r0HuLa3ThfTLOl7z8bXKAYu6sns9Q","previousCounter":0,"rootKey":"SC2vkKNIZS/87rwaRxdWIQLPoWBq53MiQmcie3zsy5Q="},"indexInfo":{"baseKey":"BZyRUVmde2LsvQsH/r2hQopY1HO1tv6jpZoba3EmMnJf","baseKeyType":1,"closed":-1,"used":1713363935002,"created":1713363935002,"remoteIdentityKey":"Bb3TDa3S8VnTschjCm2LBAuVbCEWeK8yFF7szOahl2Ma"},"_chains":{"BUP9GHgbZKv8k/hYyFTvX30NmawpgFtxU2KY238jeVRY":{"chainKey":{"counter":0,"key":"1raPPuUvQo1yVxXXdNtewajmdZTVUU/R5YRgTEsSVy0="},"chainType":1,"messageKeys":{}}},"pendingPreKey":{"signedKeyId":1,"baseKey":"BZyRUVmde2LsvQsH/r2hQopY1HO1tv6jpZoba3EmMnJf","preKeyId":5978481}}},"version":"v1"}