{"_sessions":{"BdbuOmIeY24QPmOynMUCLET3dPKPsYuzzDQDCBUXqihM":{"registrationId":751435554,"currentRatchet":{"ephemeralKeyPair":{"pubKey":"BSnrDWT0K2C+AmPe3Wf/cpSnLFcLVqXNzQSD9qW9fu5E","privKey":"8K0LIjTn6gyJ6MXQf90S98b/zRtWxANoLYLmQU+rzXY="},"lastRemoteEphemeralKey":"BSAj1gJunpZU20BHhjcP5cqluwc6YZvzb4N5TKyb5fl+","previousCounter":0,"rootKey":"0rdlwhLLBhtTveVvYIUEET+QHOJaCW7ooKtX+W8fxJA="},"indexInfo":{"baseKey":"BdbuOmIeY24QPmOynMUCLET3dPKPsYuzzDQDCBUXqihM","baseKeyType":1,"closed":-1,"used":1713363936512,"created":1713363936512,"remoteIdentityKey":"BR5g+ovsp/KLZrZ7UjP4Oc3Zo/WftA/ZTs2TIANY34U3"},"_chains":{"BSnrDWT0K2C+AmPe3Wf/cpSnLFcLVqXNzQSD9qW9fu5E":{"chainKey":{"counter":0,"key":"CfUMAhsMDmwgGWWQEJwZ6W4UwD78FL0/40ejs6i4onw="},"chainType":1,"messageKeys":{}}},"pendingPreKey":{"signedKeyId":0,"baseKey":"BdbuOmIeY24QPmOynMUCLET3dPKPsYuzzDQDCBUXqihM"}}},"version":"v1"}