{"_sessions":{"BQ0DD27mgEdWSjjV4FZxI7dC0efF9eLDi+ygZ1IlPFsF":{"registrationId":1123504489,"currentRatchet":{"ephemeralKeyPair":{"pubKey":"Bb6bUMTNU5O7y6jYxLJn4GJKdgx0mVTtquZGDt33X54s","privKey":"wBESaEINIlNfm8PKyBjRXnbmYpZGjS+Wf0N/9vaBa2s="},"lastRemoteEphemeralKey":"BVdX3KZl95qHJyiWcq7qRNmN3bC5nXtsL81iGV9xeat5","previousCounter":0,"rootKey":"zhtQjEQ3mNySNGqje591RCrSiybZLwcpEo9Skt1+jAY="},"indexInfo":{"baseKey":"BQ0DD27mgEdWSjjV4FZxI7dC0efF9eLDi+ygZ1IlPFsF","baseKeyType":1,"closed":-1,"used":1713363935179,"created":1713363935179,"remoteIdentityKey":"BWvIgzWFJrV3O0qF3Ye4+jjV4GvuyrOUDFcP8yW6Emc6"},"_chains":{"Bb6bUMTNU5O7y6jYxLJn4GJKdgx0mVTtquZGDt33X54s":{"chainKey":{"counter":0,"key":"qBjpek4uO9LHF+ywuSJt7wUKlrYFtjExoveeua1nCL0="},"chainType":1,"messageKeys":{}}},"pendingPreKey":{"signedKeyId":0,"baseKey":"BQ0DD27mgEdWSjjV4FZxI7dC0efF9eLDi+ygZ1IlPFsF","preKeyId":10791841}}},"version":"v1"}