{"_sessions":{"BYRDn9Z+ntq1EeQWNN2S0TgBeAkzRnKSeRysgYim6UIb":{"registrationId":1911276799,"currentRatchet":{"ephemeralKeyPair":{"pubKey":"BUEPhd5+w7QRWbIAyag7pbpTw5kpzKydWekQnSRgFc52","privKey":"yCl6jV+/ixaGDWu3HzapFfOBrobn+RxvgP7Wikuq/Uw="},"lastRemoteEphemeralKey":"BbuMg8Ka+hlNoQtH4dS7F9myWhuvMxjRQhSyoBXemPxH","previousCounter":0,"rootKey":"gM+laKqevuE77L2wpsnzmgUG+y0uZD6f0KK7Y9sBsxg="},"indexInfo":{"baseKey":"BYRDn9Z+ntq1EeQWNN2S0TgBeAkzRnKSeRysgYim6UIb","baseKeyType":1,"closed":-1,"used":1713363935842,"created":1713363935842,"remoteIdentityKey":"BdevFe942nN7hTxn7GSfpPe2qfvhg2QJyYcPZJyfFXRa"},"_chains":{"BUEPhd5+w7QRWbIAyag7pbpTw5kpzKydWekQnSRgFc52":{"chainKey":{"counter":0,"key":"pL9NllkwQQvs8MJ8MiF+8+ltj6ui+pat8dKrsAzDWWI="},"chainType":1,"messageKeys":{}}},"pendingPreKey":{"signedKeyId":2,"baseKey":"BYRDn9Z+ntq1EeQWNN2S0TgBeAkzRnKSeRysgYim6UIb","preKeyId":6445226}}},"version":"v1"}