{"_sessions":{"BbO+EoMhoTwB3Tpvd8wjdPvBeH5bO4q1JplLvIMIFOc5":{"registrationId":11430,"currentRatchet":{"ephemeralKeyPair":{"pubKey":"BR+xBfqj0xtleu7o+12BLn3bY1H7bZmPjq4m0/EIUzlp","privKey":"IE0shujgXjd/Jkj/7xF4hYo0WLDv501Qc8jvHrGdp2A="},"lastRemoteEphemeralKey":"BZVH0h8rME4ha6juOZDgCTsu242MvNfGUo6l0bP6Yx5O","previousCounter":0,"rootKey":"PYT4XD67yDnDj+nWjAPJLxGBt1VB2vBjwleXyihC6Hs="},"indexInfo":{"baseKey":"BbO+EoMhoTwB3Tpvd8wjdPvBeH5bO4q1JplLvIMIFOc5","baseKeyType":1,"closed":-1,"used":1713363935025,"created":1713363935025,"remoteIdentityKey":"BYzkfWVmFq6ZeNuaixl+THZ9x5oAOlA40TXv0kQtsUME"},"_chains":{"BR+xBfqj0xtleu7o+12BLn3bY1H7bZmPjq4m0/EIUzlp":{"chainKey":{"counter":0,"key":"XXdhm+d8GmeJT6YoLMMGH1xYxMBYtW8TjuAC5IXkybI="},"chainType":1,"messageKeys":{}}},"pendingPreKey":{"signedKeyId":1,"baseKey":"BbO+EoMhoTwB3Tpvd8wjdPvBeH5bO4q1JplLvIMIFOc5"}}},"version":"v1"}