{"_sessions":{"BeZrxcnKv2Wtak1BuhFGaVS85srFQ/XZBHB4iZsLXSRB":{"registrationId":1853675000,"currentRatchet":{"ephemeralKeyPair":{"pubKey":"BSMXeFGzvPXxghdnKsTCgz6jEvMLG/FTjgTjY8cBIr1K","privKey":"kNf97gC4jcMDxPJrvIIrm44CUlV2NLr+RVlLfIVE8HE="},"lastRemoteEphemeralKey":"BQWIoT2e6fNAwpmR6FWX+yVpEBI8qsQQE4r7Eg7StGgv","previousCounter":0,"rootKey":"G6L4mugdvBNdozsHt+ajLba3pVzXyGYEBE9McdodSo8="},"indexInfo":{"baseKey":"BeZrxcnKv2Wtak1BuhFGaVS85srFQ/XZBHB4iZsLXSRB","baseKeyType":1,"closed":-1,"used":1713363934495,"created":1713363934495,"remoteIdentityKey":"BYV33wXdtQ89ai15Ykcmg1d8bU5E440Tgq1wfg7XS0wZ"},"_chains":{"BSMXeFGzvPXxghdnKsTCgz6jEvMLG/FTjgTjY8cBIr1K":{"chainKey":{"counter":0,"key":"4IpYyapsIaNJBZn32SFxytNW3dubmWi/z4RXx3NNVVc="},"chainType":1,"messageKeys":{}}},"pendingPreKey":{"signedKeyId":1,"baseKey":"BeZrxcnKv2Wtak1BuhFGaVS85srFQ/XZBHB4iZsLXSRB"}}},"version":"v1"}