{"_sessions":{"BT/m6DcxGcax30zKiEgrVeDUb9hC3ziamS44W1GQ/1lU":{"registrationId":1781199398,"currentRatchet":{"ephemeralKeyPair":{"pubKey":"BSTReSPKn2fZQOb24gzIQvLFdYWFqSwBLs2ecDUlikt/","privKey":"8CfgGq8+ihE4+uOxxyTtIg31gwUsZLxgyR6zhX8uLX8="},"lastRemoteEphemeralKey":"BeUEPikaNsgxBTouK4rdy3CMjfeFORdg8ta5OYVpzXAV","previousCounter":0,"rootKey":"ZIvvqSXys1JY77I6+VLorYKPWoH8JqM9C+dVxf/y6T8="},"indexInfo":{"baseKey":"BT/m6DcxGcax30zKiEgrVeDUb9hC3ziamS44W1GQ/1lU","baseKeyType":1,"closed":-1,"used":1713363936033,"created":1713363936033,"remoteIdentityKey":"BZxHPl/3XcUqFE5jmBzy81S8ZJ3i2V9pPOPjdXFjdmpJ"},"_chains":{"BSTReSPKn2fZQOb24gzIQvLFdYWFqSwBLs2ecDUlikt/":{"chainKey":{"counter":0,"key":"7W8C8PeMKB7aygEJo00lPZQlWckL8OGRN3r0uxnByFM="},"chainType":1,"messageKeys":{}}},"pendingPreKey":{"signedKeyId":2,"baseKey":"BT/m6DcxGcax30zKiEgrVeDUb9hC3ziamS44W1GQ/1lU","preKeyId":13826128}}},"version":"v1"}