{"_sessions":{"BYlXlcRfQkqCvxP/IZh4Uj/gnIJ6/xDBuvVHnn5sP1k9":{"registrationId":2089884871,"currentRatchet":{"ephemeralKeyPair":{"pubKey":"BdSmC/yQqTGgsLBu8orBrKWxmFrJ30UnBNSY46z/ND0e","privKey":"GHq2ZZmwmMbQymZkirWMLa8egg1zYmYHUNaPTtdTmns="},"lastRemoteEphemeralKey":"BZPxX7i/E0RS1exFq9co1FaN7CMd3SN6RxIiNmrwbjwF","previousCounter":0,"rootKey":"72A0dPXtPj6npn+CpJ1Y+mgT+3r6OZs/tMABQ67XVek="},"indexInfo":{"baseKey":"BYlXlcRfQkqCvxP/IZh4Uj/gnIJ6/xDBuvVHnn5sP1k9","baseKeyType":1,"closed":-1,"used":1713363935789,"created":1713363935789,"remoteIdentityKey":"BcGLU/KZcPOK27+f4iTfrx3a1ECUNSC36+ZYyZqNutFD"},"_chains":{"BdSmC/yQqTGgsLBu8orBrKWxmFrJ30UnBNSY46z/ND0e":{"chainKey":{"counter":0,"key":"a8SnGKnkOg3vVCA7RSNlyZv/DUZpCRjb2L+48SeneM0="},"chainType":1,"messageKeys":{}}},"pendingPreKey":{"signedKeyId":4,"baseKey":"BYlXlcRfQkqCvxP/IZh4Uj/gnIJ6/xDBuvVHnn5sP1k9","preKeyId":13253502}}},"version":"v1"}