{"_sessions":{"Ba83ZlM7K7y+jC5lvE6kOhNO3uZ1iqgBtU2lV5v5h/FO":{"registrationId":1016004570,"currentRatchet":{"ephemeralKeyPair":{"pubKey":"BTxB3kQ2C+kk0cxVoTrRBhV8pkky/RVJXCI4zUk0bK0m","privKey":"cO5acXq/xkadllqftqlLgqTrRAFiNHAUZpWZOJKIKnk="},"lastRemoteEphemeralKey":"BZbK3NydDjuXt8MBAxD5ES7zmQbagP2uEZsjw8uQgFcQ","previousCounter":0,"rootKey":"eqEIUMp0qxh/ZsuNhdhpr1jeqvhdBkjCOHpTWv/eL0o="},"indexInfo":{"baseKey":"Ba83ZlM7K7y+jC5lvE6kOhNO3uZ1iqgBtU2lV5v5h/FO","baseKeyType":1,"closed":-1,"used":1713363935216,"created":1713363935216,"remoteIdentityKey":"BdOuPYlbxb50tQvtyoZxA8iiRqiOr726v7ovdwx0dBYN"},"_chains":{"BTxB3kQ2C+kk0cxVoTrRBhV8pkky/RVJXCI4zUk0bK0m":{"chainKey":{"counter":0,"key":"BonmHGSyFUvh97O387igFq4ciZQZornYTSN3fPyBET8="},"chainType":1,"messageKeys":{}}},"pendingPreKey":{"signedKeyId":0,"baseKey":"Ba83ZlM7K7y+jC5lvE6kOhNO3uZ1iqgBtU2lV5v5h/FO","preKeyId":2050165}}},"version":"v1"}