{"_sessions":{"BYm/mi19aBOay3xSx5aqoIeVOIkgFOBv3a4sOAVa3BIA":{"registrationId":1798134009,"currentRatchet":{"ephemeralKeyPair":{"pubKey":"BYK3gIY9IPFlaLXl2pymZts7YuNG+UA9DczTmPsQnssB","privKey":"kBhCwMXnaTNbdVhPa8WvxGIyGzP1og3lOwDcuDfg32A="},"lastRemoteEphemeralKey":"BfNz2qU5I7hQewApYy74Q0IFT0uBSyfi7CDDgg/7tWhX","previousCounter":0,"rootKey":"aJZueH4Tmy46sQeZjLMU7WzV5E3YAMMAL9Z6gMwiZgE="},"indexInfo":{"baseKey":"BYm/mi19aBOay3xSx5aqoIeVOIkgFOBv3a4sOAVa3BIA","baseKeyType":1,"closed":-1,"used":1713363935402,"created":1713363935402,"remoteIdentityKey":"BUSsKY0YW4y+01wUVKsgpGYMSDfBVz2weWhnZdjv0oYk"},"_chains":{"BYK3gIY9IPFlaLXl2pymZts7YuNG+UA9DczTmPsQnssB":{"chainKey":{"counter":0,"key":"k9JinCg0G9QPPt6eUQMedJEjuflN9CuwAPWWPMVgqP0="},"chainType":1,"messageKeys":{}}},"pendingPreKey":{"signedKeyId":2,"baseKey":"BYm/mi19aBOay3xSx5aqoIeVOIkgFOBv3a4sOAVa3BIA","preKeyId":12772763}}},"version":"v1"}