{"_sessions":{"BahzfSyjO6R9n1qfl64GP3RNjEbQq93CCaMhRyRKfBJe":{"registrationId":1374611549,"currentRatchet":{"ephemeralKeyPair":{"pubKey":"Bb3xQIJnOb/Ha1r4csBbtTzasjDs6KK9hZJ9XtYeE19h","privKey":"QH0AC+esvB5uNk2glP1ldXVzQ3DW2j8qkYIxhCKR2l4="},"lastRemoteEphemeralKey":"BZKiukMkEIBJTUdZwVIUL2pFQIP+5JGtUtnp7Z/CVVYd","previousCounter":0,"rootKey":"6nXauDT15adERpcbysI/LxZwlA33VeSVkbUJtB2j4h8="},"indexInfo":{"baseKey":"BahzfSyjO6R9n1qfl64GP3RNjEbQq93CCaMhRyRKfBJe","baseKeyType":1,"closed":-1,"used":1713363936845,"created":1713363936845,"remoteIdentityKey":"BfuZn7aPsMGK2DsrV0+NZg+M0wd72pkclt9rlHUvg0pE"},"_chains":{"Bb3xQIJnOb/Ha1r4csBbtTzasjDs6KK9hZJ9XtYeE19h":{"chainKey":{"counter":0,"key":"OHH0JTfZc9CFZ343+dpwm4SPSjiNLMz6967WTX9haoE="},"chainType":1,"messageKeys":{}}},"pendingPreKey":{"signedKeyId":0,"baseKey":"BahzfSyjO6R9n1qfl64GP3RNjEbQq93CCaMhRyRKfBJe","preKeyId":11465505}}},"version":"v1"}