{"_sessions":{"BajMsB8XQIPNXTGVqloBh5Y1ABmgvkrgGgrYAGsarbEn":{"registrationId":1859967432,"currentRatchet":{"ephemeralKeyPair":{"pubKey":"BSbUK4GQrOHklheqT8lrb5v8qZFpVMvXu9erDS1Ih6tK","privKey":"oHjoJlrjhQQk5C9vmBjXyOC3V4NIvy6v+Ep1biAegFc="},"lastRemoteEphemeralKey":"BY0GmCMn20o/tsOMatiYmUuo7k4Ry7JThb7KRebiFbwX","previousCounter":0,"rootKey":"UDIh0cJnI5E/FwP2zurfVn4FVJpB7VNRqC+zkC/B9j4="},"indexInfo":{"baseKey":"BajMsB8XQIPNXTGVqloBh5Y1ABmgvkrgGgrYAGsarbEn","baseKeyType":1,"closed":-1,"used":1713363936728,"created":1713363936728,"remoteIdentityKey":"BbRp/KPc4VYNJbCOWUh6DdFPMX3PgCc2T6b8GD9Lfc0X"},"_chains":{"BSbUK4GQrOHklheqT8lrb5v8qZFpVMvXu9erDS1Ih6tK":{"chainKey":{"counter":0,"key":"tc+Bkdz4xRjabrwsLWtOwvyX1fmSbvYhe8pWARSoreQ="},"chainType":1,"messageKeys":{}}},"pendingPreKey":{"signedKeyId":1,"baseKey":"BajMsB8XQIPNXTGVqloBh5Y1ABmgvkrgGgrYAGsarbEn"}}},"version":"v1"}