{"_sessions":{"BUI03Q6eJusU2yN0oYlOy/GjVOFoXuSW12Bnd0H6EuAw":{"registrationId":76,"currentRatchet":{"ephemeralKeyPair":{"pubKey":"BW6hdu9y6jgAXb48yzOxd4dGB6NjIWp/ETyIA8vjDylw","privKey":"WBAfRGEapfVmSc6ohw5HyZoYHDKKl5PeNugT2c9k8Wk="},"lastRemoteEphemeralKey":"BTW7NU7nb4EFKv4//kX5ow3XnuKVRD1jpaXnFJVEODVU","previousCounter":0,"rootKey":"Idz2lVASY0SokfNxehZBP2h495iBbx4OihhIkqFsKmI="},"indexInfo":{"baseKey":"BUI03Q6eJusU2yN0oYlOy/GjVOFoXuSW12Bnd0H6EuAw","baseKeyType":1,"closed":-1,"used":1713363934433,"created":1713363934433,"remoteIdentityKey":"BVGCEk/JmL2fyWajMPBNgaxgMU/HIQh9ltb8eIyC6scX"},"_chains":{"BW6hdu9y6jgAXb48yzOxd4dGB6NjIWp/ETyIA8vjDylw":{"chainKey":{"counter":0,"key":"5UJS3v+Zs3V9Nvpzi8MX8lPYnix0ZKEHlTDXPNU/bD4="},"chainType":1,"messageKeys":{}}},"pendingPreKey":{"signedKeyId":1,"baseKey":"BUI03Q6eJusU2yN0oYlOy/GjVOFoXuSW12Bnd0H6EuAw"}}},"version":"v1"}