{"_sessions":{"BTgD2K1UhP6WzWs5SxpXTrqWvtWTm7b4qhaTocmal89A":{"registrationId":412268178,"currentRatchet":{"ephemeralKeyPair":{"pubKey":"BS/b19bZlZM/9JIY9P3l9+6VFTDm6r7+sdBY+QkAGb5o","privKey":"YHrakqeFcb0/pzryZ/OHTjkSdBzGnF+N4DafUzqNYUY="},"lastRemoteEphemeralKey":"BevmDKPZO7bzROD+n6m8kz+BgFzGVCDZfwGtms38zpcK","previousCounter":0,"rootKey":"WXMM4rbRfprB57nXBJ3dLLZliyCkaGeOo9jVtFW7y+c="},"indexInfo":{"baseKey":"BTgD2K1UhP6WzWs5SxpXTrqWvtWTm7b4qhaTocmal89A","baseKeyType":1,"closed":-1,"used":1713363935291,"created":1713363935291,"remoteIdentityKey":"BZ0SvT9IU6bwnyKNx9d7T01FuhKaz1+NSiPQVWNv3IJ7"},"_chains":{"BS/b19bZlZM/9JIY9P3l9+6VFTDm6r7+sdBY+QkAGb5o":{"chainKey":{"counter":0,"key":"EPgXmuo4V9sj9p+Rbc5oDMQjHlItmdc2WXCTXKfMV4U="},"chainType":1,"messageKeys":{}}},"pendingPreKey":{"signedKeyId":1,"baseKey":"BTgD2K1UhP6WzWs5SxpXTrqWvtWTm7b4qhaTocmal89A","preKeyId":1029349}}},"version":"v1"}