{"_sessions":{"BVOlnhpelF2DTKguQLwpsUVAIFn31ghOxCOcSDDfKq8I":{"registrationId":647069969,"currentRatchet":{"ephemeralKeyPair":{"pubKey":"BVXd/oEjyk5grmAZRuapRJmccAa1FOrolc+SUdM+FBk5","privKey":"UBEFYM/3A9wnQ3lKTnRcsq603lvT09eIfCgXMGHU91E="},"lastRemoteEphemeralKey":"BQLjhEPMBXO3G0fb0VLVigBxB+C+dSGMYftOUiSEtv9c","previousCounter":0,"rootKey":"tefbYsO0J92Yye2dUzsIzLWMscJuPDVsiP5HJ53J19o="},"indexInfo":{"baseKey":"BVOlnhpelF2DTKguQLwpsUVAIFn31ghOxCOcSDDfKq8I","baseKeyType":1,"closed":-1,"used":1713363935195,"created":1713363935195,"remoteIdentityKey":"BfDqVBUX7AUwkbisqeNb47NMg62Ez7jpNANa34NAZ949"},"_chains":{"BVXd/oEjyk5grmAZRuapRJmccAa1FOrolc+SUdM+FBk5":{"chainKey":{"counter":0,"key":"Rv+wX3N0Z8mnv7JkQjd9Ud3OIkk/kivI3BZF07/X6W4="},"chainType":1,"messageKeys":{}}},"pendingPreKey":{"signedKeyId":1,"baseKey":"BVOlnhpelF2DTKguQLwpsUVAIFn31ghOxCOcSDDfKq8I"}}},"version":"v1"}