{"_sessions":{"BSUm1FJa/J8Cg2F4c9cF3N5cf3dCsbxLirZYdjkDVrJU":{"registrationId":1824656907,"currentRatchet":{"ephemeralKeyPair":{"pubKey":"Bcbu4FxVC21Fn4hyRbGDBZoJBTmZWQrW4Z6Lbc8+uUZo","privKey":"cMWoeM3EuE/Qv3rDYkxeETos33xDCwgrDeaIsP7fSl0="},"lastRemoteEphemeralKey":"BVgUsSdHlYBdIyhHfpejskJI6MxL8ISfTZzyfD2gFskS","previousCounter":0,"rootKey":"T+mBE0A8gLCsq4sNa0bmgrREDW9STkl2bdHxPEH7gMA="},"indexInfo":{"baseKey":"BSUm1FJa/J8Cg2F4c9cF3N5cf3dCsbxLirZYdjkDVrJU","baseKeyType":1,"closed":-1,"used":1713363936782,"created":1713363936782,"remoteIdentityKey":"BeldRxw/ONC183lPI6bWx3UxFoBaC6j5Q80KiAAd7/MY"},"_chains":{"Bcbu4FxVC21Fn4hyRbGDBZoJBTmZWQrW4Z6Lbc8+uUZo":{"chainKey":{"counter":0,"key":"ubqRUQHJEpHBIZZCuQ4O3+AR/bskWZLDWjJZLBoqHFI="},"chainType":1,"messageKeys":{}}},"pendingPreKey":{"signedKeyId":1,"baseKey":"BSUm1FJa/J8Cg2F4c9cF3N5cf3dCsbxLirZYdjkDVrJU","preKeyId":11950803}}},"version":"v1"}