{"_sessions":{"BaQb0DzYkPrClHEOLwsfvAFGHp4WNqngBVv3iLAKmaQE":{"registrationId":1813749518,"currentRatchet":{"ephemeralKeyPair":{"pubKey":"BaElPdR3F1dIY78OUEpfo0rNRKUwEV3RauZBRcXxLvND","privKey":"+Lya2B+wscyAbaqqQtn8dKwrwq9hCNJzmm+AUT9oeFA="},"lastRemoteEphemeralKey":"BaxELCp9Pbr1TY17hvF6qgUPDCmz3Kh+n8oTT7NjpM8k","previousCounter":34,"rootKey":"UEaTgyD5J+UrP5hAr/kegx9aS54wypc903vaKP5A+M0="},"indexInfo":{"baseKey":"BaQb0DzYkPrClHEOLwsfvAFGHp4WNqngBVv3iLAKmaQE","baseKeyType":2,"closed":-1,"used":1713369988571,"created":1713360045668,"remoteIdentityKey":"BRiO0CpIJjHQAxHru5crlahxf4pv8sc5OB76OU1b/fh2"},"_chains":{"BSFNp2IoPHbrLKvfHpd47LJ1HcIeg9Cayevrvs7FmncV":{"chainKey":{"counter":1},"chainType":2,"messageKeys":{}},"Bcd4pu+uNaFmFhkSAoLKDM/c3f93catupNFbBqLg8C1p":{"chainKey":{"counter":0},"chainType":2,"messageKeys":{}},"Bf2f0ukURzxOq/ldqBs2+SLGYonPhK4Mkx0qIpwoPVhR":{"chainKey":{"counter":1},"chainType":2,"messageKeys":{}},"BXpA7gyvXJKFZaFpZO4KbSSWVD46VGv8Dy+mk5ToxOo6":{"chainKey":{"counter":0},"chainType":2,"messageKeys":{}},"BQnHIvuSNq+V5AHEnWogJuh64FTPpcVc7BnY1c7fuh0x":{"chainKey":{"counter":2},"chainType":2,"messageKeys":{}},"BcTeUBMlooy+8JYPDDv6YFTyGI6EEtHUYye2MfneHXtc":{"chainKey":{"counter":1},"chainType":2,"messageKeys":{}},"BaxELCp9Pbr1TY17hvF6qgUPDCmz3Kh+n8oTT7NjpM8k":{"chainKey":{"counter":24,"key":"MTnPRxua9xtX4nYEgiMhnjq+lbYIiHXC+lK2k32I+V4="},"chainType":2,"messageKeys":{"0":"AxnbqejCBYMdgH+LmwQj3uV3Xjv02qoj0ErJPM65tUY="}},"BaElPdR3F1dIY78OUEpfo0rNRKUwEV3RauZBRcXxLvND":{"chainKey":{"counter":4,"key":"FjsWO+e8vs1enscVCaM8kUutXjczhU6RsstqfC0wGS0="},"chainType":1,"messageKeys":{}}}}},"version":"v1"}