{"_sessions":{"BZHBh7gNqB/9PUckQ5NDwycarEeBjQ1fug9guoHGxt4v":{"registrationId":1032472835,"currentRatchet":{"ephemeralKeyPair":{"pubKey":"BaguSo29LTugHIdvJ2K/qsgEWxwXEipL6PL9e73uZG1x","privKey":"KBLRUDKPyB40D2JghrKkHfsxM2Svusmrrc1T3KO6sns="},"lastRemoteEphemeralKey":"BZsoWt/QPnpqmy/9zx+wm4HOA4GfUR10GcnEAl0k2/EZ","previousCounter":0,"rootKey":"iVI8Olgklpmu458IUZsswHbvdilPmYQhTssYicXtL0Q="},"indexInfo":{"baseKey":"BZHBh7gNqB/9PUckQ5NDwycarEeBjQ1fug9guoHGxt4v","baseKeyType":1,"closed":-1,"used":1713363936107,"created":1713363936107,"remoteIdentityKey":"BYSue3yX2NDFnj2pbeqCoz/qBzA+L7VzCwUitTy90HAm"},"_chains":{"BaguSo29LTugHIdvJ2K/qsgEWxwXEipL6PL9e73uZG1x":{"chainKey":{"counter":0,"key":"rBrzTPWXOrqMx3uhuHrcag2pb04eFvGtm389IfiKIjA="},"chainType":1,"messageKeys":{}}},"pendingPreKey":{"signedKeyId":2,"baseKey":"BZHBh7gNqB/9PUckQ5NDwycarEeBjQ1fug9guoHGxt4v","preKeyId":8000185}}},"version":"v1"}