{"_sessions":{"BWl3mtsDFpiLtpxe6g9+3WAVLO8fMP3cZNrGnTEN0WUX":{"registrationId":947836688,"currentRatchet":{"ephemeralKeyPair":{"pubKey":"BeIIFInZWW5QIg2ZwTxD3jM8KnGq82+xHWn/gQjaExQs","privKey":"8P5H5rRKFpgN22m35sMXBA6GgB/c2uo8c4dNaa/DHHE="},"lastRemoteEphemeralKey":"BWthq3JwqEEJ7Gew8d0u6Z7E5TBMRCnvfs08IOWuHJVO","previousCounter":0,"rootKey":"53waeR2KdYEQSTsaZ6Vb0Q5MAZ1jGR6eW+ueg/iLwVE="},"indexInfo":{"baseKey":"BWl3mtsDFpiLtpxe6g9+3WAVLO8fMP3cZNrGnTEN0WUX","baseKeyType":1,"closed":-1,"used":1713363935794,"created":1713363935794,"remoteIdentityKey":"BXkPY9/C7RHqaqFu38ZHDKq+vEiJ1UlBdnlJBUTk9MVh"},"_chains":{"BeIIFInZWW5QIg2ZwTxD3jM8KnGq82+xHWn/gQjaExQs":{"chainKey":{"counter":0,"key":"7qPzhMMn1IUNcHQHaaa29I/l8vwl3ClzWlQEf1RdsAg="},"chainType":1,"messageKeys":{}}},"pendingPreKey":{"signedKeyId":4,"baseKey":"BWl3mtsDFpiLtpxe6g9+3WAVLO8fMP3cZNrGnTEN0WUX"}}},"version":"v1"}