{"_sessions":{"BYzFwLaTJTE3YI3CkBHXs77XroZVTAuvgNU1TUIrOnIc":{"registrationId":1077217009,"currentRatchet":{"ephemeralKeyPair":{"pubKey":"BX62Betk7ANeW9axQVKQ7UPApIaQ4ixee7Tv6V0qZtcM","privKey":"eFS7vUPY8I0YbXURrnHST/5meuq0IGYV3zwy0frk8EU="},"lastRemoteEphemeralKey":"BZUFOnPDqbzv+bCBDGR3lR+Qkk8wi4YDZ7G0FSZyDlkj","previousCounter":0,"rootKey":"oO1bQtuSvoVbeXKZJQepp1WYsa9HjpX8A2bycxD9L2w="},"indexInfo":{"baseKey":"BYzFwLaTJTE3YI3CkBHXs77XroZVTAuvgNU1TUIrOnIc","baseKeyType":2,"closed":-1,"used":1713363749031,"created":1713362163987,"remoteIdentityKey":"BbQ4siyJy82+FHipq61UrhOsCNjBHv2MDeI3zkxCmk1w"},"_chains":{"BU6Fn+Vxv8m9CO40flwifaGFb8pLPZ0qtxIq00Kt5nZp":{"chainKey":{"counter":0},"chainType":2,"messageKeys":{}},"BdLeXYX8y+Guwsv5ZVaAs7qxjvPFiDO+6vkHkMjEkeZH":{"chainKey":{"counter":1},"chainType":2,"messageKeys":{}},"BWoE7ZRdmXFN68IHVba3auYw0N5YKcvHn1mv90+uLH9p":{"chainKey":{"counter":2},"chainType":2,"messageKeys":{}},"BUnKVf5SHJA2CDYZ9kRTNhtdI7kVFL1ssLlkvw73jAUw":{"chainKey":{"counter":0},"chainType":2,"messageKeys":{}},"BeGYgMMR9hpRnViPeI62HkX5PBRZu/DtOlIVJEi20LpN":{"chainKey":{"counter":1},"chainType":2,"messageKeys":{}},"BaQr8UmE7Uuviw16xDz8/D1VAwlgSd9V3g4QdKNDR4NO":{"chainKey":{"counter":1},"chainType":2,"messageKeys":{}},"BWSdBu2ydC5csq9bzHoqA4eQgL6F/1m+h+WAxdLN8fxt":{"chainKey":{"counter":1},"chainType":2,"messageKeys":{}},"BcS9IaepzEP9RR1/OC6k0/2ybJo3bovsAUBOyjnk5tk1":{"chainKey":{"counter":0},"chainType":2,"messageKeys":{}},"BTMzwdZSGkRVGorFhzFk6tOQ3CTcAtgX9LrlMZJdkpRZ":{"chainKey":{"counter":1},"chainType":2,"messageKeys":{}},"Be1akUxVCKHgwavQUm5u9/gHz8oIyzK7CvNMe1ACYl8J":{"chainKey":{"counter":0},"chainType":2,"messageKeys":{}},"BZUFOnPDqbzv+bCBDGR3lR+Qkk8wi4YDZ7G0FSZyDlkj":{"chainKey":{"counter":1,"key":"FL0ZPnh2JopEkA5iOps5Oa/d2E3UrNfOs6B5BZnEdM0="},"chainType":2,"messageKeys":{}},"BX62Betk7ANeW9axQVKQ7UPApIaQ4ixee7Tv6V0qZtcM":{"chainKey":{"counter":0,"key":"pkCphpfJdx779L2o+2i7qKh8QmuhuXctTS7FjMsgEWs="},"chainType":1,"messageKeys":{}}}}},"version":"v1"}