{"_sessions":{"BU0colEdo7LYlaIHwom0gVk4z8CwH92/2VEWMqOEkGtC":{"registrationId":1208225078,"currentRatchet":{"ephemeralKeyPair":{"pubKey":"BblVFKcqhvrvZdd8cRpHXT50necng8UaCVViiOD1dgIe","privKey":"iC5r3WcWz/wprv0kN+Brm0UW0Sun6OFcO6fEDnvrcXU="},"lastRemoteEphemeralKey":"BboS7J54otpvn4i5KsWWewrPc2wVezGSSof65+4j4QZO","previousCounter":0,"rootKey":"0+57ZkDrb9Hyo/qNppJXo8kpHxVA8R7gyC9wAj3FUEY="},"indexInfo":{"baseKey":"BU0colEdo7LYlaIHwom0gVk4z8CwH92/2VEWMqOEkGtC","baseKeyType":1,"closed":-1,"used":1713363936577,"created":1713363936577,"remoteIdentityKey":"BZ3Qz9B4Ji+Rf8o9fK2sJhCH44rHMbbBAe8TUnBveCw7"},"_chains":{"BblVFKcqhvrvZdd8cRpHXT50necng8UaCVViiOD1dgIe":{"chainKey":{"counter":0,"key":"IHaBhwdE4QAQJh2GKXgD65Mwyu7gQPqh4jJfopH54W0="},"chainType":1,"messageKeys":{}}},"pendingPreKey":{"signedKeyId":4,"baseKey":"BU0colEdo7LYlaIHwom0gVk4z8CwH92/2VEWMqOEkGtC","preKeyId":11044226}}},"version":"v1"}