{"_sessions":{"BQSWDEssljxYHBXKO1BdK4xxxyBHva7r3JXS4L2OAtsu":{"registrationId":923778988,"currentRatchet":{"ephemeralKeyPair":{"pubKey":"BVFnXfUTXbPnU2IJDSbRBxPyRVL+haHCS5YRpeuT+4I+","privKey":"IDXKx4eMXTOSgYKKr3vepu5wmZP5dmRv8ao3XPs7knA="},"lastRemoteEphemeralKey":"Bcfj6GtFZuWQxCxB/A2bExgUqto9p1Mi+otzl4sldhh7","previousCounter":0,"rootKey":"FUddJuwX00T2Hs95WsuyGvN+Xcb/bjxQ6mM8tS15nX8="},"indexInfo":{"baseKey":"BQSWDEssljxYHBXKO1BdK4xxxyBHva7r3JXS4L2OAtsu","baseKeyType":1,"closed":-1,"used":1713363936096,"created":1713363936096,"remoteIdentityKey":"BViksyy6fdQ6okj7z9bh0OxNGJXOo3a747sMGgNr3swx"},"_chains":{"BVFnXfUTXbPnU2IJDSbRBxPyRVL+haHCS5YRpeuT+4I+":{"chainKey":{"counter":0,"key":"bjtMOuGThRTW8fdzBS3QeusnIVRv6sHkUu54z899Ywg="},"chainType":1,"messageKeys":{}}},"pendingPreKey":{"signedKeyId":1,"baseKey":"BQSWDEssljxYHBXKO1BdK4xxxyBHva7r3JXS4L2OAtsu"}}},"version":"v1"}