{"_sessions":{"Bf0XyTGJwcsP98EZBH4yCiLPvoVqmxq+VS6z1v31GKMQ":{"registrationId":2032618571,"currentRatchet":{"ephemeralKeyPair":{"pubKey":"BaU0vbS/g0WmM6PU+l40KkLg6XDqqLrqNPl3UviAanNS","privKey":"EMOQu13DxP4A11UyE0If8+KiJovVvCjkbPH0iRIcZlA="},"lastRemoteEphemeralKey":"BTgSLwu03vrxDB1gabXA26z5aFfgre3irmd6Oxt8W+or","previousCounter":0,"rootKey":"V0NVFS92Y/spfYyrzQBy0jb28g0uSlAVf5u+I7p2QxE="},"indexInfo":{"baseKey":"Bf0XyTGJwcsP98EZBH4yCiLPvoVqmxq+VS6z1v31GKMQ","baseKeyType":1,"closed":-1,"used":1713363937198,"created":1713363937198,"remoteIdentityKey":"BVhymIqENyzDARS9BCaVmf4/OXu9c/zTM2tUAomO4mk1"},"_chains":{"BaU0vbS/g0WmM6PU+l40KkLg6XDqqLrqNPl3UviAanNS":{"chainKey":{"counter":0,"key":"POhjIOzAm6Yus4rbhdkkCZIgRn/OufWremKwxSeToQY="},"chainType":1,"messageKeys":{}}},"pendingPreKey":{"signedKeyId":0,"baseKey":"Bf0XyTGJwcsP98EZBH4yCiLPvoVqmxq+VS6z1v31GKMQ","preKeyId":15856571}}},"version":"v1"}