{"_sessions":{"BTxqN/02+us5/dZKGHqRjbUC5MTmW5N7MTHiMCj/OrNS":{"registrationId":1906749296,"currentRatchet":{"ephemeralKeyPair":{"pubKey":"BTxc6O55665heR2WvO9TJM9wDYcEjDc7JNnZ08agVIBp","privKey":"8LMORu0IMYUfhkHzrybh+XBM7nVPQ3d3KC3+InISw3g="},"lastRemoteEphemeralKey":"BVOh8SGsypXZ0bdBQvL8LVz9s3/jKVMbfMrRwYqB8dlC","previousCounter":0,"rootKey":"Jne45a6xV1BILh5kte0c7NwC2n5gts9HDUNr32PC414="},"indexInfo":{"baseKey":"BTxqN/02+us5/dZKGHqRjbUC5MTmW5N7MTHiMCj/OrNS","baseKeyType":1,"closed":-1,"used":1713363935421,"created":1713363935421,"remoteIdentityKey":"Bflz5kKUCWutvtU51oQXkixbrVak8umhcVTmCbf/PcJi"},"_chains":{"BTxc6O55665heR2WvO9TJM9wDYcEjDc7JNnZ08agVIBp":{"chainKey":{"counter":0,"key":"pKuQrRxj7J3f9AMlMSC99dimMSZQ51BeVMLgpq5rF0E="},"chainType":1,"messageKeys":{}}},"pendingPreKey":{"signedKeyId":8,"baseKey":"BTxqN/02+us5/dZKGHqRjbUC5MTmW5N7MTHiMCj/OrNS","preKeyId":6256199}}},"version":"v1"}